:020000022000DC
:1070000080500020DDA40200952A0300C9A40200DC
:10701000C9A40200C9A40200C9A402000000000023
:10702000000000000000000000000000B5A5020004
:10703000C9A402000000000051A50200C9A402007A
:1070400089A7020089A7020089A7020089A7020078
:1070500089A7020089A7020089A7020089A7020068
:1070600089A7020089A7020089A7020089A7020058
:1070700089A7020089A7020089A7020089A7020048
:1070800089A7020089A7020089A7020089A7020038
:1070900089A7020089A7020089A7020089A7020028
:1070A00089A7020089A7020089A7020089A7020018
:1070B00089A7020089A7020089A7020089A7020008
:1070C00089A7020089A7020089A7020089A70200F8
:1070D00089A7020089A7020089A7020089A70200E8
:1070E00089A7020089A7020089A7020089A70200D8
:1070F00089A7020089A7020089A7020089A70200C8
:107100007BB972B90029BEBF00204FF0004106E0F4
:1071100008BF00281CBF6FF000414FF0FF3000F0A7
:1071200057B8ADF1080C6DE904CE002909DB002B3E
:107130001ADB00F069F8DDF804E0DDE9022304B0B1
:107140007047404261EB4101002B1BDB00F05CF813
:10715000DDF804E0DDE9022304B0404261EB4101C7
:10716000524263EB43037047524263EB430300F028
:107170004BF8DDF804E0DDE9022304B0404261EBA6
:1071800041017047524263EB430300F03DF8DDF8E4
:1071900004E0DDE9022304B0524263EB430370478D
:1071A00053B94AB9002908BF00281CBF4FF0FF316E
:1071B0004FF0FF3000F00CB8ADF1080C6DE904CED3
:1071C00000F022F8DDF804E0DDE9022304B07047A6
:1071D000704700BF10F8012B11F8013B012A28BFAE
:1071E0009A42F7D0D01A7047034611F8012B03F8E2
:1071F000012B002AF9D17047034613F8012B002A0E
:10720000FBD1181A013870472DE9F04786468C46A5
:107210000846089E154674461946002B40F0C28069
:107220008542B2FA82F245D94AB1C2F1200300FA8E
:1072300002FC2EFA03F3954043EA0C0C94404FEA0B
:10724000154EA8B2BCFBFEF8230C0EFB18CC08FBB5
:1072500000F943EA0C43994528D9EB1808F1FF37A8
:1072600004D2994502D9A8F102072B44A3EB0903E4
:10727000A4B2B3FBFEFC0EFB1C330CFB00F044EA93
:107280000344A04214D92C190CF1FF3304D2A042BC
:1072900002D9ACF102032C44241A43EA07401EB180
:1072A000D440002334607360BDE8F0874746DDE7D3
:1072B0006346F1E792BB431B01214FEA154EAFB283
:1072C000B3FBFEFC200C0EFB1C330CFB07F840EA62
:1072D0000343984562D9EB180CF1FF3004D298456E
:1072E00002D9ACF102002B44A3EB0803A4B2B3FB18
:1072F000FEFC0EFB1C330CFB07F744EA0344A742D9
:107300004ED92C190CF1FF3304D2A74202D9ACF1AB
:1073100002032C44E41B43EA0040C0E7C2F120030F
:1073200020FA03F1954090402EFA03F303434FEA0D
:10733000154EAFB2B1FBFEFC0EFB1C10190C0CFB82
:1073400007F841EA0041884504FA02F422D9691895
:107350000CF1FF3004D2884502D9ACF10200294477
:10736000A1EB08019BB2B1FBFEFC0EFB1C110CFB58
:1073700007F743EA01439F420ED9EB180CF1FF31A6
:1073800004D29F4202D9ACF102012B44DB1B41EA3B
:10739000004192E76046E3E76146F7E76046A3E70E
:1073A0006346B7E7834206D916B9002108467BE752
:1073B000C6E900E0F9E7B3FA83F78FB9834201D356
:1073C000724508D8BEEB020460EB030301209C4623
:1073D0001EB9002168E73846FAE7C6E9004CF8E72D
:1073E000C7F1200CBB4022FA0CF41C432EFA0CF11E
:1073F00020FA0CF3B84001434FEA14490EFA07F59E
:10740000B3FBF9F81FFA84FE09FB18300B0C08FBDC
:107410000EFA43EA00439A4502FA07F240D9E3180C
:1074200008F1FF3004D29A4502D9A8F102002344A2
:10743000A3EB0A0389B2B3FBF9F809FB183308FB85
:107440000EFE41EA03418E452CD9611808F1FF3345
:1074500004D28E4502D9A8F10203214443EA004038
:10746000A0FB0298A1EB0E014145CE46434602D354
:1074700006D14D4504D2B9EB020E68EB0403013886
:10748000002EA6D0B5EB0E0261EB030101FA0CFC55
:1074900022FA07F34CEA0303F940C6E9003198E702
:1074A0004046C5E74346D9E72DE9F047064688B090
:1074B0000F4690460EF0C5FB4FF47A73A0FB0345D0
:1074C00003FB0155E40B012F44EA45444FEAD5354F
:1074D00007D1294922462B4630460AF0B5FB002049
:1074E00012E0D8F8047025483946FFF773FE70B1F2
:1074F00023483946FFF76EFE48B1304621493A46E7
:107500000AF0BEFB6FF0040008B0BDE8F08720462B
:10751000294617A3D3E90023FFF7F2FD05460C46E1
:1075200010461946184A0023FFF7EAFD80460F4629
:10753000104619464EF660220023FFF7E1FD824611
:107540008946104619464FF47A720023FFF7D8FD9A
:10755000CDE902A9CDE90623CDE90401CDE90087F3
:107560000A492A46234630460AF06EFBB7E700BFB9
:10757000005C260500000000D46D0300E56D0300EB
:10758000E86D0300F16D030080EE3600096E030024
:1075900030B5124889B009F035FF114D114900226C
:1075A0000023CDE9062300240523CDE90334CDE9EA
:1075B00001440D4B00944FF40052284608F012F994
:1075C0000A49284608F03EF8094809F01BFF094817
:1075D00009F018FF204609B030BD00BFB26C0300AF
:1075E000E0040020C0130020F9750200C66C0300FF
:1075F000D16C0300EC6C030008B5044809F002FFED
:1076000000214FF400400EF073FAF9E7FD6C03001F
:1076100030B50446EFF31185202383F31288BFF3BE
:107620006F8F044B0FCB84E80F0085F31188BFF3F5
:107630006F8F30BDA005002001281FB50C4605D076
:10764000042822D06FF0150004B010BD0EF0F9FA36
:10765000174AC30BC0F30E00A0FB0202C00B43EAA3
:10766000414340EA4240C90BC4E90031A06068468A
:10767000FFF7CEFF6946204609F092FE18B90D4B80
:107680000FCB84E80F000020DEE70EF0DAFA084A9C
:10769000C30BC0F30E00A0FB0202C00B43EA414340
:1076A00040EA4240C90BC4E90031A060EBE700BFEB
:1076B00000CA9A3BB065030001287FB50C4634D15F
:1076C0008A681B4B9A4230D80EF0BBFAC20B42EAD2
:1076D000414252424FEAD13363EB4303CDE90023E9
:1076E000144AC0F30E00A0FB0202C30B43EA42435C
:1076F0006D465B422846029300F0E6F82146284694
:1077000009F04EFEEFF31186202383F31288BFF3B6
:107710006F8F95E80F00084C84E80F0086F31188FE
:10772000BFF36F8F002004B070BD6FF01500FAE753
:10773000FFC99A3B00CA9A3BA0050020014B1B6879
:10774000184700BFD0000020014B1860704700BFF1
:10775000D000002030B585B004460D46102200212F
:1077600068460EF07DFB02238DF802302A46044B5A
:1077700001932146684609F0DDF905B030BD00BF30
:107780003D77020080B505460E461746984608F03C
:1077900083FB03460EF02CFCDFF81890044649F8F2
:1077A0000030424630463946A84754F8090002F0F6
:1077B000B9FE00BF080000002DE9F84344690569DF
:1077C000C76840F26C73E1170135E41841F100011C
:1077D000022D8CBF00230123E41A61F1000100296E
:1077E000064607F1FF3751DA6FF4C77020184FF4DF
:1077F000C8724FF0000361F10001FFF781FC264BD6
:1078000003FB0044D6E90083B6684FEAE37C4FF0FF
:107810003C0E99466346C6FB0E93A9FB0EC60EFBB3
:107820000366A30840F26D1E022D0EFB04330246D0
:107830003B448CBF6FF00200092064270544B4FB71
:10784000F7F499201B1B154C45431CEB080C4FF01B
:10785000050005F10205B5FBF0F5A2FB04202B4461
:1078600004FB010146EBE87698180D4A41F100034C
:1078700080180C4A63F10003A0FB020102FB031114
:1078800010EB0C0041EB0601BDE8F8834FF4C87221
:1078900000232046B1E700BF70FEFFFFB13A0200AF
:1078A0009405F5FF8051010010B5FFF785FF0246F2
:1078B0000EF09EFB0B460349002444501046194627
:1078C00010BD00BF0C00000070B5204B82689A42CA
:1078D00016DDD0E90016012976F1000503F1010358
:1078E00092FBF3F34FEAE3741DDAC91844EB060484
:1078F000C0E90014164901FB03238360012070BD19
:10790000002AFBDAD0E900410029124EA3EB020362
:10791000B3FBF6F310DA01F100459C4275F1000566
:107920000ADA0020EBE7CD439D426FF00045A5EB5E
:107930000605A541D9DAF4E7E41A61F1000106FB76
:107940000322C0E900418260D8E700BFFFC99A3B2B
:10795000003665C400CA9A3B2DE9F047058B044602
:107960002807904611D4022905F0070540F0CC8085
:10797000204609F06FFD78B10138218B042811D819
:10798000DFE800F0C2106D85950001290CBF45F0BD
:10799000100545F02005258388F31188BFF36F8F0C
:1079A000BDE8F08701F0070AAA4500F0A58000278E
:1079B000B9463E46A368002B00F0BC8041F00801A8
:1079C000218388F31188BFF36F8FA168002900F02D
:1079D000BA800D68002900F0B680D1F804803346E3
:1079E00052462046C047002D76D02B6829461D46BA
:1079F000F0E701F007035A1F012A1BD8002221F0EB
:107A00000701062B276889B2C4E9002209D13B4649
:107A100003E0628B013262831B68002BF9D141F0D5
:107A200002012183204609F015FD00287AD041F09B
:107A3000200176E0042B0AD121F0070189B22183CD
:107A4000204609F007FD10B141F020012183218B70
:107A500001F0070AAA454FD00027B946AAE72369D3
:107A600021F0070141F00601062DD3F80090218393
:107A70002DD1B9F1000F3FD041F00801218388F3E7
:107A80001188BFF36F8F3A492046C84729E021F09B
:107A90000701236941F0040189B2042DD3F8049051
:107AA0002183E6D000273E464FF0040A82E721F00A
:107AB0000701236941F0050189B2052DD3F808902B
:107AC0002183D6D000273E464FF0050A72E70027F3
:107AD0003E464FF0060A6DE72B4687E7B9F1000FE7
:107AE000D1D1EFF31188202383F31288BFF36F8F76
:107AF000238B23F008032383258BEA062ED525F05C
:107B00001003238305F007056669218B002EBFF65D
:107B100070AF00232768C4E9003321F0070141F06A
:107B200001012183218B01F0070AAA454FF00009CA
:107B30007FF440AF002F9CD041F00801218388F3EF
:107B40001188BFF36F8F002FC8D03D683946334688
:107B50005246204609F0AAFC2F46F4E7AB067FF513
:107B60001BAF25F02003238305F0070500E700BFC6
:107B7000D9140300014B036000207047186603000E
:107B800007B51B491B480BF05EFA70BB1A49194830
:107B90000BF059FA48BB194916480BF054FA20BBB0
:107BA000174914480BF04FFAF8B90146154A114825
:107BB0000BF012FDC8B9024613490E4801230BF021
:107BC000E6FD90B901230093014602230948EF2204
:107BD0000BF059F948B907480BF07EF928B9054868
:107BE00003B05DF804EB0BF0A7B903B05DF804FB3C
:107BF000480100205004002030010020180100201E
:107C000000010020D4000020186D030010B50446C8
:107C10000DF0A6FB0349024620460AF015F80020A5
:107C200010BD00BF7F6D030073B5134600220192A3
:107C3000044601AA58680A2101F0E6FC019D95B9A5
:107C400020EAE0744FF40046294640F2E7304FF452
:107C50007A720023C4FB0601FFF7A2FA0DF048FF79
:107C6000284602B070BD2A46024920460AF008F8AC
:107C7000019DF5E7AB6D030008B5034A034909F020
:107C8000E3FF002008BD00BF9B6E0300A16E030050
:107C900007B500230090694604488DF8043008F0C9
:107CA0005DFA9DF8040003B05DF804FBA51703001E
:107CB00010B5044606F028F807490246204609F0A8
:107CC000C3FF2046054909F0BFFF0548214608F0DB
:107CD0005FFA002010BD00BFE36E0300026F0300D7
:107CE000E57C020070B58EB004460D46D0F8A86061
:107CF0000DF038FE03460EF07BF9214A2149105859
:107D0000214A002B18BF1A460092204A234684427B
:107D100018BF0A4628461E4909F096FFD4E90A23EF
:107D2000CDE90023284694F90E30227B194909F049
:107D30008BFF06A92022204607F094FC236F1649EA
:107D40000246284609F080FF05A920460DF018FEDE
:107D5000024628B11149284609F076FF0EB070BDE1
:107D6000059B6422F11A4A430091B2FBF6F20C49DA
:107D7000CDE901622846324609F066FFEEE700BF12
:107D8000080000005D7903000C6F03002D850300DF
:107D90000F6F03001B6F0300476F03005E6F03004C
:107DA0008B6F0300F0B5002591B00446294608AF5B
:107DB0001C2209A80EF054F8134E1A22202138462E
:107DC0000EF04EF82146114808F0E2F907AA4FF4E8
:107DD000006130460DF0C8FD079A0097C2F50061BA
:107DE00064234B43DB0A05934FF40063CDE903138F
:107DF000CDE90132204606492B46A6F1400209F0A2
:107E000023FF284611B0F0BD00430020157E02007C
:107E1000DC6F030070B50446D0F8A86088B00D464A
:107E200007A90DF0ADFD024628B10F49284609F01B
:107E30000BFF08B070BD20460DF094FD079B009627
:107E4000F11ACDE90131094B64224A43002818BFD9
:107E50000346B2FBF6F20649CDE903622846224604
:107E600009F0F2FEE5E700BF5E6F03000C6F030050
:107E70002570030038B513460546102258680021C6
:107E800008F06CFD0446FFF703FF38B90E4922469F
:107E9000284609F0F5FE6FF0150038BD0EF0A8F881
:107EA0000A4B1B589C4204D10949284609F0E8FEB8
:107EB000F1E7204607F0ACFD28460649224609F0C6
:107EC000C3FE0020E9E700BF89700300080000003E
:107ED000A4700300CC70030038B513460546102289
:107EE0005868002108F03AFD0446FFF7D1FE38B982
:107EF0000E492246284609F0C3FE6FF0150038BD32
:107F00000EF076F80A4B1B589C4204D109492846CA
:107F100009F0B6FEF1E7204607F098FE284606492C
:107F2000224609F091FE0020E9E700BF89700300B6
:107F3000080000000B7103003171030038B51346CF
:107F4000054610225868002108F008FD0446FFF796
:107F50009FFE38B90E492246284609F091FE6FF07F
:107F6000150038BD0EF044F80A4B1B589C4204D152
:107F70000949284609F084FEF1E7204602F0D2FACA
:107F800028460649224609F05FFE0020E9E700BFC7
:107F900089700300080000006C71030091710300F8
:107FA00010B50C4600210AF02FF900B10068034A11
:107FB00020600023C4E90123E36010BDB172030017
:107FC00010B50C4600210AF023F900B10068034AFD
:107FD00020600023C4E90123E36010BDB1720300F7
:107FE00070B50646506815460AF016F9044640B9C1
:107FF0006A681049304609F043FE6FF012042046CB
:1080000070BD0DF088FA30B16A680B49304609F04E
:108010000DFE0024F3E720460DF074FA044630B15B
:1080200003466A680549304609F02AFEE7E76A68B0
:108030000349EBE7C9710300DE710300007203001E
:108040002D7203002DE9F04F8FB0044601A80F46B2
:10805000904606F043FD019B242202FB003B0821D1
:108060002B4A204609F0D5FD019D5D4503D3002034
:108070000FB0BDE8F08F2E680EB1337833B9254AC2
:108080002B46302102A808F0C9FB02AE022F07D10F
:10809000D8F8041030460DF036FF08B92435E4E76F
:1080A0001D4A33460821204609F0B3FD28460DF04D
:1080B00032FA1A4A1A4B0821002808BF1346194AF7
:1080C000204609F0A6FD2B6A002BE7D01E68002E83
:1080D000E4D03368002BE1D0134A0821204609F090
:1080E00098FDB2464FF000093368104A4B4505D859
:1080F0000F4A0821204609F08CFDCFE75AF8043FCB
:108100000821204609F085FD09F10109ECE700BFCF
:10811000607203006A7203006F72030057720300FB
:1081200051720300D7710300747203007072030070
:10813000C06F03001FB50C68D1E9043203944C688A
:1081400002948C680194C96800910133034902F2DA
:108150006C7209F079FD04B010BD00BFFB72030022
:10816000F7B513783A2B06460F46154614D1541C22
:1081700023783A2B28D101340A2201A9204608F09D
:1081800077FB019A3860A242034617D01078A8B94D
:108190003C2B15D915490EE00A2201A9284608F002
:1081A00067FB019CB860AC4208D023783A2B05D11C
:1081B000172807D90E49304609F062FD6FF0150007
:1081C00003B0F0BD0134D3E70A2201A9204608F02C
:1081D0004FFB019B7860A342F0D01A783A2AEDD188
:1081E0003B2801D90349E6E75C1CC5E73A73030065
:1081F0001C7303002A7303002DE9F04190B00D4673
:10820000044602A901201746FFF716FA07A902A89B
:1082100008F056FA032D55D17D680A2201A9284697
:1082200008F026FB019EB542804615D032782D2AF3
:1082300012D101360A2201A9304608F019FB019B30
:108240009E4209D01A782D2A06D1451E0B2D0CD935
:108250002849204609F014FD204609F046FD6FF03C
:108260001505284610B0BDE8F0815E1C0A2201A960
:10827000304608F0FDFA019B9E42EDD01B78002BA2
:10828000EAD1431E1E2B01D91B49E2E7A8F26C7309
:10829000CDE90B53BA680A9007A92046FFF760FFA3
:1082A0000028D9D107A8FFF7FFFAB1F1FF3F08BFB7
:1082B000B0F1FF3FCDE9020108D11049204609F095
:1082C000DFFCCCE7022DC7D17A68E5E700230493F1
:1082D000012002A9FFF7F0F9054628B10246084936
:1082E000204609F0CDFCBAE707A92046FFF722FF98
:1082F000B7E700BF4A7303005973030066730300B6
:108300008F7303002DE9F341144688460746102277
:108310006068002108F022FBB8F1020F064607D87A
:10832000284A20230821384609F073FC336816E0F8
:108330000A220021A06808F011FBC5B2214A2B4691
:108340000821384609F065FCB8F1030F1ED1102D45
:108350000FD0202DEAD0082D0ED13378DBB20022C9
:10836000CDE900320821184A384609F052FC0020B5
:1083700009E033889BB2F2E73846144A082109F035
:1083800048FC6FF0150002B0BDE8F081E0681022F3
:10839000002108F049FB0E4ACDE9000104460821FE
:1083A000384609F036FC102D06D0202D07D0082DB8
:1083B000E2D1E4B23470DAE7A4B23480D7E73460B3
:1083C000D5E700BFD4730300FF730300E973030014
:1083D000127403002DE9F04F87B000230193524B34
:1083E000DFF848A191460122074688461A6002F04C
:1083F00077FB4FF0FF3520262C4649465246404633
:1084000002F092FB411C06D16A1C41D14849384612
:1084100009F036FC17E073281AD0772828D0612895
:1084200011D1DFF810B101AADBF80000102101F032
:10843000EBF8019B0546002BDFD0DBF800203E491E
:10844000384609F01DFC6FF0150007B0BDE8F08F4D
:10845000DFF8E0B001AADBF80000002101F0D4F859
:10846000019B0446002BC8D0DBF800203349E7E726
:10847000DFF8C0B001AADBF80000002101F0C4F869
:10848000019B0646002BB8D0DBF800202C49D7E72B
:10849000631C01D12B49BAE75FFA86F8C6F3C4061C
:1084A000002C3FD002AB29461A46A6EB050C0CE087
:1084B000B8F1100F1DD0B8F1200F20D0B8F1080F7F
:1084C0002AD10878187031443344A64203D80CEB03
:1084D00001001028ECD9102CA14628BF4FF010093C
:1084E00029464B46384600F077FF1035A4EB0904C7
:1084F000D6E7088880B21870000A5870E3E7086869
:1085000018704FEA102E83F801E04FEA104E000E6B
:1085100083F802E0D870D6E70B4A0821384609F004
:1085200078FB90E7204690E7A801002062740300E2
:1085300069740300E40E0020287403003B740300F8
:108540004E74030086740300E973030070B50F4E88
:10855000044633780D4671B123B1BDE870400C4933
:1085600009F08EBB012333700A49204609F06CFBE9
:108570000123337004E083F001033370002BF3D147
:1085800029462046BDE8704009F0C9BB40130020D1
:10859000A0740300DB7403002DE9F041DFF8F080E4
:1085A0003C4E05460C468F18A74201D1BDE8F0812C
:1085B00098F8002014F8013B182A22D1112B20D161
:1085C000354C364922680026284688F8006009F0B4
:1085D0003BFB28463146FFF7B9FF314B187800289E
:1085E000E4D1304A23681168042B2EDC08B12360E3
:1085F000116013F003012FD1126813681BBA1360C6
:10860000D4E7A3F13002092A88F8003004D923F016
:108610002002413A052A04D83168234A53540131D3
:1086200031603368022BBFD110221F48002108F0AF
:1086300095F91E4A136803F8010B1360164A136874
:108640000133136000233360AEE7086800BA41F8D5
:10865000040B043B0120C7E75B4203F0030358BF50
:108660005942022904D1126813885BBA9BB2C6E74B
:1086700003299BD1106802681104C2F3074301F477
:108680007F010B4302F47F42134303608EE700BF78
:1086900041130020100C0020140C0020057503006D
:1086A00042130020180C0020431300201C0C002053
:1086B0002DE9F84F0C462B49DFF8AC80DFF8AC9081
:1086C000DFF8ACB000230B602A4988F8003006467A
:1086D0000B601546012C2F4655F804AF1ED9022217
:1086E000494650460DF0E1FB80B99AF80220003A65
:1086F00018BF012292442049022250460DF0D5FBBA
:1087000030B9012388F80030013CE3E70022F1E7AB
:1087100049465046FEF75EFDA8B9043700221146CF
:10872000786808F01BF9154B00221146186078682C
:1087300008F014F9124B134918603046FFF706FF92
:108740000020BDE8F88F9AF800202D2AE6D19AF88B
:108750000120002AE2D052465946304609F074FA08
:10876000D2E700BF100C0020421300201F75030049
:1087700025750300140C0020227503001C0C00203A
:10878000180C00209985020013B509480CF0C3FEAF
:1087900058B1084A0649126807480024009401238A
:1087A00000F080FE204602B010BD6FF01200FAE724
:1087B00000610300346703004864030038B544686F
:1087C000C4E90012A36044682346402253F8405B8A
:1087D00063626263002304F13802C4E90423C4E93C
:1087E0000A33C4E90633082223632262C4F8B8308E
:1087F000AB682BB11B6C1BB1094922462846984730
:10880000AB681B6A0BB1284698470649002204F161
:1088100080000DF05EFAC4F8B440002038BD00BFFF
:10882000DD180300BD18030010B581680446183137
:1088300001F07CF9A168034A20461831BDE81040D8
:1088400001F00CB9A076030038B58368D3F878320C
:10885000DB0704461AD4406803685B6898470546FE
:1088600020B9E0680AF0B4F8A3681D75A3685B6CD2
:1088700013B1294620469847A3680DF0B9FB0022A2
:10888000C3F89822034B185801F04CFE6FF00F0507
:10889000ECE700BF08000000014909F0E2B800BFA2
:1088A000C06F03002DE9F04FA7B004465422002109
:1088B00011A80DF0D5FA0023CDE90533A3682046B1
:1088C0005633029309F0C4FD204609F008FD10B9A3
:1088D0006069FFF7E1FFA0681422002118300DF055
:1088E000BFFA204609F055FCA168E068B1F85020B5
:1088F000563100260AF031F820460AF092F84FF07F
:10890000FF38B246039611AFB3463546B146DDE9AE
:108910000532012A6CD0132B6DD8B8F1000F2BD182
:10892000BBF1000F0AD020460AF09CF8A26814237D
:10893000563211A90DEB030009F0AAFAB9F1000FA4
:108940000CD099F81130FE2B08D1059B26AA02EB1A
:10895000830252F8542C0AB101330593A068059D97
:10896000436A002B40F0B580C6B1C3699E422BD04C
:108970000D9600F1180522E0029A0223394606A856
:1089800009F086FA06997A680292034631B1012904
:108990000AD148B1694A204609F009FE6FF007057F
:1089A000284627B0BDE8F08F059B002B32D03868F1
:1089B00001F0EEF898B166B1A5680D9618350CAEC9
:1089C0000FCE0FC533682B602046FFF72DFF012522
:1089D000E6E75B4A0121204609F0E9FDDEE7059B59
:1089E000C3B13A682946204601F074FA022809D139
:1089F000059B132B94D9069B022B91D1514B524AC4
:108A00000121C8E7032805D0059B013305934FF0EA
:108A1000010B7CE7039B2BB9396807AA484609F08C
:108A20002EFB0546043708F1FF38A5B3EB68BBF110
:108A3000000F08D0FBB1204609F00AFD204609F0DE
:108A400065FC424AC6E7B3B1A368DDF814A0AE46A0
:108A500003F1180CBEE80F00ACE80F00DEF80030A0
:108A6000CCF80030AB6833B96B7CFE2B04BF95F8B3
:108A7000108008F1FF38D5F804C0BCF1000F08D011
:108A8000AE46BEE80F000CAE0FC6DEF80030336015
:108A90006646A94603E0059B63B101230393069B49
:108AA000B8F1000F02D1022B7FF431AF059B0133E7
:108AB00005932CE7A368DB6A13B1DB68002BECD1CC
:108AC000234B0093234A119B0121204609F06FFD9F
:108AD000E3E790F82830A5EB0A05BBB190F8291020
:108AE0004FF6FF72FF2918BF0A469D4202D3134476
:108AF0009D420BD98369184A0121204609F057FD90
:108B00002046FFF791FE6FF0150549E7012108F0B7
:108B1000C7FFA06808F0B8FFA36811AA29465B6ADE
:108B200002EB8A02204698470546A06808F0B0FF8D
:108B3000A068002108F0B4FF32E700BFAE76030062
:108B4000C276030023770300056E0300E07603007E
:108B50000F7703001D7A030047770300F7B504463B
:108B60008068D0F878325A070D4605D5002108F004
:108B7000A2FFE06809F0C3FEE368DB6873B9002D6B
:108B80003BD0A66806F15607384608F077FF002864
:108B900035D0394606F5AB70FEF726FBA268E068D3
:108BA0000DF106035632294609F0ACFE58B9A0680B
:108BB00000F5AB715630FEF717FBA068563008F091
:108BC0005DFFADF80600204609F03BFCA368D3F832
:108BD00074329B0603D50B49606908F042FF2046BA
:108BE00000F078FDA268BDF80630A2F85230A26805
:108BF0002046A2F8503009F089FB03B0F0BD86F89A
:108C00005601CBE7D065030010B5836802221A75C0
:108C100083689B6C0446BBB908F0FAFE8368D3F8FE
:108C20007832DB040BD50321084B094A09F0BFFC5D
:108C3000A0686FF4805100F51E7008F003FF204615
:108C4000BDE8104000F0CCBE10BD00BF627703004D
:108C5000717203002DE9F04F04468068B1B0012124
:108C600000F51E7008F0DFFEA3681B7D022B26D1E5
:108C700000230993A36860689E6C03681D6909ABB3
:108C80003EB310221BA9A847099BC3B10121A068CC
:108C900008F006FFA06808F0F7FE099A1BA9204615
:108CA000B047A06808F0F4FEA068002108F0F8FEC4
:108CB000A3689B6C002BDDD12046FFF7A5FFA068C1
:108CC0006FF0010100F51E7031B0BDE8F04F08F003
:108CD000B9BE01220DF12301A847099B002BEED05C
:108CE0009DF923209DF82330A068002AC2DB427D35
:108CF000032A00F2F482DFE812F0040075028C020D
:108D0000F2020D2B67D00A2B43D0B0F87822092B42
:108D10006FF3CA02A0F8782272D029D8002B00F095
:108D20000381082BA06800F0E9810246D2F8741292
:108D3000890740F1F980013B162B00F2F580DFE84E
:108D400013F0B702FA01FE01F601B1021002F300BE
:108D5000F300F300F30014021802F3002D02F300F5
:108D60003202F300F300F300F3003402F30049028F
:108D70001B2BA06841D07F2B00F0CC81A3F12001F8
:108D80005E290246D2D8012108F095FE9DF82310F5
:108D9000B8E0D0F87822C2F3C7022AB1D0F878221E
:108DA000C2F3C7020A2AC0D1B0F8782263F3CA021C
:108DB000A0F87822A568B5F85010C1B9284608F087
:108DC0007AFEE06809F09BFD6069FFF765FD2046CB
:108DD000FFF71AFF4EE7D0F87822C2F3C702002A45
:108DE000E2D0D0F87822C2F3C7020D2ADBE7204692
:108DF000FFF758FDC5F89C02E9E70123437593E0AE
:108E0000A068D0F874329B0740F18E80012108F0F1
:108E100052FEA068B0F85030FF2B00F08580B0F80B
:108E2000522000F1560100F5AB700CF0F1FFA36881
:108E3000B3F852201344002583F85651A2681BA9A9
:108E4000142302F5AB720BA809F022F80B99142930
:108E50006AD830AB03EB810343F8545CA368B3F8E2
:108E60005220002A52D0134493F85530202B02D0C0
:108E7000093B042B4AD800294BD100250A950A9BAF
:108E800030AA02EB8303002653F854AC504608F096
:108E9000F5FDB3468146B046374616AA3946284600
:108EA00000F078FB0346002842D1012E68D10A9BCE
:108EB00030AA02EB830353F8540C08F0DFFDA268DC
:108EC000064618324146284600F064FB05682846ED
:108ED00008F0D4FD864205D0821B92B2A919204623
:108EE00009F0ACFBA068B0F85230034493F8563058
:108EF000202B34D0093B042B31D9D0F87432DF0752
:108F000032D42021204600F033FD0DE00129B4D9F0
:108F1000013900200CAB009301900AAB1BAA09F0A9
:108F2000D9F805460028AAD1606908F0FEFEA1E63E
:108F30001B6803934A46514618460CF0B6FF60B9C9
:108F4000039B1846FEF758F9584538BF58461FFA94
:108F500080FB002E08BFB846013601379DE701218E
:108F6000204609F007FADFE7002108F0AEFD2021D6
:108F7000204600F0FDFCA068012108F0A6FDD3E723
:108F80000490D1D90A9A30AB03EB8202C14652F861
:108F9000543C0393184608F071FDA268049B0590A9
:108FA000A2F840300496A26849461832284600F0DC
:108FB000F1FA039BD0F800A009F101094BB1BAF115
:108FC000000F06D0059A194650460CF06EFF002897
:108FD000E9D1A168BAF1000F4ED1A1F840A0049BDD
:108FE000013B0493DFD16069FFF756FC204600F097
:108FF000F7FC0A9B30AA02EB830308F1010A53F83D
:10900000540C08F03BFD414611AA8146284600F069
:10901000C1FA0746A0683968FF2200F5AB700CF072
:1090200056FF3B6803934FF6FF77B84616AA5146A2
:1090300028460AF1010B00F0ADFA002852D0A168D1
:10904000036801F25511002211F801EF985C704598
:1090500003D110B101324245F6D1B9F1000F01D070
:109060004A4507DBBA4206F1FF36A8BF3A46012E51
:1090700097B237D0DA46D9E79A48069108F0FEFC55
:10908000069907914A8F00EB0B07BFB2121A5046A0
:1090900092FBF7F292B2069208F0F0FC0799069A5A
:1090A0003F1AB1F8400000F1010CA1F840C0B0FB3C
:1090B000F2F102FB110080B2BFB260B9894B8A4A5B
:1090C000CDF800A00621204609F071FA3946204665
:1090D00000F0EAFA83E7854A53460621204609F064
:1090E00066FAF3E7002F3FF41FAF0399A7EB0902DD
:1090F00092B24944204609F0A1FA15E7D0F874323B
:109100009E077FF511AF012108F0D5FC204609F03C
:10911000B6FA09E7D0F874329D077FF505AF012153
:1091200008F0C9FCA368D3F874321807EED42046BF
:1091300009F086FAF8E6204609F093F9F4E62046AD
:1091400009F086F9204609F0CAF810B96069FFF7FE
:10915000A3FBA068012108F0AEFC2046FFF754FDF8
:10916000E2E6204609F086F9DEE6204609F08DF9B0
:10917000DAE6D2F874329F0603D55D49606908F0DB
:1091800070FCA368D3F874329E0603D55949606910
:1091900008F067FC204600F023FCC5E600212046CD
:1091A000FFF7DCFCC0E60121F9E7204609F049F9A8
:1091B000204608F02DFC0121A06808F07CFCA36883
:1091C000D3F874329D067FF5AFAE4B49606908F065
:1091D00048FCA9E6204600F0F7FAA068012108F053
:1091E0006AFCA1E65B2B01D1022307E6D0F87422CA
:1091F000900706D5622B08D14FF0FF31204609F0C9
:10920000E2F8A36800225A758EE6662BF9D1012197
:10921000F4E700224275A268D2F8741289077FF53C
:1092200029AD313B1B2B3FF67FAE01A151F823F056
:10923000AD920200B9920200CD920200A19202000A
:10924000298F0200298F0200298F0200298F020036
:10925000298F0200298F0200298F0200298F020026
:10926000298F0200298F0200298F0200298F020016
:10927000A79102009D9102006391020037910200C4
:10928000298F0200A5920200298F0200B1920200EC
:10929000298F0200298F0200298F0200BD9202004F
:1092A00003235375204609F0D3F83DE60323537595
:1092B000204609F0C6F837E603235375A068D0F8B6
:1092C000741201F0010181F0010156E60323537588
:1092D000A368D3F874329B077FF526AE27E70023F7
:1092E0008CE500BF5C790300A67703007172030070
:1092F000D5650300DA650300D06503002DE9F3416D
:1093000004468068154600F51E70002935D04FF4DC
:10931000804108F088FBA368DD6460680368002171
:109320009B68984770BB204608F00DFC50BB174D5A
:10933000DFF85C804FF0FF364FF0FF37A06800F594
:109340001F7000220721CDE900670CF057FDA068CF
:1093500008F09EFB2A460421204608F0C5FB204663
:109360004246012108F0C0FB606803685B6903B1F5
:109370009847A06808F088FBE0E76FF4804108F0A8
:1093800061FBC8E702B0BDE8F08100BF4988020078
:10939000558C020010B50B49044608F055FC2046D8
:1093A000094908F051FC2046084908F04DFC2046C8
:1093B000074908F049FC2046064A002100F04EFB10
:1093C000002010BDAC770300EA7703004978030062
:1093D0009D78030038790300F8B517461E460A4603
:1093E0002949044608F030FC3EB33A782749204624
:1093F00008F02AFC01256A0703D12549204608F018
:1094000023FCAE421ED97A5D2049204608F01CFCA0
:109410000135102DEFD11F49204608F015FCB6B9D3
:109420001B49204608F010FC0125AE422B4610D8FF
:109430001749204608F008FC15E01749204608F0B7
:1094400003FC01251449204608F0FEFBE0E7002557
:109450002B46FA5C1149A2F120035F2B28BF2E2274
:10946000204608F0F1FB0135102D06D06B07DCD14A
:109470000749204608F0E8FBD7E720460849BDE841
:10948000F84008F0E1BB00BF4E79030055790300B6
:109490005D7903005F7903005B7903008179030044
:1094A000617903002DE9F04104468068D0F89862A4
:1094B00088B0884615461F46002E4FD14FF42872BB
:1094C00031460CF0CDFCA06800F51F700CF08AFC52
:1094D000A06800F52270012211460CF0BAF9A369C8
:1094E0001E60A068022100F51E7008F09CFAA368B7
:1094F00050225A87A36818221A872168204608F04C
:10950000CDFBA368174A66F38205C3F874526068FE
:10951000036841461D682346A8470546D0B9A3689D
:1095200001221A75D4E9090100220023CDE906239E
:109530000E2303930E9B0495CDE9017300940A4B0F
:109540004FF4006206F04EF9A368C3F89802216A4E
:1095500006F078F8284608B0BDE8F0816FF077058E
:10956000F8E700BF211B0300FD92020010B504467E
:1095700013460A460146064801F070FA23691B7932
:1095800023B12046BDE8104008F0CFBB10BD00BF9E
:10959000431D030038B50B46154648B91449154A12
:1095A000521AB3EB920F05D251F82350284638BD1A
:1095B00084680CB90025F9E70F4A94420AD30F4A90
:1095C000944207D218462268294690472B68002B00
:1095D000ECD1EFE70A4A944202D30A4A944205D3F7
:1095E000246814225343E518E358F0E70133F8E701
:1095F00074640300A0640300A4650300AC65030069
:10960000A0640300A4650300F7B503782D2B04467E
:10961000164605D16FF015033360002003B0F0BD8E
:109620000CF0E6FC0B4F00230546C3510A462046CA
:1096300001A907F093F9EB59222B02D16FF0210316
:10964000EAE7002BE6D1019BA342E3D01B78002B75
:10965000E4D0DFE70C0000008368D3F874329B0687
:1096600003D50249406908F01BBE7047E06503005E
:10967000014908F015BE00BFC06F03000A1E0DDCD3
:109680000ED042238168D1F87412890608D5002AC9
:1096900004494069B8BF524208F002BE4123F1E7D5
:1096A000704700BF7D7903000A1E0DDC0ED04423F5
:1096B0008168D1F87412890608D5002A04494069E6
:1096C000B8BF524208F0ECBD4323F1E7704700BF3A
:1096D0007D7903002DE9F0478568DFF8689004463E
:1096E00005F15600FDF788FD002395F83C7086B221
:1096F0009846A268558FED1BB54209DB002E1FDD91
:10970000563360691049BDE8F0471A4408F0C8BDF7
:109710001D442A44563392F856A082F85680A26817
:1097200060691A44494608F0BBFDA3682B4483F8DE
:1097300056A0A3685B8FDB1BF61A00272B46D8E7E1
:10974000BDE8F087056E03007172030008290A4620
:1097500017D8836893F83E10914212D083F83E20C8
:109760008368082AD3F8743205D0990609D50549CB
:10977000406908F095BD9B0603D50349406908F090
:109780008FBD704784790300E565030038B50D4649
:1097900009780446FFF7DAFF6A78072A11D8A36828
:1097A00093F83F1091420CD083F83F20A368D3F880
:1097B00074329B0605D560690249BDE8384008F05F
:1097C0006FBD38BD8D790300F8B58368B3F85020BC
:1097D0000446002A55D0B3F85210002951D0553113
:1097E00003F156050B441846A84206D3014611F86A
:1097F0000169202E3CD0A8423CD286B29DB2AB1B60
:109800009BB2591C471CD21A014438460CF00EFB7F
:10981000A268B2F85030711B13FA81F3A2F85030ED
:10982000A368B3F850201344002283F8562009B2ED
:10983000204608F09FFDA368D3F874329A0603D53A
:109840001049606908F02CFD3B460F4A082120466C
:1098500008F0ADFE2046FFF7FFFEA368D3F8743290
:109860009B060ED560690949BDE8F84008F018BDAF
:109870000846B9E7014611F80169202EBDD0084617
:10988000B9E7F8BDEA65030071720300EE650300F5
:109890002DE9F84F04460F4690460AB1FFF7DCFE6B
:1098A000A668D6F87432B6F852505B0724D505F195
:1098B00056003044FDF7A0FC2A4E0546B5B9A36812
:1098C000B3F85020A3F85220A06808F0F6FC30B19D
:1098D000B8F1000F00D017B16069FFF7C9FE7942F7
:1098E000204609B2BDE8F84F08F044BD6069314632
:1098F00008F0D6FC013DE1E73046FDF77DFCB6F807
:109900005090738F19FA80F915FA80F0B0FBF3F2DA
:10991000B9FBF3F39A42AA461BD0134DA3684845FE
:10992000CDDA5A8FB0FBF2F302FB1303461C13B9D6
:109930006069FFF79DFEA3685344204693F85630B4
:109940000AF1010B2A46082108F031FEDA463046BA
:10995000E4E75635054A73190821204608F027FE2A
:10996000ADE700BF2D85030081790300717203000C
:1099700013B583688DF80710D3F874220446D00716
:1099800025D5B3F85210B3F850208A421FD0481C96
:10999000A3F852000B449DF8072083F85620A368D3
:1099A000D3F87412890710D5D3F8743260690B4963
:1099B00013F0040F18BF2A2208F072FC204608F0AA
:1099C0008EFC10B16069FFF753FE02B010BD01229A
:1099D0000DF10701204608F0F7FDF6E78179030055
:1099E00010B504468368094A022108F0E0FDA36827
:1099F000D3F874329B0707D52046FFF76BFE20464D
:109A0000BDE8104008F091BC10BD00BF71720300AA
:109A1000014908F05CBE00BFC06F0300F8B50F46F7
:109A20005168044615461E4611B11A4608F05CFE00
:109A3000AB6883B131462046FFF736FE2046064A22
:109A40003B46082108F0B3FDA968F21D2046BDE899
:109A5000F84008F049BEF8BD967903002DE9F04FB3
:109A60000F46002189B0044616460D4603AA384623
:109A700001F10108FFF78EFDA8B98DB126B132467C
:109A80000821204608F093FDDFF89090DFF890B0B1
:109A9000002103AA384601F1010AFFF77BFD60B9F6
:109AA00009B0BDE8F08F006810B1FDF7A5FB80B2EA
:109AB000854238BF05464146D8E7D0F80080B8F166
:109AC000000F0FD098F8003063B14668154ACDE911
:109AD00000584B460821204608F069FD26B9606908
:109AE000FFF796FF5146D4E74B465A4608212046D9
:109AF00008F05DFDAB1DB2079BB209D131680A4A7F
:109B0000914205D1324641462046FFF787FFE9E7FB
:109B10001A463146204608F0E7FDE3E7BB7903002B
:109B2000A8790300A1790300C40BD286F7B50F68AA
:109B300005460E46EFB13846FDF75EFB84B2114B89
:109B4000009308213B46104A284608F030FD716812
:109B5000E31C9BB279B18A070DD108680B4A904289
:109B600009D10A463168284603B0BDE8F040FFF746
:109B700055BF3C46E3E71A46284603B0BDE8F0402F
:109B800008F0B2BDB7790300A7770300C40BD286F3
:109B900010B507490446FDF71DFB38B105492046BD
:109BA000FDF718FBB0FA80F0400910BD0120FCE77A
:109BB000AD790300B079030010B58368D3F874322F
:109BC0009B06044603D50649406908F0FDFDA368DD
:109BD00050225A87A36818221A87002010BD00BFA0
:109BE000F265030008B5836902491A6808F02CF889
:109BF000002008BDBE7903002DE9F3410D490E4C4C
:109C00000E4EDFF83C80054608F01EF80022B442F4
:109C100002F1010703D3002002B0BDE8F081236AFE
:109C20000093A36892B24146284608F00DF82C3400
:109C30003A46ECE7CE7903004864030074640300FD
:109C4000E679030008B5024908F028F8002008BDAD
:109C5000C16F030073B50E4E04460025A268E0688C
:109C60000DF1060302F5AB72012108F04BFEBDF8C1
:109C70000600A36840B12A4603F5AB73314620467F
:109C800007F0E2FF0135E9E783F8560102B070BD45
:109C9000F779030010B5044608F039F80349024685
:109CA000204607F0D1FF002010BD00BF1B75030048
:109CB000022907B50BD15368009312680B4B0C496E
:109CC00007F0DEFF6FF0150003B05DF804FB83685A
:109CD000084AD3F87432084913F0020F074B18BF33
:109CE0001A4607F0B1FF0020EEE700BF057A030037
:109CF0001A7A0300017A0300237A0300B96E030085
:109D000010B58368D3F874329A06044603D5074920
:109D1000406908F059FDA368D3F874329B0603D557
:109D20000349606908F050FD002010BDF96503008B
:109D3000FE650300F0B5012985B004460AD05368DA
:109D4000009312685D4B5E4907F09AFF6FF01500B3
:109D500005B0F0BD8368D3F87432990603D559492C
:109D6000406908F031FD6FF0F9012046FFF786FCED
:109D7000FA212046FFF798FCA06800254FF4807276
:109D8000294600F5AB708DF80B500CF069F84E4980
:109D9000606908F019FD606907F0C7FF4FF47A7633
:109DA0006068036801221F690DF10B0103ABB8471E
:109DB000039BEBB9013E4FF47A70B6B20BF086FB11
:109DC000002EEDD1A368D3F874329B0603D53F492A
:109DD000606908F0F9FCA3683D4950225A87A368DE
:109DE000182220461A8707F03DFF6FF00700AFE703
:109DF0009DF80B20A3681B2A53D093F856111B29FA
:109E0000CED1522A4DD15A19002382F85631A66874
:109E100096F857215B2A2BD106F25710022510F82D
:109E2000011F2A463B2905F10105ADB223D1FF2AC6
:109E3000C8D002F5AB7216FA82F1002211F8010FB8
:109E400018BB86F85601FA2AA16828BFFA224A8769
:109E5000FA2BA26828BFFA231387A368D3F87432B9
:109E60009A0603D51949606908F0AEFC00206FE737
:109E700086F85631A6E703EB8303303901EB430143
:109E8000B5F5807F8BB2CAD19CE7013502EB820227
:109E9000ADB2303800EB4200B5F5807F82B2CDD153
:109EA00090E72B440135ADB2092D83F856217FF69A
:109EB00077AFA368002283F8562183E7057A030071
:109EC0001A7A0300046603006E7A03000866030032
:109ED000347A03002DE9F04F074689B015468946CC
:109EE00021B1104608F089FD00285BD1032455E01C
:109EF0005C463CE029460AF5AB700CF004F80646D7
:109F0000002854D0FDF778F982B2601C0132314646
:109F100030440BF08BFF2246594630460BF078FF59
:109F20004FF020033355BAF8543001331C44AAF8DB
:109F3000544008F10108002401994B1C03AA48462B
:109F40000193FFF727FB0646E8B131680022284657
:109F500008F028FF0028EFD1D6F800B0D7F808A005
:109F6000BBF1000FC4D05846FDF746F984B2BAF8E9
:109F700054302344FF2BBDDD0E4A2B4603213846C7
:109F800008F015FB0124B8F1000F07D0B8682A4685
:109F900000F1540100F5AB7008F04AF8204609B012
:109FA000BDE8F08F4FF0000841460224C5E70224C7
:109FB000E9E700BF367F030008B50348034A0021E4
:109FC000121A08F05FFD08BDE00400209413002081
:109FD0000748084A084908B5121A08F055FD07480D
:109FE000074A0849BDE80840121A08F04DBD00BFF5
:109FF00000000020DC040020308503000000002069
:10A00000000000203085030038B505460C4699B1A4
:10A01000D1E901230F48096807F0F4F9D4E90423D2
:10A02000E1680D4807F0EEF9E1690C4807F0EAF93C
:10A03000A1690B4807F0E6F9012D05D1EFF3058181
:10A040000848103907F0DEF921462846BDE83840B7
:10A0500004F050BD887F0300B87F0300E87F030051
:10A06000F87F03002780030030BFFFF7FDBF00BF6C
:10A070002DE9F0410B4EDFF8308006EB0807CC1BD2
:10A0800005463246094920460BF0C2FEA019424659
:10A090000021083C0BF0E4FEC5F8B44007F10800CD
:10A0A000BDE8F0810000000008000000AC6503007E
:10A0B000054B5A699B689A421FBF044A536843F094
:10A0C00080535360704700BF0813002000ED00E08C
:10A0D0002DE9F843324D804632488946174607F04D
:10A0E00091F9AB6ADE0622D52F4807F08BF91124CF
:10A0F000AB6A1D0703D52D4807F084F91224284DBB
:10A10000AB6A980715D52A4807F07CF96E6BAB6AE5
:10A11000190642D52748314607F074F9B9F1000F06
:10A1200003D0AB6A23F08003AB62132403E0102456
:10A13000DEE76FF015061A4DAB6ADA0703D51E4845
:10A1400007F060F91424AB6A9B0603D51B4807F09F
:10A1500059F91524124B9A6AD50602D49A6A9007C7
:10A160000AD55B68190507D54146304600F0C2FAAA
:10A1700010B180F309880224094B9A6A920642BF03
:10A180005A6A22F400525A629A6A42F0FF029A62B4
:10A1900000233B702046BDE8F8836FF01506C4E746
:10A1A00000ED00E03B800300528003008680030046
:10A1B0009A800300B3800300CA800300EA80030092
:10A1C00010B51D4C1D4807F01DF9A36A990130D543
:10A1D0001B4807F017F91E20A36ADA0103D51948B6
:10A1E00007F010F91F20144CA36A1B0303D516486F
:10A1F00007F008F92120A36A590303D5134807F093
:10A2000001F922200C4CA36A9A0303D5104807F0E9
:10A21000F9F82320A36ADB0303D50E4807F0F2F810
:10A220002420054A936A6FEA03436FEA134393625B
:10A2300010BD1D20D0E700BF00ED00E01A81030033
:10A2400033810300478103006281030081810300A1
:10A25000A7810300C281030070B5244C0646244840
:10A260000D4607F0CFF8A36AD90435D5214807F089
:10A27000C9F81720A36A1A0503D51F4807F0C2F8CA
:10A2800018201A4CA36A9B050FD51C4807F0BAF892
:10A29000A16BA36A180407D5194807F0B3F81EB1DB
:10A2A000A36A23F40043A3621920104CA36A590542
:10A2B00003D5144807F0A6F81A20A36ADA050DD5CD
:10A2C000114807F09FF81B20084A936A43F47F4324
:10A2D000936200232B7070BD1620CBE7A36A9B040A
:10A2E000F2D50A4807F08EF81C20EDE700ED00E0FB
:10A2F000EE810300058203008680030017820300BD
:10A30000318203004782030063820300EA80030076
:10A310002DE9F0415B4B5F688AB00446C7F308063D
:10A32000002585F31188BFF36F8F02F07F43B3F1EF
:10A330007F4F06D102F00C03082B13D1524807F0CF
:10A3400061F800252C464FF00008F31E8DF80780B9
:10A35000092B00F28680DFE803F00A7A7E76848497
:10A360008484848210074CBF0C460125EBE74748E4
:10A37000444E07F047F88DF80780F36A9A0704D532
:10A38000434807F03FF8002330E0F36A002B01DA7E
:10A390004048F6E7F36A5B00F5D53F4807F032F82E
:10A3A0007369A26943F480737361BFF34F8FBFF386
:10A3B0006F8F736932F8022C23F480737361BFF3DB
:10A3C0004F8FBFF36F8F4DF602739A4209D0B36A75
:10A3D000DBB253B30DF1070201212046FFF778FEEF
:10A3E00033E021682D4807F00DF823689DF8072019
:10A3F000C2B902AE04F1200720686168324603C288
:10A400000834BC421646F7D1099AB5B3C2F3080125
:10A4100021B96FEA52226FEA4222099202A9184634
:10A42000FFF7F2FD0AB0BDE8F081B36A13F47F4F85
:10A4300005D00DF107010120FFF70EFF05E0B36A1B
:10A44000B3F5803F9FD3FFF7BBFE0346CEE70DF188
:10A4500007020021C1E70DF107010020ECE71048D9
:10A460008FE7104B1049114817F4F87FA6F110023E
:10A4700018BF194606F0C6FF85E722F4FF7222F0E6
:10A480000102CAE700ED00E0AA820300D6820300C1
:10A49000EE820300108303001F8303003F83030049
:10A4A0005C830300918203007C82030081830300AC
:10A4B000044B5A6942F010025A615A6922F00802AC
:10A4C0005A61704700ED00E0EFF30880EFF3098177
:10A4D00001B57246FFF71CFF01BD00BF0F4880F3B6
:10A4E000088803F035FC202080F311880C484FF0D9
:10A4F000AA014FF4046208F0C5FA09484FF4046158
:10A50000401880F30988EFF314800221084380F398
:10A510001488BFF36F8F00F0B5F800008050002062
:10A52000C0420020084B9B6883420BD1EFF30583A8
:10A5300043B1064B5A6842F080525A605A6A22F47C
:10A5400000425A6205F0AEBC0813002000ED00E0A6
:10A5500015498A684FF030001044EFF3098C80E809
:10A56000F01F202080F31288BFF36F8F0F4F4FF042
:10A5700000664A698A603E60D2F8B4000C4C2060E4
:10A58000D2F8B8000023C2F8B83080F3118804B5BF
:10A59000104600F017F9BDE8044002F1300090E8E1
:10A5A000F01F8CF3098870470813002004ED00E0C9
:10A5B000C40E00201EF0040F0CBFEFF30880EFF371
:10A5C0000980816911F8021C0229FFD001B5724689
:10A5D00008F05CFA01BD00BF40B2002807DB044A66
:10A5E0004109012300F01F00834042F821307047E9
:10A5F00000E100E040B200280CDB4309064900F00E
:10A600001F0020330122824041F82320BFF34F8FE7
:10A61000BFF36F8F704700BF00E100E0054B4209B8
:10A6200000F01F0053F82220012303FA00F010402D
:10A63000704700BF00E100E040B20028A8BF00F171
:10A64000604001F10101B8BF064B4FEA4111ACBFB8
:10A6500000F5614000F00F00C9B2B4BF195480F892
:10A660000013704714ED00E0044B054A23F07F030C
:10A670009360BFF34F8FBFF36F8F7047007002007E
:10A6800000ED00E008B5FFF7EFFF0B4AD2F8883085
:10A6900023F47003C2F88830EFF3148323F004032B
:10A6A00083F31488BFF36F8FFFF786FCFFF790FCEE
:10A6B00000F05EF804F0EAFA00ED00E042F8203C19
:10A6C000009B42F81C3C0A49019B42F8183C029B43
:10A6D00042F8143C21F001014FF0807342F8043C31
:10A6E00042F8081C0023203A0265C0F8B8307047D1
:10A6F000857702000A4A0346906878B113F1160F75
:10A70000D0F8A40005D0A0F140029A4205D88342B7
:10A7100003D2814228BF002070470020704700BF4D
:10A720000813002008B515460C4A0D4B9060D0F870
:10A73000B4201A600E4600F045F82C4686F30988CE
:10A740000020044B98472046002100220023024CA1
:10A7500020470000B12A030085770200081300207B
:10A76000C40E0020014B10221A61704700ED00E07A
:10A77000044800232021C2180133302B82F8001333
:10A78000F9D1704700E100E008B5EFF30583064A10
:10A79000103B02EBC30152F8330049688847BDE81B
:10A7A0000840FFF785BC00BFB4610300024B034AB9
:10A7B0000348012100F078B80000042000000020C8
:10A7C000406A0300D0F8A420054B403A1A60054ABD
:10A7D0004021C3E901121846012100F06FB800BF03
:10A7E000C80E002000000B15084AC2F898000B683C
:10A7F00023F01F03034343F01003C2F89C308B681F
:10A8000043F00103C2F8A030704700BF00ED00E044
:10A810002DE9F043DFF8608085B00E461F46044600
:10A820004FF00009B14523DA6068D8B13FB1411E4D
:10A8300008421BD11F2819D92368194216D1236851
:10A84000019308F058F9A36803430393D8F8905094
:10A85000C5F30725D0B2013DA84207D801A9FFF7EB
:10A86000C3FF421C09F101090C34DBE76FF015024C
:10A87000104605B0BDE8F08300ED00E0044B052272
:10A88000C3F89420BFF34F8FBFF36F8F704700BFA3
:10A8900000ED00E0BFF35F8F024B0022C3F894206D
:10A8A000704700BF00ED00E010B5034C0123227893
:10A8B000FFF7AEFF207010BD6313002008B50B4AF0
:10A8C00000231278FFF7A4FF10F1160F07D0084AF3
:10A8D0000021D2F89030C3F30723984200DB08BD73
:10A8E000C2F89800C2F8A0100130F2E7631300200C
:10A8F00000ED00E02DE9F043534B544CD3F8903079
:10A900002568C3F307239D4285B000F29A80FFF7C4
:10A91000C1FF00200C2685421AD14D4C4D4F2570A9
:10A920006846FDF727F9DFF82081DFF82C9106460D
:10A930000025AE4213D1237843490020D1F890205E
:10A94000C2F30722934276DBFFF798FF002042E034
:10A95000616806FB0011FFF747FF0130DBE7009855
:10A9600000EB05114FEA051CCB683B40B3F5000F27
:10A9700048D00AD8B3F5001F30D0B3F5800F36D0D9
:10A98000B3F5801F10D00135D3E7B3F1807F42D0FB
:10A99000B3F1007FF7D150F80C3088684A6808F0AE
:10A9A000AAF840F4802009E050F80C3088684A6822
:10A9B00008F0A1F840F0885040F43020CDE90123A0
:10A9C0000390D8F890302078C3F30723013B9842D6
:10A9D0002AD96FF0150005B0BDE8F08350F80C30AF
:10A9E00088684A6808F087F840EA0900E6E750F806
:10A9F0000C3088684A6808F07EF840F0C06040F487
:10AA00000030DBE750F80C3088684A6808F073F8CB
:10AA100040F08270D2E750F80C3088684A6808F03D
:10AA20006AF840F08870C9E701A9FFF7DDFE2378D6
:10AA300001332370A7E7C1F89830C1F8A0000133B3
:10AA40007CE74FF0FF30C6E700ED00E04C6A030002
:10AA5000631300200000F0FF00000811F0B587B07C
:10AA600007460E4614460021102268461D460BF08C
:10AA7000F7F902238DF802302A46054B019321464F
:10AA80006846CDE9047606F055F807B0F0BD00BF82
:10AA9000172B030008B5024B1B689847002008BD20
:10AAA000D40E0020034B044A1860937843F002034D
:10AAB00093707047D40E00208001002008B506492D
:10AAC000064821F00701C1F1005202F5802206F08C
:10AAD0002AFC002008BD00BF3F660020D80E0020E1
:10AAE00008B500F0B7F80A4941610A490122C0E9F6
:10AAF00000220A6008490A60084A00231360084AD5
:10AB000003611360C0E90233064A136008BD00BF49
:10AB1000C16F0300AC010020A8010020EC0E002052
:10AB2000E80E0020E40E00202DE9F04107460E4615
:10AB3000154600F08FF8C36804461BB943691A78BC
:10AB4000002A41D10023E3606368BB4256F823200A
:10AB500008DB324B6361204600F062F84FF0FF30B3
:10AB6000BDE8F081511C616192F80080B8F12D0FB1
:10AB7000EFD1911C61615178A1602D2904D19278A7
:10AB80006AB901336360E4E749B9244B6361414624
:10AB900028460BF07DF90028DDD0C4F80880D4F8F1
:10ABA0000880284641460BF073F9B8F13A0F636903
:10ABB00000D070B91B7813B9636801336360204615
:10ABC00000F02EF83F20CBE75A1C42611B788360CF
:10ABD000E5E742783A2A0BD0002222611B7813B9AC
:10ABE000636801336360204600F01AF8A068B7E795
:10ABF00018786268094928B901329742626004DD19
:10AC000056F82230C4E90431EAE761612D783A2D23
:10AC10002046D5D100F004F82846A1E7C16F030013
:10AC2000074B02681A60074B42681A60064B82683D
:10AC30001A60064BC2681A60054B02691A607047B9
:10AC4000AC010020A8010020EC0E0020E80E00203E
:10AC5000E40E0020004870479001002070B5416963
:10AC6000857A0C4E044659B1437ADB0706D4242377
:10AC700003FB0563DB691B689B68984700236361DE
:10AC800005EBC505214606EB8500BDE870400AF0DE
:10AC9000D2BD00BF2C040020024B242202FB003056
:10ACA000704700BF2C0400202DE9F04385B0054615
:10ACB0006846039190461C460AF0C5FFDDE900672F
:10ACC000EFF31189202383F31288BFF36F8F6B8A10
:10ACD000002B41D02A8A9A4225D9002200232846F7
:10ACE00004F03EFA0446F0B189F31188BFF36F8F88
:10ACF000039B002B41D032463B4668460AF0C8FF12
:10AD0000A27A264B242101FB02332046DB691B6813
:10AD100003A91D68DDE90023A847606170BB2046D8
:10AD2000FFF79CFF24E0698A4B1E6B8289F3118830
:10AD3000BFF36F8F2B7D2A8A2C6A1B3323F003030A
:10AD4000521A02FB0344154B154AEB1A9B1053434E
:10AD5000A3722B7DE372CBE789F31188BFF36F8F6A
:10AD600023464246284604F0FBF904460028BFD19A
:10AD70000024204605B0BDE8F0836361012300256F
:10AD80002381039B6382E27A6560294604F11800FF
:10AD90000BF066F863692582E360EAE72C04002083
:10ADA000398EE33870B50D4C242500B970BD037A97
:10ADB0004668002BFAD0013BDBB20372002BF5D1C1
:10ADC000C3604360837A05FB03439B6913B19847D3
:10ADD0003046EAE7FFF742FFFAE700BF2C04002005
:10ADE0000E4A0123C2F840354FF080424FF08051A7
:10ADF000C2F87835D1F83001082808D1D1F83411DB
:10AE0000052904D80648415C09B1C2F838364FF02C
:10AE100080430122C3F880250020704700E00140F4
:10AE2000A483030020B1034B800143F001031847C2
:10AE3000704700BF106603002DE9F04190F8203004
:10AE400003F01F03012B04460F4600F120061BD020
:10AE5000022B05D043BB90F8211008F081FC03E0E1
:10AE6000818CC9B208F059FC0546E8B1304608F0BB
:10AE700072F9024668688368A2B99B684BB13A468A
:10AE80003146BDE8F0411847818CC9B208F02CFC6E
:10AE9000EAE76FF085030BF0ABF80F4A1350002080
:10AEA000BDE8F081DB68E9E794F82110204608F05E
:10AEB00071F802460028ECD0304608F04CF940B951
:10AEC0001369002BE5D03A463146204698470346A1
:10AED000E1E7D368F5E700BF0C0000002DE9F04F73
:10AEE0000B7E33F0800893B00446174600F120092A
:10AEF00040F071844A7E02F0010097B117F10C0F07
:10AF00000FD088B917F1710F03D10846FFF74AFF38
:10AF100003E00846FFF746FFB846404613B0BDE8D9
:10AF2000F08F002800F04084002B40F00E840B8A44
:10AF3000072B0DD80846FFF735FF484608F00BF9F8
:10AF40000346A069002B00F03684802100F03CBC51
:10AF5000CA68136823625368C9F804304A68E58CEC
:10AF6000002AE7D0484608F0F6F808BB537E15B132
:10AF700013F0020F01E013F0040FDBD0002007F004
:10AF800030FF05460028D8D00BF032F894F8202086
:10AF9000B84E002312F0600F8351C2F341130BD05F
:10AFA000032B40F0B3810BF023F86FF0850340E0F2
:10AFB000002DBFD0537EDBE7484608F0CCF894F86C
:10AFC0002130002840F03981013B0A2BEBD801A148
:10AFD00051F823F021B10200A7AF0200A3B1020093
:10AFE000A7AF020001B00200A7AF0200A7AF0200A6
:10AFF000A7AF020073B00200A7AF0200D5B00200F5
:10B00000A069618C03697F29D3F88030CBD8A28CEA
:10B01000002AC8D1E28C002AC5D194F82020D2069B
:10B02000C1D194F82C20022A05D10AF0E1FF4FF09B
:10B03000FF33335013E01B0706D5C9B208F0C4F83C
:10B04000804620B1284661E7012384F8353094F822
:10B050002C30012B0BD1638C4BB984F82C300AF0C7
:10B06000C7FF3358002B00F05683284663E70123BF
:10B07000F3E7204607F002FF628CFF2A014692D8D0
:10B08000E38C002B8FD194F82030D8068BD194F824
:10B090002C30002BC9D02AB1D2B2204608F049FA90
:10B0A0000028C2D0618C94F834308B42D7D0C9B21A
:10B0B000204608F045FA80460028C3D1628C002A59
:10B0C00014BF0223012384F82C300521204608F008
:10B0D00055FDC4E794F8203003F01F03012B7FF4E3
:10B0E00062AFE38C002B7FF45EAF628CFF2A3FF6E9
:10B0F0005AAFA18CFF293FF656AF94F82C30022BA3
:10B1000093D1D2B2C9B2204608F02CFC10F1020F44
:10B11000804640F000810AF06BFF46F800809EE711
:10B12000E38CA18C002B7FF43EAF94F82C30002BE5
:10B130003FF47BAF012B0FD100297FF476AF12F0E3
:10B140001F020CD1638C012B89D194F868306FF306
:10B15000C30384F8683082E712F01F0217D0022A76
:10B160007FF47DAFB4F822A0BAF1000F7FF477AF7F
:10B170005FFA81F84146204608F0E6FC03460AF0F3
:10B1800037FF3350013306D14FF0FF385AE700291B
:10B190007FF44BAFD6E752464146204607F0E1FF29
:10B1A0005DE7E38CA18C002B7FF4FDAE638C022B5A
:10B1B0005FFA81F813D194F8203003F01F0358EAA6
:10B1C00003037FF4F0AEA0690122090A07F0D9FF5A
:10B1D00000287FF4E8AE012384F835303FE794F887
:10B1E0002C0000283FF421AF01280DD100297FF465
:10B1F0001CAF12F01F020AD1012B7FF430AF94F87C
:10B20000683043F00803A4E712F01F0211D0022AAD
:10B210007FF425AF002B7FF422AF4146204608F093
:10B220007EFC03460AF0E4FE33500133ACD0012229
:10B23000B2E700297FF4F9AEDEE70A2B3FF6B3AEA2
:10B2400001A151F823F000BF79B20200A7AF0200BC
:10B25000A7AF0200A7AF0200A7AF0200A7AF02008E
:10B26000F9B20200A7AF0200AFB60200A7AF02001A
:10B27000DDB602000C000000E38CA18C022B7FF4F1
:10B2800092AE94F82C30002B3FF4CFAE012B10D1AE
:10B2900000297FF4CAAE12F01F020DD194F8683075
:10B2A0004FEA930808F00208C3F3001348EA0308C2
:10B2B00006E012F01F0210D0022A12D04FF0000850
:10B2C00005F10C0A504607F0C8FDE38C98420ED2F7
:10B2D0000AF08EFE6FF00B03ABE600297FF4A5AEFB
:10B2E000DCE7C9B2204608F03EFC8046E8E741466C
:10B2F000504607F099FDB2E694F82020B4F822A059
:10B30000D2064FEA1A235FFA8AFA09D02946204664
:10B31000FFF792FD8046B8F1000F7FF493AE9EE6F2
:10B32000013B0E2B3FF63FAE01A252F823F000BFC7
:10B330006DB30200B7B302006FB40200A7AF020002
:10B34000A7AF020067B4020067B40200A7AF020013
:10B35000A7AF0200A7AF0200A7AF0200A7AF02008D
:10B36000A7AF0200A7AF0200B7B5020005F10C0AB3
:10B370005046B4F8268007F070FD80450AD2B4F834
:10B380002680204607F07AFD48B101287FF40BAEF5
:10B39000216F05E0504607F060FD8046F1E7E16E61
:10B3A000002900F013810A78424528BF42465046E2
:10B3B00007F029FD53E6204607F060FD0AF101027F
:10B3C00001900146D2B2204608F08DF8824600284E
:10B3D0003FF4E9AD05F10C08D0F804B0404607F0A1
:10B3E0003CFD9BF80020904203D2404607F035FD1B
:10B3F00002465946404607F006FDDAF80CA0BAF1BD
:10B40000000F09D1298AE38C99427FF628AEC91A28
:10B41000404607F013FD22E6DAF8040083681B6B50
:10B4200013B9DAF800A0EAE7019998470028F8D0A4
:10B43000A0F1040B5BF8043F002BF2D01B78002B2B
:10B44000EFD0404607F009FDDBF800301A78904253
:10B4500003D2404607F001FD82B2DBF800104046FF
:10B4600007F0D1FCE6E7204607F008FD9BE55246D1
:10B470000321204607F0CDFD824600283FF493AD1E
:10B4800007F064FEB4F826B0E0B9BAF81430ADF8AD
:10B490002830DAF8103005F10C081B88ADF82A3096
:10B4A000404607F0DAFC834508D2E08C9DF828205E
:10B4B000824228BF02460AA9404679E7404607F083
:10B4C000CCFCF3E700238DF814309AF81530DAF845
:10B4D00008208DF81530C24B1340C24A934258D110
:10B4E000102106A809F03CFC0028FFF65CAD0AAA72
:10B4F0001028DFF8F4E20DF1180C114628BF1020D7
:10B50000404502F1020233D8800002308DF8140069
:10B51000019105F10C0A504607F09FFC9DF814803C
:10B52000D84528BFD846404503D2504607F095FC81
:10B530008046B8F1020FC34628BF4FF0020B5A46AF
:10B5400005A9504607F05FFCA8EB0B08DDF804B036
:10B550004FEA58030BEB58025A4522D118F0010F5D
:10B560003FF47DAD019AD15C504607F055FC76E57D
:10B570001CF8013B4FEA131A03F00F031EF80AA050
:10B580001EF8033002F802AC02F8013C08F1010891
:10B59000B6E79AF814308DF81430DAF810300193C9
:10B5A000B7E71BF8011B5046CDE9023207F03CFC1F
:10B5B000DDE90232D0E7204607F060FC20B1012827
:10B5C0007FF4F1AC236F00E0E36E13B96FF0150860
:10B5D00038E55B88B3F5007F7FF6E5AC834B0A93D3
:10B5E00000238DF82C30A36C04F1480A9A455BD1F6
:10B5F00005F10C0B584607F030FCBDF82A80E38CAF
:10B60000984528BF9846404503D2584607F025FC88
:10B6100080469DF82820424528BF42460AA9584640
:10B6200007F0F1FBB8F1050F94BFA8EB0808A8F1EB
:10B630000508B8F1000F3FF412ADA36C53453FF479
:10B640000EAD002B3FF40BAD5A7D0F2A14D11A7D9D
:10B6500019690193424528BF4246584607F0D3FB7B
:10B66000019B1A7D424594BFA8EB0208A8EB08088D
:10B67000B8F1000F3FF4F3ACE26C9A423FF4EFAC48
:10B680001B68DEE75A7D0F2A0AD11A7DBDF82A1001
:10B690000A44ADF82A209DF82C2001328DF82C2088
:10B6A000E26C9342A4D01B68002BEBD1A0E794F886
:10B6B0002C3094F834A0002B3FF4B7ACE38C012B72
:10B6C0007FF471AC05F10C08404607F0C6FBE38C33
:10B6D0009842FFF4FDAD5146404646E794F82030CD
:10B6E00003F01F03012B7FF4A0AC204607F00FFFEF
:10B6F00000283FF49AACA38C4268FF2B3FF653AC72
:10B7000012799A42FFF44FAC0F2B3FF64CAC234416
:10B7100093F836A0D2E70123A362484607F01BFD49
:10B7200060B9E38C53B12946002007F05AFB054667
:10B7300000283FF402AC6B7E5E07F4D52946204614
:10B7400013B0BDE8F04F08F08AB950077FF5F5ABAC
:10B75000802B7FF4F2AB0846FFF724FBA36A012B92
:10B760007FF4DBAB94F83530002B3FF4D6AB94F884
:10B770002130052B05D1618CA069C9B207F024FDE9
:10B78000804694F82130032B09D1638C022B06D11B
:10B79000A18CA0690022090A07F0F3FC804600236F
:10B7A00084F83530FFF7B9BB52077FF5C6AB002BE5
:10B7B0003FF4ABABCCE7E38C002B3FF4C6AB17F107
:10B7C0000C0118BF0121C90108F057FF0023804672
:10B7D000A362FFF7A2BB6FF00408FFF79EBB00BF98
:10B7E00000FF020000030200AA830300050F05000A
:10B7F00002480022002309F074BF00BFE8030020C4
:10B800002DE9FF41514F4FF0FF334FF0FF3201A9B7
:10B81000384603F079FB039B1B69D3F89C409DF8E5
:10B820000430072BEFD8DFE803F00A041A0D2C27A9
:10B830007B8D00220121204608F0A0F9E3E70022D9
:10B840001146F8E794F8683043F0040301A984F83E
:10B850006830204607F0DAFC00220321EBE794F879
:10B8600068306FF3820301A984F86830204607F03E
:10B87000CDFC00220221DEE701A9204607F0C6FC2C
:10B88000C1E794F86830A6696FF3820384F86830E2
:10B890003369D6F80880BFF35B8FD3F8A030BFF3CD
:10B8A0005B8F9907C3F3400208D40421204608F0B7
:10B8B00065F94FF0FF352A460721BCE7D8F83C3040
:10B8C00030469847D8F82430002130469847D8F8B9
:10B8D0004030054630469847E5B92946204607F0EE
:10B8E0002FFE0546B0B98021204608F015F9A06961
:10B8F00008F076FF831E5842584194F8683084F867
:10B900002C5023F0680343EA401384F868302A4639
:10B91000042190E700220421204608F02FF9CAE70D
:10B9200002990B7ED1F81E2013F07F0F204606D11E
:10B93000FFF7D4FA054600283FF465AFBBE707F0F0
:10B94000E3FEF7E7029A062175E700BFE80300204F
:10B9500030B589B000220023CDE9062300246FF022
:10B960000703CDE90334CDE901441A4B1A49009489
:10B970004FF48062194803F035FF1949174803F066
:10B9800061FE184B18498B4207D3184B1849002009
:10B990008B4210D3002009B030BD03F11402BFF375
:10B9A0005B8F52E8000F42E80045002DF9D1BFF34C
:10B9B0005B8F1833E7E703F11402BFF35B8F52E8A4
:10B9C000004F42E80005002DF9D1BFF35B8F18331B
:10B9D000DEE700BF01B80200403C00203007002035
:10B9E000BB830300C4040020DC040020DC0400202E
:10B9F000DC04002038B5024609490546806908F094
:10BA000056FF044648B985F83400284607F06FFC15
:10BA1000044610B1A86908F07DFF204638BD00BF7C
:10BA2000F1B7020070B5084C084E0546B44202D387
:10BA30000024204670BD636828461968FBF7CAFBDE
:10BA40000028F6D01834F1E7C4040020DC040020FC
:10BA500070B50646EFF31181202282F31288BFF3FE
:10BA60006F8F1D4C236881F31188BFF36F8F5B6864
:10BA700093F86830DB0705D4BDE87040212200232D
:10BA800003F0DABDEFF3118382F31288BFF36F8FF7
:10BA9000256865B983F31188BFF36F8F2368D3B12D
:10BAA00030460022BDE87040002303F091BD61687C
:10BAB0002A6822608D4208BF626083F31188BFF359
:10BAC0006F8F686805F10801C369984703482946E4
:10BAD00009F0B7FDE2E770BDF00E0020A4030020DE
:10BAE00030B585B06C4684E806000546002215484E
:10BAF000002303A903F070F90246E8B9039B94E818
:10BB000003005D60083383E80300EFF31180202316
:10BB100083F31288BFF36F8F039B1A600A4A516840
:10BB200061B9C2E9003380F31188BFF36F8F074812
:10BB30000022002303F04CFD05B030BD0B605360C4
:10BB4000F1E700BFA4030020F00E00200000002059
:10BB500038B54B78046945682069202B08D0222B22
:10BB600019D00AF045FA114B6FF085021A5010E017
:10BB7000CB88072BF5D1D3681A6842609A88028176
:10BB80009B79837208F01BF822460821284608F0AA
:10BB900003F8002038BD4B888381C3F3400203F0D3
:10BBA00001030276437622460921EFE70C000000EC
:10BBB00008B51346026910694A78212A13D133B9AE
:10BBC0000AF016FA0B4B6FF00B021A5009E0CA8804
:10BBD000072A00F1040128BF072203F10C0007F037
:10BBE00012F9002008BD0AF003FA024B6FF085023B
:10BBF000EBE700BF0C00000073B504698DF8071077
:10BC00002025EFF3118685F31288BFF36F8F012291
:10BC1000E06B0DF1070105F082FD86F31188BFF39B
:10BC20006F8F012812D009F097FE08B9A37EABB937
:10BC30000D4BBFF35B8F012253E8001F002903D196
:10BC400043E800200028F7D1BFF35B8F21220023B7
:10BC500004F1480003F0BCFC02B070BD00212120BB
:10BC600009F046FFCDE700BFF80E002038B50569A2
:10BC70000E49EB6B0024C3E90144DC606B6B05F1FA
:10BC80004800C3E90144DC6009F05AFE05F1780080
:10BC9000074909F029FE074905F1240009F024FEAF
:10BCA000284607F08CFF204638BD00BFB73D030093
:10BCB0004D400300D9400300F8B587681446FB6B7C
:10BCC00005460E4698472146064800220023FEF707
:10BCD000EBFF044600B1067628463B6C98472046A9
:10BCE000F8BD00BF2C0400204FF08053D3F8302162
:10BCF000082A06D1D3F83431052B04D8034AD05C86
:10BD00007047002070470120704700BFDC830300AC
:10BD100010F0080F0B4B42B20CD100F00F00002ABC
:10BD20004FF0140202FB0033B4BFD3F80806D3F877
:10BD300008077047002AB4BFD3F8A806D3F8A807AD
:10BD4000704700BF00700240F8B50246EFF311855E
:10BD5000202383F31288BFF36F8F00F0080708F0E9
:10BD6000D4FE0126864012F07F0F1E4B6FEA0604B8
:10BD700032D057B11A6822401A601B4BC3F86C646A
:10BD800085F31188BFF36F8FF8BD184F396821FA1A
:10BD900000F0C0070AD419682140196014490B68E3
:10BDA000120654BF234033430B60E6E7214039605D
:10BDB00051B2C94322F08000C90F00F2DA30090104
:10BDC00001EB40010848C0F80018D0F8041841F011
:10BDD0000201C0F80418DEE7196821401960002F3D
:10BDE000CBD1DBE7540F002000700240500F002041
:10BDF000580F0020EFF31180202383F31288BFF344
:10BE00006F8F0A4BD3F8001C032261B949F27531D8
:10BE1000C3F8001CC3F8142DC3F8001C80F311886C
:10BE2000BFF36F8F7047C3F8142DF7E700E00640AB
:10BE3000EFF31180202383F31288BFF36F8F0A4B37
:10BE4000D3F8001C61B949F27532C3F8002CC3F86D
:10BE5000141DC3F8002C80F31188BFF36F8F704757
:10BE60000022C3F8142DF6E700E0064070B5024644
:10BE700008F04BFEEFF31185202383F31288BFF304
:10BE80006F8F531E0124062B04FA00F40FD80E4EB8
:10BE90000E4B31681B680B43C34013F0010306D1FE
:10BEA0000B4802F59472214340F822303160094A70
:10BEB000136823431360084B8022C3F8042185F3E1
:10BEC0001188BFF36F8F70BD500F0020580F0020F6
:10BED00000700240540F002000E100E0F8B50306B6
:10BEE000044623D410F0080720D100F00F0292007E
:10BEF00002F1804202F51C32D2F84434B3B1EFF3C0
:10BF00001186202383F31288BFF36F8F08F0FDFDA5
:10BF1000084DC2F8A074012303FA00F12B6823EA4C
:10BF200001032B6086F31188BFF36F8F024BC3F8B8
:10BF30001845F8BD580F00200070024008B50B7E70
:10BF4000012203F00F0013F0800F02FA00F2124BEF
:10BF500012D0D3F81005104218D00B7E1A0709D45E
:10BF60000D4AC2F80C3543F48073C2F80C35087ED4
:10BF7000FFF7B4FF002008BDD3F814051042ECD140
:10BF8000D3F814050243C3F81425E6E7D3F81005E7
:10BF90000243C3F81025E0E7007002400B7E064A1A
:10BFA00013F07F0F0BBF012343F480735365C2F876
:10BFB00018350020704700BF0070024038B50446B5
:10BFC0000D4608F052FDA8B12946204608F038FD7C
:10BFD000204608F043FD10B12846FEF7E3FE29464F
:10BFE000204608F050FD064B1B7813B9054B012283
:10BFF0001A6538BD204608F03FFD0028E4D1E7E788
:10C000006A1300200070024038B545682C4654F889
:10C01000040B01F04BF8094B002218600121272086
:10C02000FEF70AFB204602F0B3FC05F1080002F01F
:10C03000F5FC09F036FA002038BD00BF0C0F0020D7
:10C04000012810B5014602D0022807D098B90A4B42
:10C05000BDE810401868002208F010BA074B084CE1
:10C0600000221A70074BC4F800332720FEF7B4FAF9
:10C070000123C4F8043510BD5C0F002067130020B5
:10C0800000700240FDFFDF010146014809F0AFBE2C
:10C090002004002008B5054B1970054B1B7813B11F
:10C0A0000420FFF7F1FF002008BD00BF6813002047
:10C0B000691300202DE9F04F494B0769186089B0DA
:10C0C000054607F1840009F01BFB00220023CDE99F
:10C0D000062300246FF00703CDE90334CDE90144C2
:10C0E000404B414900954FF40072404803F07AFB01
:10C0F0003F4E40493D48DFF80091DFF800A103F0D2
:10C10000A1FA32693E4B134043F4820343F04003EB
:10C110003361B04634763146284608F06AF9002883
:10C120005AD10134092C18D008EB4412082C937C06
:10C1300043F04003937408D1D8F81031314A1A40C3
:10C14000314B1343C8F8103105E0136909EA0303C2
:10C1500043EA0A0313612036DCE72C4C2C4B22699E
:10C16000DFF8A090DFF8A0A0DFF88CB0134043F414
:10C17000041343F0400323610646A04666F07F03A4
:10C1800023762146284608F034F928BB0136092ECB
:10C190001AD008EB4612082E937C43F020039374C8
:10C1A00008D1D8F8103109EA030343EA0A03C8F8B2
:10C1B000103107E013690BEA030343F4C02343F093
:10C1C000400313612034D9E797F8803023F07603D9
:10C1D00043F0760387F8803009B0BDE8F08F00BFE8
:10C1E0005C0F002025C3020080400020F0070020E3
:10C1F00080100020D38303000000F9FF40000600F8
:10C200000000BEFF0000F7FFFF010800600F0020E4
:10C210000000DEFF38B50D4628461146144608F0EA
:10C220001BF9287E802809D1238A3BB9637E5B07EE
:10C2300004D54020FFF728FF002038BD08F065FC3A
:10C240000146024808F0A8FC0120F3E7A4110020F1
:10C2500008B5064A0B7EC2F80C3543F48073C2F869
:10C260000C35087EFFF73AFE002008BD0070024042
:10C2700010B50C7E4FF0FF324FF0FF33114802F043
:10C28000D5FF2046FFF760FD04F00F020123934025
:10C290000D4A14F0800F14BFD2F81015D2F81415FF
:10C2A0006FEA030315BF0B400B40C2F81035C2F80C
:10C2B0001435044802F086FF044B8022C3F80421A1
:10C2C000002010BD100400200070024000E100E0DA
:10C2D00070B505460E7E0C464FF0FF324FF0FF332F
:10C2E0000E4802F0A3FF3046FFF72EFD0B4802F088
:10C2F00069FF0B4B8022C3F80421204608F093F815
:10C30000014620B16FF07002284608F0C3F82046BD
:10C31000002108F069F8002070BD00BF1004002063
:10C3200000E100E02DE9F04FBC4FBD4D85B0044663
:10C330004FF0FF384FF0FF390022CDE900894FF070
:10C34000FF31384609F05AFD4FF0FF31384609F009
:10C3500051FD10F0080F82462ED0B24842464B469F
:10C3600002F064FFEFF31182202383F31288BFF3FE
:10C370006F8FAD4B1B787BB1D5F8003413F400738D
:10C380000AD10121C5F82C15D5F82C15D5F80014C3
:10C39000890548BFC5F82C3582F31188BFF36F8F2C
:10C3A000A04802F00FFF0121204607F0F0FF002215
:10C3B0000321204608F062F81AF0100F08D000217F
:10C3C000204607F0E4FF00220221204608F056F83C
:10C3D0001AF0200F08D00021204607F0D8FF0022D5
:10C3E0000221204608F04AF81AF0020F40F085803A
:10C3F0001AF0010F10D0BFF35B8F8C4B002253E873
:10C40000006F43E800210029F9D1BFF35B8F4FF0A3
:10C410000108002E40F0DA801AF0400F0AD0802187
:10C42000204607F0D4FF07F0FAFF014610B120467E
:10C43000FFF7C4FD1AF0040F3FF47AAF0021204645
:10C4400007F0C5FF80218046204607F0C0FF064662
:10C45000404607F0E8FF08B1FEF7A4FC304607F0BD
:10C46000E2FF08B1FEF79EFC0021404607F0BCFF4A
:10C470003046002107F0B8FF08220021204608F0CE
:10C480009FF9064600283FF453AF07F0E7FFD5F8C1
:10C490008014F368C9B21970D5F88424D2B25A70E6
:10C4A000D5F88804D5F88CC440EA0C2058801FFACF
:10C4B00080FED5F89004D5F894C440EA0C2098800A
:10C4C000D5F89804D5F89CC440EA0C201FFA80FCEB
:10C4D000D880574811B9052A00F08F80DFF854C181
:10C4E00000220270D5F870149CF800C08C4540F012
:10C4F000A780514B00221A70B2E0504BBFF35B8F04
:10C50000002253E8008F43E800210029F9D1BFF34E
:10C510005B8F4FF00109B8F1000F3FF469AF98FA53
:10C52000A8FBBBFA8BFB09FA0BF3BBF10F0F28EA50
:10C53000030810DDABF11006F6B23146204607F0D5
:10C5400046FF029007F06BFF834630BB3146204622
:10C5500008F0F9FADFE74BF080063146204607F095
:10C5600036FF029007F05BFF039058B1029800215C
:10C5700007F03AFF039BBBF1000F08D11946204694
:10C58000FFF71CFD3146204608F0C7FAC3E700223A
:10C590001946204607F07EFFF4E70298002107F0D5
:10C5A00023FF6EB92046594608F06DFA204608F080
:10C5B0005CFA0028CAD05946204608F0D6F9C5E7EB
:10C5C00000225946204607F065FFBFE796FAA6F31A
:10C5D000B3FA83F308FA03F20F2B26EA020606DD0C
:10C5E000A3F11001C9B2204608F0ADFA11E743F0FB
:10C5F0008001204608F091FA0BE701220270BCF19D
:10C60000000F03D03046FEF7CDFB91E60EF07F021F
:10C610005A8083F804C083F805C06AE7200400202C
:10C62000007002401004002067130020A4110020B5
:10C630006A1300206813002069130020A011002055
:10C64000DFF8A0C01A7001218CF8001001700521DC
:10C650005970D5F8701459801A715A719A71DA713B
:10C66000082106F10C0006F0C8FB2046314608F010
:10C670000AFA204608F0EBF920B31B4B4FF00008F4
:10C6800083F80080F36841462046B3F806A007F01F
:10C690009EFE414681465246204608F091F80146EA
:10C6A00048B1484607F0D8FE4146204608F04BFA0C
:10C6B0000123EB643CE66FF00B023146204607F0A5
:10C6C000E9FE35E6204608F0C9F930B1064B802274
:10C6D00020461A7008F06FF92AE6204608F091F912
:10C6E00026E600BF69130020661300204FF0805338
:10C6F000D3F83031082B02BF024B0022C3F81C2CA8
:10C70000704700BF007002402DE9F04105464FF030
:10C71000FF324FF0FF33384802F088FD374B80225C
:10C72000C3F884212720FDF779FFA0B1344F354BA2
:10C730003C681B68240C24041C434FF001088CBB8C
:10C74000314E40F2FF133B602720C6F80445FDF749
:10C7500051FFC6F800432D4A13788BB12A4B0021B4
:10C76000C3F808110121C3F80026C3F80416596064
:10C77000D3F808110029FBD00021C3F8081111706B
:10C78000214B0024C3F80045FFF7B0FF1A4802F020
:10C7900019FD2146284607F035FFC0B16FF00400AF
:10C7A000BDE8F08194FAA4F6B6FA86F60F2E334669
:10C7B000C6BFA6F11003D8B243F08000030701D42E
:10C7C000FFF7C2FA08FA06F624EA0604B7E7802162
:10C7D000284607F017FF0028E0D10D4B0D491C68D3
:10C7E000204604F014FF10F1780F02D1204604F027
:10C7F000EAFE00EAE070D3E71004002000E100E068
:10C80000580F0020540F00200070024064130020D5
:10C810000C0F0020FC0E00202DE9F04F404B414F43
:10C82000D3F8542185B0B2B10022C3F85421D3F813
:10C83000042391020FD5D3F8C034002B3B6814BFFA
:10C840004FF001224FF480721343374A3B60136864
:10C8500023F001231360324BD3F8604134B100223E
:10C86000C3F86021D3F86C44C3F86C44D3F8282192
:10C870004AB10022C3F828212C4B187808F045F95A
:10C88000012383401C43DFF8A8A09AF800509AF9CE
:10C8900000102A0732D40029B4BF264B264B05F0DE
:10C8A0000F02920013441A68002A5AD000221A601C
:10C8B0002846FFF72DFA214B1A7800F0010050406E
:10C8C0001870FFF713FF1E4B28461A6808F01DF971
:10C8D000C240D30706463BD4002916DA882D06D17C
:10C8E0000146184808F058F90220FFF7CDFB0E4A20
:10C8F00001231168B3400B4313602FE0124B134A1E
:10C9000013EA210338BF1346CDE701460D4808F06E
:10C9100043F90220FFF7B8FB013D062DE7D91DE0E2
:10C9200000700240580F0020500F002066130020B6
:10C93000651300200871024030710240641300202A
:10C94000540F0020A01100202C71024050710240B1
:10C95000002D40F0F0809C4B0122DA649B4802F0ED
:10C9600031FC94B13B689A4ADFF86882DFF868923C
:10C9700024F001210B433B60136823EA0103136099
:10C98000A4B20126002C40F0DA808F4BD3F80021AE
:10C990004AB10022C3F80021904B1A708D4B04213C
:10C9A000186807F06BFD884BD3F858212AB3002292
:10C9B000C3F85821D3F80044C3F80044E00505D576
:10C9C000864B012208201A70FFF75EFBA10505D5F2
:10C9D000824B002210201A70FFF756FB62050CD51F
:10C9E0007E4B1A784AB100221A70774B0122C3F8A5
:10C9F000082520209A65FFF747FB734B784CD3F846
:10CA00005C31E3B1714B9B681BB99AF800305B064F
:10CA100015D06D4B0022C3F85C2123686C4A23F0CB
:10CA2000011323603B6823F4803343F001033B6030
:10CA30001368042023F001131360FFF725FB24681B
:10CA40003B681C4074D0604BD3F82C35002B6FD161
:10CA50005E480022002302F0E9FB002868D114F0B0
:10CA6000012314BF93FAA3F494FAA4F4B4FA84F45F
:10CA70000F2C88BFA4F11008564B8CBF5FFA88F8C2
:10CA800044F080081868414607F0A1FC009007F0C8
:10CA9000E1FC4FFA88FB08F00802BBF1000F0346E7
:10CAA000019208F00F0980F29F80009B058A5B8B42
:10CAB000C668C3F30A039D4206F0604271D9B2F121
:10CAC000005F1D4605D031464648464E1A4609F0DD
:10CAD0009FF94FF080530121D3F83031082B02BF6A
:10CAE000394B8222C3F81C2C3B68019A8AF80080DB
:10CAF00001FA04F423EA04033B60334B002A40F0BC
:10CB0000AB80BBF1000F4FF0140202FB0932A9BF4A
:10CB100009F10A0903EB8903C2F80067C2F8045758
:10CB2000AFBF43F82910C2F80066C2F80456596036
:10CB300005B0BDE8F08F0029BFF6EEAED7E694FA57
:10CB4000A4F5B5FA85F506FA05F345F08005294602
:10CB5000D8F8000024EA030407F039FC07F07AFC57
:10CB600083462846FFF7D4F801460BF10C0006F087
:10CB70006CF9BBF81030002B7FF404AF584607F077
:10CB800074FC18B1584607F074FCFBE6284607F021
:10CB9000BCFF0146484607F0FFFF0220FFF774FA8A
:10CBA000F0E6009207F061FC009AB2F1005F0346E4
:10CBB00007D0009031460B480A4E2A4609F028F962
:10CBC000009B002B3BD084E7007002401004002043
:10CBD000500F00205C0F0020A011002067130020E0
:10CBE000540F0020100F002008F00801224A71B3F2
:10CBF000D2F8C02412F4803F18BF0022198A53F8DB
:10CC00000C6F039218460E44029306F026F9039A1D
:10CC1000029B904228BF104601460546184606F082
:10CC2000ECF8009B039A598B029BC1F30A019142D5
:10CC300005D1184606F011F900287FF44AAF0F49D4
:10CC400001220B68A24023EA02030B6041E709F5C9
:10CC5000947152F82120D1E7BBF1000FB5BFC3F8A2
:10CC6000A066C3F8A067C3F8A456C3F8A457B4BF1E
:10CC7000596299645CE700BF00700240540F0020C5
:10CC8000EFF31183202282F31288BFF36F8F174ACC
:10CC900012781AB3164AD2F82C15F9B10021C2F84D
:10CCA0002C154FF08052D2F83021082A05D083F39A
:10CCB0001188BFF36F8F002070470E4AD2F8000C26
:10CCC000C02140B949F27530C2F8000CC2F8141CFA
:10CCD000C2F8000CEBE7C2F8141CE8E783F31188F4
:10CCE000BFF36F8F6FF00A00704700BF671300201B
:10CCF0000070024000E0064013B500220092114689
:10CD00004023044607F023FC024618B16FF00400EC
:10CD100002B010BD009040238021204607F017FC90
:10CD20000028F3D1534901238B60534B4860C860FE
:10CD3000186804F0F1FB0028EADBEFF311842023EC
:10CD400083F31288BFF36F8F4C4B4FF40062C3F82C
:10CD50000024FEF7C9FF08B1FFF74CF84FF08053ED
:10CD6000D3F83031082B18D1EFF31180202383F34F
:10CD70001288BFF36F8F424BD3F8001CC0220029EA
:10CD800071D149F27531C3F8001CC3F8142CC3F8F3
:10CD9000001C80F31188BFF36F8F384B0122C3F85A
:10CDA0000025D3F800241205FBD54FF40062C3F828
:10CDB00000244FF08053D3F83031082B17D1EFF314
:10CDC0001180202383F31288BFF36F8F2C4BD3F88D
:10CDD000001C00294AD149F27532C3F8002CC3F86F
:10CDE000141CC3F8002C80F31188BFF36F8FFEF77B
:10CDF0007BFF30B1FFF71CF8FEF776FF08B1FEF7B6
:10CE0000F9FF4FF08053D3F83031082B1B4B0AD178
:10CE100040F2E372C3F800284022C3F80428BFF3AD
:10CE20006F8FBFF34F8F8022C3F81C250122C3F8F8
:10CE30003025144B40F2FF121A60134B0021196089
:10CE4000124B1960124B1970FFF750FC114B1970FF
:10CE5000FEF74AFF08B1FEF7EBFF84F31188BFF33A
:10CE60006F8F002054E7C3F8142C92E70022C3F818
:10CE7000142CB8E7FC0E00200C0F002000700240BC
:10CE800000E00640580F0020540F0020500F0020F3
:10CE90006413002066130020084B70B5C31A0D46BA
:10CEA00007499B10044659430648402207F090FE6C
:10CEB0002B4601462046BDE870401847BC110020B3
:10CEC000B76DDBB69460030073B50C4C0C4A40237D
:10CED000041B00930D460B460A49A4106143064605
:10CEE000094807F0A1FE011E05DA30462B4602B0C4
:10CEF000BDE87040184702B070BD00BFBC110020F3
:10CF0000934C0300B76DDBB69460030010B5EFF3EC
:10CF10001184202383F31288BFF36F8F074A1368AD
:10CF200023F00201DB07116002D4012008F02BFA84
:10CF300084F31188BFF36F8F10BD00BF0C12002067
:10CF4000002270B5012104461046FDF775FB0F481D
:10CF500001F088F80E4B984215D101F093F826693C
:10CF60000C49304604F0C5FA00280BDB0125356476
:10CF70002469084904F11C0004F0BBFA002801DB15
:10CF8000E564002070BD6FF00400FBE791D0020063
:10CF90000000AD0B086B03001FB500220123CDE993
:10CFA0000223094ACDF800D06B46CDF804D007F033
:10CFB00069FE002805DB4FF480420023684602F03A
:10CFC00035F905B05DF804FBB14C030030B4104BEB
:10CFD0000C2202FB003301460020D3E90E52986375
:10CFE000EFF31180202484F31288BFF36F8F1C6C41
:10CFF00004F0C00444F002041C6480F31188BFF301
:10D000006F8F1DB12B46034830BC184730BC7047AA
:10D01000BC1100209460030010B4EFF311822023B0
:10D0200083F31288BFF36F8F1748016841F0020441
:10D030000460C80707D482F31188BFF36F8F012003
:10D0400010BC01F037B84FF08041D1F80C04D1F892
:10D050000C14C907EFD5EFF3118083F31288BFF3E7
:10D060006F8F0A490B6C03F0C00343F002030B649B
:10D0700080F31188BFF36F8F82F31188BFF36F8F36
:10D08000002010BCFFF7A2BF0C120020BC11002032
:10D0900010B1012804D07047034B1B6C5B0701D112
:10D0A000FFF794BF704700BFBC110020024AC3B213
:10D0B0001C2003FB00207047BC1100202DE9F0412B
:10D0C0003849BFF35B8F0746012251E8003F41E832
:10D0D00000200028F9D1BFF35B8F33B932493348C0
:10D0E0004B60CB608A6004F017FA7B1E012B2BD8B3
:10D0F000012F07D14FF08043D3F81C3403F0030312
:10D10000012B21D008F028FC0546F8B9284B1B78E4
:10D11000E3B14FF080430222C3F808230646DFF84C
:10D1200094804FF08044D4F81824D4F81834D203F3
:10D1300015D503F00303012B01D0012F0FD155B3F7
:10D1400086F31188BFF36F8FBDE8F081EFF311868E
:10D15000202383F31288BFF36F8F0125DFE7ADB182
:10D16000304605F0B9FCD4F81835002BDBD1D4F8E3
:10D170000421002AD7D0C4F80431D4F804310123A3
:10D18000C4F81835C8F88031A360CCE7002121200D
:10D1900008F0AEFCE7E74FF080430222C3F8042317
:10D1A000D2E700BFB8110020A8110020D81100203C
:10D1B0008F13002000E100E008B5074808F0ABF944
:10D1C00038B10648FDF76EFC0448FAF7BDFA0020B6
:10D1D00008BD6FF01200FBE700610300E1D102001F
:10D1E0000A2838B5074D044604D1AB680D215B68A9
:10D1F00028469847AB6803485B68E1B298472046E9
:10D2000038BD00BF00610300F0B516464268107BD0
:10D2100001F01F0444EA4014106987B0002872D05E
:10D22000B6F5001F02F1100506D12146284608F088
:10D230002AF9002007B0F0BD01A80027B6F5800F3D
:10D240000197476039D1B3F1007F14BF0523042350
:10D250008DF804300023CDE904030393936823FA87
:10D2600001F111F001010DF103073ED1B6F1A07FEC
:10D270003BD104F01F03620903F5E07328D0012AB3
:10D2800047D1254A52F82330DB072ED43A462146AF
:10D29000284601F0F9F9214B98421CD0029703AAC5
:10D2A0002146284601F0B0F81D4B98422ED10122AC
:10D2B0002146284601F040FABBE7B3F1C06F05D024
:10D2C000B3F1007F14BF01230223C1E70323BFE7AB
:10D2D0004FF0A042D6E73946284601F025FA104B18
:10D2E0009842DBD06FF00B00A4E73A46214628466F
:10D2F00001F0CAF90A4B9842D1D19DF80310284693
:10D3000001F00AFACBE76FF0850093E76FF01500A4
:10D3100090E751F82330FFDE000300500400AD0B0E
:10D320000000AD0B420970B5034602D0012A17D0A8
:10D3300070BD0D4E326951680029F9D003F01F030A
:10D3400001250C689D400029F2D08A682A4002D04D
:10D350004B68304698472CB1236821461C46F2E7BB
:10D36000024EE7E72346F8E7DC600300B8600300FD
:10D3700038B545682B69B3B11035284601F0C2F9BC
:10D38000044680B90146284601F098F9084B9842B6
:10D390000BD108492246284601F070F922460521A2
:10D3A0000620FDF749F9002038BD6FF00400FBE7C7
:10D3B0000000AD0B25D302002DE9F043466840F292
:10D3C0000635D006337B87B002EA050554BFC2F3A9
:10D3D0004010032001F01F07B5F5837F144647EA8C
:10D3E00043178DF8030045D00FD8062D18D007D865
:10D3F000B5B1022D40D06FF0150007B0BDE8F08345
:10D40000B5F5807FF7D101250AE040F2022295426E
:10D4100034D0B5F5407F33D0B5F5007FEBD1022590
:10D420000123220303FA01F12CD57368C3F8081510
:10D43000326982BB07F01F037F0929D0012F77D102
:10D440003E4A02EB830284F48033D2F80017C3F320
:10D450000043C4F3404444EA430421F4E16144EA54
:10D46000800421F0070144EA05230B43C2F800378A
:10D470000020C2E70725D3E70425D1E70525CFE73C
:10D480000325CDE7630344BF7368C3F80C15CFE7EA
:10D490004FF0A042D5E710360DF102023946304672
:10D4A00001F0F2F814F4403F80460CD13946304682
:10D4B00007F0E7FF224B9845DAD19DF8021030467D
:10D4C00001F02AF9D4E701AB4FF0000903AA39466D
:10D4D0003046CDE90439CDE90199CDF80C9000F042
:10D4E00093FF174B984286D114F4003315D09DF862
:10D4F00003308DF80E3084F48034C4F300444B467E
:10D5000003AA394630468DF80C508DF80D4001F0D5
:10D5100037F80B4B9842CDD06DE7CDE9043303AA21
:10D520000DF1030339463046039300F06DFFF0E739
:10D5300003F5E07352F82330FFDE00BF0003005014
:10D540000000AD0B036803F01F025B09026004D00A
:10D55000012B034818BF002070474FF0A0407047D0
:10D56000000300502DE9F04FDFF89491DFF894A10B
:10D5700085B01546834600EB810140F2FF185945FE
:10D5800003D1002005B0BDE8F08FDBF800305E0469
:10D59000C3F3C322C3F3080400F1AC801B0E19F8D7
:10D5A0000270444508BF4FF0FF34222B00F2A580E3
:10D5B000DFE803F012191F22252B22A3A3A3A33B0C
:10D5C00068A3A3A3A3A3A3A3A3A36B818487A3A3FB
:10D5D000A38A9194979A9D00C5F80C45601C5ED172
:10D5E0000BF1040BCBE7C5F81445621CF8D00026FC
:10D5F0005FE0C5F80845F1E7C5F81045F5E7631C9D
:10D60000C5F80845ECD0002604E0661CC5F80C45BA
:10D61000E6D0012603A80394FFF794FF039B0122A1
:10D6200002FA03F3C0F80C3508E0C5F80845002FEE
:10D63000DBD1631CD4D0002632460627DBF800304D
:10D64000019303F40040002818BF002203A80092B1
:10D6500018BF01260394FFF775FF039C019B009AF6
:10D6600000EB8400C3F3412CD0F800473B0243EAAF
:10D670008C03134304EA0A04234343EA4603C0F835
:10D680000037ADE7C5F80C45D1E7C5F86045601C2B
:10D69000DBF80030A4D0C3F30043002BB9D003A8BB
:10D6A0000394FFF74FFF039B012606FA03F3C0F82C
:10D6B00008353246C2E7C5F86445E8E7C5F868456D
:10D6C000E5E7C5F86C45E2E7C5F82445621C87D05C
:10D6D00000220126B2E7C5F828457FE7C5F83045A6
:10D6E000F4E7C5F83445F1E7C5F83845EEE7C5F885
:10D6F0003C4573E76FF0150044E76FF0850041E7A4
:10D7000039840300F0F8FCFF38B570B1074C084AC3
:10D710004FF400450021E0FB054100232046F9F7C6
:10D720003FFDBDE8384008F0E3B938BD3F420F0087
:10D7300040420F002DE9F041044647680D4608F0CD
:10D740000BF988B14FF02008EFF31186314688F3CA
:10D750001288BFF36F8F606807F047FD50BB86F3F8
:10D760001188BFF36F8FEFE71F4B1B78002BE9D0B9
:10D770004FF020086426606807F037FD70B901207B
:10D7800007F0F3FD013EF6D10021212008F0B0F9A9
:10D79000F0E786F31188BFF36F8FF5E7EFF311869B
:10D7A000314688F31288BFF36F8F606807F01DFD64
:10D7B0000028EED0BB691D706368BA691B68002041
:10D7C000C3F844250122C3F84825C3F82001D3F843
:10D7D0002041C3F85801D3F858019A6081F31188A9
:10D7E000BFF36F8FBDE8F0818F130020F8B50022E2
:10D7F000054601210220FCF71FFF0220FCF7ECFE8A
:10D800006C680121E06807F044FD6B681A682369C1
:10D81000C2F82435617D237D0B43A17D0B43C2F803
:10D820006C356E68D6E9004313F001033CD02F69D4
:10D8300007F10C0007F0A5FD2A4B98424ED1387B2A
:10D8400004F10C0204F5907107F091FD387B01277B
:10D8500007FA00F000F09EFB0823C4F80035B36916
:10D86000C4F844350023C4F84835A760D4F85831CB
:10D87000002BFBD00021C4F800156D682C68E86807
:10D8800007F007FD0823C4F800352A7A52B9EB697E
:10D89000C4F834350123C4F83835C4F81021D4F85D
:10D8A000102123600020F8BD0822C4F80025B269C9
:10D8B000C4F84425C4F848350123A360D4F82031C6
:10D8C000002BFBD00023C4F82031D4F820310123F1
:10D8D000E3604FF48073C4F80433C7E76FF00400CB
:10D8E000E1E700BF0000AD0B70B5012383400E4A95
:10D8F000BFF35B8FDC4352E8001F01EA040542E8F6
:10D900000056002EF7D1BFF35B8F4FF48032824078
:10D910000648C0F80823BFF35F8FBFF36F8F0B4239
:10D9200014BF0120002070BD5C12002000100140D7
:10D9300070B40E49D1E90034D01AC31844F1000480
:10D9400022F07F46C1E90034A6F50013B3F5400F7D
:10D9500009D2074B1B681A0A1B069C19054B42F19A
:10D960000005C3E9004570BC02F0F6BCC008002009
:10D9700060120020C808002011B3BFF35B8F0123A1
:10D98000104A834052E800CF4CEA030C42E800C141
:10D990000029F7D1BFF35B8F0B4A4FF480338340EC
:10D9A000C2F80433094BBFF35B8F1B68BFF35B8F77
:10D9B000C340DB0742BF064B4FF40032C3F80021DF
:10D9C000704700BF5C120020001001405812002078
:10D9D00000E100E00D4B1868010A0006BFF35F8FFD
:10D9E0000B4BD3F80435181841F10001B3F5801F33
:10D9F0000AD2084BD3E90023904271EB030303D210
:10DA000010F1807041F10001704700BF60120020EA
:10DA100000100140C80800202DE9F04F85B01646DF
:10DA20001F469DF840A00446FFF75EFF0190FFF7F8
:10DA3000D1FFB04271EB070354D23E4B301A67EB73
:10DA40000101984271F100014FD23B4B03EB0413EB
:10DA5000D3E902239F4208BF96425ED037494FF474
:10DA6000803804F1500508FA04F8AD00C1F8488385
:10DA70002046ADB207F068FC26F07F4B05F18045EB
:10DA800004F5A87305F58835DC464FF003090293C9
:10DA9000029A2CF07F4341F82230C1F84483D1F838
:10DAA0000435274A6FF00200C01A604420F07F401E
:10DAB000904232D9286868B1D1F804350393A3EBBA
:10DAC0000B0020F07F40B0F5000F26D9204607F06C
:10DAD0003BFC039BBAF1000F07D109EB030C09F1E2
:10DAE0000109D5E7BAF1000F09D06FF015052046FE
:10DAF0000199FFF741FF284605B0BDE8F08F0123EB
:10DB0000104ABFF35B8FA34052E8000F184342E86E
:10DB100000010029F8D1BFF35B8F07490E9823015C
:10DB200001EB0412C8500F9B5360C2E90267002545
:10DB3000DDE700BF01008000B008002000100140B8
:10DB4000FDFF7F00581200207FB51C4C1C4BC4F811
:10DB50000833C4F848331B4B00254FF0FF304FF01B
:10DB6000FF31C4F80855C3E902014FF48033C4F80B
:10DB70000433154B02264FF400320121C4F804632C
:10DB80001120C3F880212A46FCF756FD1120FCF72E
:10DB900023FD0E4A0123A360236013600C4B0D4A42
:10DBA0000093CDE9015500232846FFF735FF3046A5
:10DBB000FFF784FA284604B070BD00BF0010014092
:10DBC00003000F00B008002000E100E05C1200201C
:10DBD00031D90200FFFF7F002DE9F7432F4CD4F825
:10DBE000043399070BD5D4F8043143B12C4A0023F0
:10DBF000C4F80431D4F80431136801331360D4F845
:10DC00000433DA0329D5BFF35B8F264B53E8002F8B
:10DC100022F0010143E800100028F7D1BFF35B8F29
:10DC2000D30702D4D4F84031BBB10025C4F8405129
:10DC3000D4F84031FFF7CEFEEFF31182202383F3B7
:10DC40001288BFF36F8F184BD3E90267B042B94116
:10DC500006D282F31188BFF36F8F03B0BDE8F08363
:10DC60004FF0FF384FF0FF39C3E90289D3E90010C4
:10DC70001D604FF48033C4F84833C4F84051D4F8E1
:10DC8000403182F31188BFF36F8F0029E5D00090F7
:10DC900032463B4628468847DFE700BF0010014078
:10DCA0006012002058120020B008002030B5431C3C
:10DCB000124C85B005D08442A8BF0446012CB8BFE1
:10DCC0000124FFF787FE0E4B0C4DD3E90013401AD9
:10DCD000B0F5000F10D22218AA4228BF2A465218C7
:10DCE0004FF0000007490091CDE9010043F1000326
:10DCF000FFF792FE05B030BD2A46F0E7FFFF7F0038
:10DD0000C008002031D9020008B5FFF763FE024BBE
:10DD10001B68C01A08BD00BFC00800204FF0805328
:10DD2000D3F83021082A06D1D3F83431052B02D894
:10DD3000024AD05C70470020704700BF8C8403000B
:10DD4000024AD2F80034002BFBD0704700E00140BB
:10DD500010B54FF08053D3F83021082A4ED14FF040
:10DD600080420021C2F80C11C2F81011C2F8381517
:10DD700002F54042D3F80414C2F82015D3F8081471
:10DD8000C2F82415D3F80C14C2F82815D3F81014CF
:10DD9000C2F82C15D3F81414C2F83015D3F818149F
:10DDA000C2F83415D3F81C14C2F84015D3F8201467
:10DDB000C2F84415D3F82414C2F84815D3F828142F
:10DDC000C2F84C15D3F82C14C2F85015D3F83014FF
:10DDD000C2F85415D3F83414C2F86015D3F83814C7
:10DDE000C2F86415D3F83C14C2F86815D3F840148F
:10DDF000C2F86C15D3F84434C2F87035FFF78EFFC3
:10DE000018B13A4B3A4AC3F88C26FFF787FF18B18E
:10DE1000384BFB22C3F81825FFF780FF70B14FF095
:10DE200080414FF08053D1F8E42ED3F8583222F0DD
:10DE30000F0203F00F031343C1F8E43EFFF76EFF38
:10DE400020B12D4B4FF40072C3F840264FF08053A1
:10DE5000D3F83031082B1AD14FF08043D3F8002487
:10DE6000D20744BF6FF00102C3F800244FF0805383
:10DE7000D3F83431052B02D8204AD35C3BB14FF0A4
:10DE80001023D3F808224FF08043C3F858254FF0F1
:10DE90001023D3F80022002A03DBD3F80432002B2E
:10DEA00022DA174901234FF01020C1F8043512245B
:10DEB000FFF746FFC0F80042FFF742FFC0F80442F8
:10DEC000FFF73EFF0023C1F80435FFF739FFBFF32A
:10DED0004F8F0C490C4BCA6802F4E0621343CB60CD
:10DEE000BFF34F8F00BFFDE710BD00BF00500040E3
:10DEF0004881030000F00040009002408684030047
:10DF000000E0014000ED00E00400FA0530B50468CF
:10DF1000CCB1BFF35B8FB4FA84F3C3F11F03DBB260
:10DF200001229A4024EA020250E8005FA54204D18F
:10DF300040E8002CBCF1000FF6D1BFF35B8FE6D1B7
:10DF400002480B7030BD0248FCE700BF0000AD0B7B
:10DF50000200AD0B10B50368CB40DB0714D40123DE
:10DF60008B400268BFF35B8F43EA020150E8004F29
:10DF7000944204D140E8001CBCF1000FF6D1BFF37D
:10DF80005B8FEED1014810BD0148FCE70000AD0BEE
:10DF90000400AD0B014BC3F80405704700F00140CD
:10DFA000F7B50546F8B101281BD104224FF4807360
:10DFB00001464FF0804003440244C0F80813002695
:10DFC000012111601E608D421B688DF8071008BF8B
:10DFD0000DF1070642F210744FF0804745B1012D54
:10DFE00029D003B0F0BD0C224FF482730221E0E788
:10DFF000D7F8183403F4803366B9002BF1D0012030
:10E0000007F0B3F9013CF3D1EBE707F0AEF9013CBF
:10E01000E4D1E6E7D7F8182402F003023260002BBF
:10E02000DFD09DF807000128EFD0012DD9D10C4B8E
:10E0300000225A71D5E7D7F80C3403F480333EB987
:10E04000002BF4D0012007F090F9013CF3D1C8E790
:10E05000D7F80C2402F001023270002BE1D1E6E780
:10E0600064120020044B1A7922B9012218609A80A8
:10E070000248704702487047641200200000AD0B50
:10E080000C00AD0B08B5094B1B682BB10020FCF749
:10E09000C5FA08B9FCF7A0FA4FF080430022C3F894
:10E0A0001825034B01221A7008BD00BF641200201E
:10E0B0008D13002010B510B1012843D010BD4FF0D2
:10E0C0008043D3F81814D3F81824C80321D502F0DC
:10E0D0000303012B04D013B10020FFF761FF0023DD
:10E0E0004FF080420220C2F8183508224FF48273A4
:10E0F00003F180430021196002F180421C68012471
:10E100001460154A12680AB34FF08043C3F8040341
:10E11000D4E7D3F81424D107E1D5D3F81C2492070F
:10E12000DAD40D4A12681AB10222C3F80423C5E7F3
:10E13000D3F80421002AFBD00022C3F80421D3F82D
:10E140000431BBE700224FF48073D1E71A68002A3C
:10E15000FCD019601B68B1E764120020F8B54FF0DD
:10E1600080431C4ED3F804430125002704B9F8BDB1
:10E17000B4FA84F0C0F11F00830003F580739BB2F2
:10E1800003F1804305FA00F2196892B224EA02040E
:10E190000029EBD01F601B684FF08043012AC3F8B1
:10E1A000082305D0022A08D03368C0B29847DDE7BB
:10E1B0007379002BDAD17271F6E7D3F81814D3F81B
:10E1C00018148907F0D1C3F81855C3F804239D60CB
:10E1D000CCE700BF64120020036803F01F025B0954
:10E1E000026004D0012B034818BF002070474FF095
:10E1F000A040704700030050034A430900F01F008D
:10E20000D35C1844C0B270479284030070B50546D1
:10E21000FFF7F2FF0C4C08300E4634F81030DA05E8
:10E2200008D5C3F3432304EBC302284654F8333024
:10E2300052689847A3682BB1E26831462846BDE88A
:10E240007040184770BD00BF6C12002008B5FFF782
:10E25000D3FF034B083033F81000400B08BD00BF5C
:10E260006C12002008B5FFF7C7FF034B083033F8E6
:10E270001000C0F3400008BD6C12002008B5FFF785
:10E28000BBFF034B083033F81000C0F3401008BD4B
:10E290006C120020034611F0010010B5CCB20DD174
:10E2A000A207C4F3400012D5094AD2F820055860ED
:10E2B000C2F82005003818BF012008E04FF0A04147
:10E2C000D1F820251A60C1F82025002AE8D010BD19
:10E2D0000003005010B5FFF78FFF124A083032F8E4
:10E2E0001030D9051CD5C3F3432123F4F85322F889
:10E2F000103002F10E04002034F8023F13F4807F46
:10E3000003D0C3F3432399420AD001303028F3D11C
:10E31000002342F831300448BDE81040FFF71ABE30
:10E3200010BD00BF6C120020E412002001F18051EA
:10E33000F0B501F5C2510446114A002089000125BB
:10E3400006468A420BD10F4BD3F87C2132B1002212
:10E35000C3F87C21D3F87C3140F00040F0BD02F1DD
:10E360004043A3F5C2439B0805FA03F31C4204D0C3
:10E37000176817B11660176818430432E1E700BF49
:10E380000061004000600040F7B506460846FFF710
:10E3900033FF194F00F108050C4637F81530DB073D
:10E3A00027D5304607F049F82046FFF767FF40B110
:10E3B0002046FFF74BFF316800F5A270002341F8BB
:10E3C00020302046FFF786FF002301A827F81530EC
:10E3D0000194FFF701FF019B00EB8300074BD0F88E
:10E3E0000027134043F00203C0F80037044803B08D
:10E3F000F0BD0448FBE700BF6C120020F0F8FCFF02
:10E400000000AD0B0400AD0B2DE9FF411646804620
:10E410000846FFF7F1FE0C463168054609B3204671
:10E42000FFF720FF18B12046FFF728FF10BB00239D
:10E43000CDE900338DF80E308DF80F300DF10F025D
:10E440000B4620460DF10E0106F09FFF484A05F1EC
:10E45000080132F8113023F0020343F0010322F8DF
:10E46000113073685BB320461F785968FFF7FAFED6
:10E4700010B1C9B13F4825E03D4A05F1080C32F81A
:10E480001C3023F02003DB04DB0C22F81C3059B1D4
:10E49000032FEFD87168D8F8000049680978A7B948
:10E4A00001F5A27140F82170314A05F1080132F8F6
:10E4B000113023F01C0343EA870322F81130B368BC
:10E4C0006BBB2D4804B0BDE8F08100EB810043EA4E
:10E4D0004133D0F810E52EF0030EC0F810E5D8F85F
:10E4E000000000EB810E43F02003DEF8100522F857
:10E4F0001C3020F44F3020F44070CEF8100520027C
:10E50000DEF8108500F47C5040EA074040EA08003D
:10E51000CEF8100502EB4100A0F87C40C4E7D3E937
:10E5200000672046FFF7D6FE002ECAD0104CD4E973
:10E530000023964203D19F4201D1002209E00F48F7
:10E540000DF10F01FFF7E2FC0B4B9842BAD19DF899
:10E550000F2044F8326004EBC20308355F6034F8E2
:10E56000153043EA422343F4807324F81530A8E7BA
:10E570006C1200200400AD0B0000AD0BE412002073
:10E580002DE9F0430C4685B08046204611461E46D4
:10E59000FFF732FE054629B32046FFF763FE18B9A0
:10E5A0002046FFF76BFE18BB314F05F1080937F81D
:10E5B000193013F01C0F02D04B78012B18D0012317
:10E5C0008DF80F300023CDE900134A1C8B1C204628
:10E5D0000DF10F0106F0D9FE37F8193043F00303AF
:10E5E00027F81930002E41D02046FFF73BFE18B91E
:10E5F000204805B0BDE8F08396F800C0D8F8003098
:10E600001B4F0CF5A272002143F8221005F10802FD
:10E6100037F8121021F02001C904C90C27F8121094
:10E6200075781DB3D8F80000B67800EB8C002D0487
:10E63000D0F8103523F4991323F4F853C0F81035AB
:10E64000230203F47C5305F440353605D0F810E579
:10E650002B4306F4801641EA4C31334341F020014C
:10E6600043EA0E0327F81210C0F810350248C0E73D
:10E670006C1200200400AD0B0000AD0B014BC3E990
:10E68000021270476C12002010B508461446FFF7BE
:10E69000F5FD50B10846FFF7AFFD054B083033F8E4
:10E6A000103004485B0B237010BD0348FCE700BF2B
:10E6B0006C1200200000AD0B0400AD0B70B50E4CC9
:10E6C00094F88C500646A5B96022294604F1100042
:10E6D00007F0C6FB3068C0F87C51D0F87C3140F3BD
:10E6E0000730FBF779FF0123044884F88C30A367D7
:10E6F00070BD0348FCE700BF6C1200200000AD0BAA
:10E700000C00AD0B034B93F88C00003818BF0120B0
:10E71000704700BF6C1200200079024B03EB8000B1
:10E72000FFF718BC200300200079024B03EB8000A8
:10E73000FFF7ECBB20030020F7B505460846164658
:10E74000FFF79CFD0C462968F0B12046FFF78AFDD3
:10E750000746C8B92046FFF779FD04B2A40004F5C6
:10E7600080728F508A5829682144D1F8102542F0D0
:10E770000102C1F810252EB12968012202FA00F326
:10E78000C1F8043303B0F0BDD1F80433002BA4BFAB
:10E790004FF00043C1F804332046FFF72DFD0F4B27
:10E7A000083033F81030C3F38203042B12D0052B4A
:10E7B00012D001A80194FFF70FFD019AD0F810358F
:10E7C000D34003F00103991C204603B0BDE8F0409C
:10E7D00006F024BE0321F7E70221F5E76C120020C2
:10E7E0002DE9F04F654BD3F80403C0B287B0082180
:10E7F00040F00040FFF79AFD051E2BDA00230321AD
:10E8000004A8CDE90433FFF745FDDFF874A10DF14D
:10E8100010084FF000094FF0010B1AF8013B59495D
:10E82000DA0803F007038A5C22FA03F3DA071CD440
:10E8300008F10408B9F1000F14D000214FF0004096
:10E84000FFF774FD032104A8FFF724FD0028DCD1A5
:10E8500025F00045494E4C4F0124002D78D107B0DA
:10E86000BDE8F08F4FF00109D7E7484B4B440093C8
:10E87000D8F800100029DBD0009B91FAA1F11C7898
:10E88000B1FA81F141EA44142046FFF7B5FC3E4B52
:10E890000394083033F81070C80801F0070118F825
:10E8A00000200BFA01F122EA0102BB0808F800205F
:10E8B00003A80193FFF790FC039A019B02F5E07215
:10E8C000C7F3820650F822205B073746C2F30142A5
:10E8D00023D520463946D6B2FFF798FC03A8039407
:10E8E000FFF77AFC039B03F5E07350F82330C3F382
:10E8F00001439E4207D10021204606F08FFD31469C
:10E90000204606F08BFD03A80394FFF765FC039BEC
:10E910000BFA03F3C0F82035AAE7022A0CD1032131
:10E92000204606F07BFD06F00503012BEBD13946AE
:10E930002046FFF76BFCE6E702212046019206F035
:10E940006DFD032EF3D0019A032ADCD1022EEDE7F0
:10E9500095FAA5F3B3FA83F304FA03F225EA020564
:10E9600003F5A27207EB430356F82210B3F87C00BC
:10E97000C1F30141FFF74AFC6FE700BF00600040B0
:10E98000A2840300486C03006C120020A2840300E0
:10E9900010B5184C237853BB0278C2F3400392079A
:10E9A00012D54FF08053D3F83021082A0BD1D3F879
:10E9B0003431052B07D8104AD35C23B14FF0804384
:10E9C0000122C3F8382601234FF08042C2F8803577
:10E9D000037803F00103C2F878350020FBF71EFE30
:10E9E00008B9FBF7F9FD01230448237010BD044862
:10E9F000FCE700BF8E130020A48403000000AD0BD1
:10EA00000C00AD0B4FF080434FF46072C3F8082345
:10EA1000014B00221A607047FC12002008B5FFF776
:10EA2000F1FF03680BB1014A136008BDFC1200201E
:10EA300010B54FF08043D3F80443620707D54FF475
:10EA4000847006F022FD10B11E4B1B689847A30688
:10EA500008D54FF48A7006F018FD18B11A4B002043
:10EA60001B689847600608D54FF48C7006F00DFDC2
:10EA700018B1154B01201B689847210608D54FF4A3
:10EA80008E7006F002FD18B1104B00201B689847ED
:10EA9000E20508D54FF4907006F0F7FC18B10B4B67
:10EAA00001201B689847A3050AD54FF4927006F021
:10EAB000ECFC28B1054BBDE810401B68022018474C
:10EAC00010BD00BF0413002000130020FC12002022
:10EAD00001460148FFF71ABA24030020034A044BF9
:10EAE00002609B1A2420B3FBF0F07047946003008F
:10EAF000B461030038B5EFF31185202383F3128846
:10EB0000BFF36F8F064B9C6806F018FD85F31188E4
:10EB1000BFF36F8F2046BDE83840FBF703BD00BF51
:10EB20000813002038B50A4B53F82040013053F841
:10EB30002050A54200D838BD606830B1037FDB07A4
:10EB400001D406F0C7FC0834F3E723689847FAE7D6
:10EB50004C6C030070B52A4B2A4C2B4D012286B019
:10EB600003201A70FFF7DEFF01F08EFD0420FFF78F
:10EB7000D9FF2646AE4204F1300410D301F098F8D4
:10EB8000204C224EAC4226D301F0A6F8F8F700FD47
:10EB90001F4A137B23F00103137306B070BD54F8B2
:10EBA0000C3C059354F8103C049354F8143C039324
:10EBB00054F8183C029354F81C3C019354F8203C40
:10EBC000009354E90A2354E90C0100F08DFD54F838
:10EBD000303C5E65CDE7D4E90A23B3F1FF3F08BFBF
:10EBE000B2F1FF3F05D052EA0301206803D101F0E2
:10EBF0002FF93034C6E73146183001F01DFBF8E735
:10EC00008F1300203463030034630300855A03002C
:10EC10009009002070B5174E174D184986B0C023D3
:10EC200003FB0066164B059301220F23CDE9033247
:10EC30000023CDE90133142303FB005504464FF4B0
:10EC4000C07000FB04110F4B00954FF4A0723046CA
:10EC500000F04AFD737B0C4AEE6023F004037373EB
:10EC60004FF4046304FB033313442C746B6006B04D
:10EC700070BD00BFD008002008130020004B00200A
:10EC8000AA840300B3560300C0420020BFB5002091
:10EC9000FFF748FF284B83F30888284C284F636907
:10ECA00043F4007363610025E02384F82230E577A4
:10ECB00025766576A57684F82050636A43F4E023D0
:10ECC000636284F82350FBF7F3FBFBF74BFD4FF037
:10ECD000FF33A362E362FBF70DFEFBF767FD194804
:10ECE000194C00F0ABFD0120FFF71CFF0220FFF7DD
:10ECF00019FF01F025F8154B15495C61154B05937B
:10ED00000123CDE903534FF480623B46CDE9015521
:10ED10000095204600F0E8FC627B064622F00402E3
:10ED20002046627306F06BFE2846FFF773FF3A46F3
:10ED300031462046FBF7F6FC004B002000ED00E0DA
:10ED400055EB0200500A0020900900200813002013
:10ED5000804C0020AF84030038B5064C064DAC4211
:10ED600001D3002038BDD4E90112204606F02BFC67
:10ED70001434F4E7C0030020E80300201FB5054C5D
:10ED80000294CDE900230A46002106F0DAFB04B024
:10ED900010BD00BF4312030030B585B0DDE9084562
:10EDA000034B0293CDE9004506F0CBFB05B030BD27
:10EDB0004912030038B5064C064D0020AC4200D382
:10EDC00038BD204606F023FC0028F9DB1C34F5E7AB
:10EDD000A4030020C003002073B50C46EFF311819B
:10EDE000202585F31288BFF36F8FC5685DB125605C
:10EDF0002B68C360836901338361002081F311882C
:10EE0000BFF36F8F11E052EA030603D125606FF064
:10EE10000B00F3E7CDE900230246083000F070FE56
:10EE200018B9034B9B681B69236002B070BD00BF1B
:10EE3000081300202DE9F34104460E469DF82000FA
:10EE400004F10808EFF31187202181F31288BFF342
:10EE50006F8F256AE1688D4242D22568AC421AD094
:10EE6000CDB1284606F030FC05F1180006F0BDFED5
:10EE7000A26828693146002406F0CAFF2846C5F872
:10EE8000BC4006F0BCFD4046394600F0CDFE2046B1
:10EE900002B0BDE8F081A268A8B1E069314606F091
:10EEA000B7FFE369A26813446269E361934201D149
:10EEB0002369E361236A01332362002087F3118809
:10EEC000BFF36F8FE4E7A1692369994204BF6369C7
:10EED000A361A069801AA061314606F099FFE9E7B5
:10EEE00052EA03010AD00749896840460E61CDE91C
:10EEF00000233946224600F003FEC9E76FF02200E6
:10EF0000DCE700BF08130020F7B5044604F108074A
:10EF10000846EFF31186202181F31288BFF36F8F2B
:10EF2000216A00293AD0A268A16906F071FFA3699D
:10EF3000A268256813446269A361934204BF2369F0
:10EF4000A361236AAC4203F1FF33236234D0284625
:10EF5000002D32D006F0B8FB05F1180006F045FE92
:10EF6000A2682969E06906F053FFE369A2681344C7
:10EF70006269E361934204BF2369E361236A013359
:10EF8000236200242846C5F8BC4006F038FD384608
:10EF9000314600F049FE204603B0F0BD52EA0301BD
:10EFA00010D00A4989680861CDE90023314622461C
:10EFB000384600F0A5FDEFE7002086F31188BFF387
:10EFC0006F8FE9E76FF02200F7E700BF081300201A
:10EFD0002DE9F341044617461E46EFF3118820231E
:10EFE00083F31288BFF36F8FC368334A7BB18068A5
:10EFF0009168884219D057EA060318D188F311881E
:10F00000BFF36F8F6FF00F0002B0BDE8F081916821
:10F0100091F90E1021610133E3609368A36088F3D6
:10F020001188BFF36F8F0020EEE72169F2E791F9B5
:10F030000E1090F90E309942A8BF19466FF07E026B
:10F040009142B8BF11468B422DDD06F051FB0546BB
:10F05000CDE9007619482246414600F051FD0028CE
:10F06000E1D0EFF31186202383F31288BFF36F8F73
:10F07000A068D0B1236821699C420AD04BB193F9B2
:10F080000E309942A8BF19466FF07E039942B8BF6F
:10F09000194606F02DFB40B10848314600F0C4FD8A
:10F0A0006FF00A00B0E70025D2E7002DF4D186F317
:10F0B0001188BFF36F8FF3E708130020901300202F
:10F0C000F8B583680546002B40D0234A92689342E6
:10F0D0003FD1C368012B03D9013BC3600020F8BDB9
:10F0E000EFF31187202383F31288BFF36F8F016939
:10F0F000806806F0FDFA2C68A54207D10023C5E917
:10F10000023387F31188BFF36F8FE7E7002CF5D048
:10F11000D4E9003213605A60637B002623F00203B7
:10F120006373C4E90066A66004F1180006F05DFD93
:10F13000AC6094F90E302B612046C4F8BC6006F038
:10F140005EFC0648394600F06FFDC7E76FF015001A
:10F15000C5E74FF0FF30C2E70813002090130020EE
:10F1600037B51146EFF31185202282F31288BFF3E1
:10F170006F8F04689CB12368426823F003039442B4
:10F18000036008BF43600121204606F035FB0446BA
:10F1900085F31188BFF36F8F204603B030BD51EA6D
:10F1A0000302F5D000F10802CDE90013104629460C
:10F1B00000F0A6FC0028EFD1014B9B681C69EBE72F
:10F1C0000813002070B5EFF31186202383F3128813
:10F1D000BFF36F8F0468A0421BD0D4B1D4E90032D2
:10F1E00013605A60637B002523F002036373C4E954
:10F1F0000055A56004F1180006F0F7FC2046C4F89D
:10F20000BC5006F0FCFB31460748BDE8704000F0FA
:10F210000BBDD0E902329A4218BF0133836086F3F6
:10F220001188BFF36F8F70BD9013002013B5EFF3FB
:10F230001181202484F31288BFF36F8F846844B156
:10F24000013C846081F31188BFF36F8F002002B00E
:10F2500010BD52EA030406D181F31188BFF36F8F0A
:10F260006FF00F00F3E7CDE900230246014800F0FC
:10F2700047FCECE7901300202DE9F0410546EFF341
:10F280001187202383F31288BFF36F8F00231E465C
:10F290006FF00A082C68A54216D0ACB1D4E9003250
:10F2A00013605A60637BA66023F002036373C4E9B2
:10F2B000006604F1180006F098FCC4F8BC802046F3
:10F2C00006F09DFB0123E5E70022AA602BB1394639
:10F2D0000548BDE8F04100F0A7BC87F31188BFF3F3
:10F2E0006F8FBDE8F08100BF901300202DE9FF4132
:10F2F0004F4E04462027EFF3118887F31288BFF39F
:10F300006F8FD4F8C450F5B9022104F1DC0006F087
:10F31000ACFA002868D004F1D40500220121284667
:10F3200006F007FC0028F8D1002302934FF0FF32CB
:10F330004FF0FF33CDE90023414604F1CC023D48B4
:10F3400000F052FED7E7D4F8C8202B68C4F8C430C8
:10F35000954208BFC4F8C830D4F8DC3043F002034B
:10F36000C4F8DC30EB6823F0040343F00103EB60E6
:10F370006B6888F31188BFF36F8F28469847EFF3C7
:10F38000118887F31288BFF36F8FEB68D80623F0DC
:10F39000010236D4EA60EB689A0716D5306823F08C
:10F3A0000203EB6088B10368002170B142689542A6
:10F3B00035D1036869BB72683360824200D17360E3
:10F3C000002340F8083BFFF7FDFED4F8DC3023F0C3
:10F3D0000203C4F8DC3088F31188BFF36F8FDB05BC
:10F3E00089D400F0B5FC86E7D4F8DC30D9069BD58B
:10F3F000C4F8DC0088F31188BFF36F8F04B0BDE858
:10F40000F08123F01103EB6005F11000FFF7DAFE45
:10F41000C1E70B607368834208BF7160D0E723B116
:10F420001A68014618461346BFE71A46F9E700BFB7
:10F430002C13002090130020F8B5C3689A070446E7
:10F440000F46C3F340062ED45B071CD40B680BB9E0
:10F4500083680B60E368DD0744BFA3683B603D68D9
:10F460004CBF02260126002D3CD0204B9A68D5F8CF
:10F47000C0309A420AD0D5F8DC30D807C3F38002F6
:10F4800014D46FF0120600233B6025E006F064FA06
:10F49000D5F8DC300028F0D1D907C3F3C002F0D58D
:10F4A00052B15B0708D46FF00F06ECE7002AFAD1DF
:10F4B000C3F3C003002BF6D100232360D5F8C83076
:10F4C00063B9C5E93144284606F0E9F9E36843F039
:10F4D0000403E3603B68A3603046F8BD1C60C5F8D8
:10F4E000C840F0E76FF01506CDE700BF0813002015
:10F4F0000146014806F014BA300B0020F0B589B07F
:10F5000004460020C4E931000E9D04F1CC00C4E99A
:10F51000330004F1D400C4E9350055B3287900283C
:10F5200040F2011008BF0120C4F8DC0000204FF0B9
:10F53000FF364FF0FF37CDE90330CDE90100CDE9CB
:10F5400006670D4B0094204600F04CF955B1296830
:10F5500011B1204600F076F86B791BB1237B43F0A4
:10F5600001032373204600F073FCC4F8C04009B0C7
:10F57000F0BD0120D8E700BFEDF2020037B50190E1
:10F580000846EFF31184202181F31288BFF36F8FB7
:10F59000C16811F01E0F16D153EA020508D101A966
:10F5A000FFF74AFF84F31188BFF36F8F03B030BDBC
:10F5B00041F00801C160019981620449103000F0F6
:10F5C0003BFE0120EEE70020ECE700BFAD58030052
:10F5D00001460148FFF7D2BF300B0020F7B50C46BB
:10F5E000019016461D46EFF31187202383F31288FE
:10F5F000BFF36F8F084606F043F955EA060309D1B9
:10F6000001A92046FFF718FF87F31188BFF36F8F1A
:10F6100003B0F0BDE368074943F00803E360019BD2
:10F62000A36232462B4604F1100000F005FE0120D3
:10F63000EAE700BFAD58030001460148FFF7CEBF1F
:10F64000300B002010B5044608B9054B9C681F22FA
:10F6500004F1840006F03BFC002084F8A30010BDF8
:10F66000081300202DE9F84F0C46A1B39AB390F887
:10F670000D90DFF86880571E0846B9F1000F25D0BD
:10F68000DFF85CA00025B8F804B019EA0B0F19D018
:10F69000B8F80630D8F800107E1B9E4228BF1E46E0
:10F6A000324606F0B5FB2E4439EA0B0904EB06009E
:10F6B0000CD0BD1B012D28BF01252A46514606F05E
:10F6C000A7FB354408F108086019DCE70023037044
:10F6D0002046BDE8F88F0348FBE700BF646C0300D9
:10F6E000B4840300C16F03002DE9F04FD51D85B030
:10F6F00025F0070504461F467F3500F15803C0E991
:10F70000163325F03F05129B237300200E46119BF4
:10F71000DDF838B0DDF84C80A06004213F2DC4E94D
:10F7200006006173A373E07306F1400AA5F1400976
:10F7300005D880F31188BFF36F8F084602DF4A4671
:10F740003544AA21504606F08BFB29462046FAF79D
:10F750008FFC0730109B20F00700C4E929A9C4F8EA
:10F76000AC0002930F9B2D1ACDE900B32A463B460D
:10F7700031462046FAF7A2FF0F9BA3674FF000091E
:10F78000109BC4F85490C4E91C7B84F86C90E36728
:10F79000EFF31182202181F31288BFF36F8F104E97
:10F7A000316AC4F88010346282F31188BFF36F8F1E
:10F7B000B8F1000F11D01F22414604F1840006F079
:10F7C00086FB84F8A390B3680BB1D3F8B030C4F8CB
:10F7D000B030284605B0BDE8F08F84F88480F2E7A9
:10F7E00008130020F0B587B000250595109D0495FD
:10F7F0000F9D03950E9D0295DDE912760D9D0195F5
:10F800000C9D00950446FFF76FFFB6F1FF3F08BF60
:10F81000B7F1FF3F05D056EA070305D1204600F0B7
:10F8200017FB204607B0F0BD3A46334604F11800F6
:10F83000014900F001FDF4E7855A030040F201138D
:10F8400083810023C0E92933C0F8B030014B9860B0
:10F85000704700BF081300200A4A93686FF00A013E
:10F86000C3F8BC100849C3F8B8004B6843F0805394
:10F870004B60002383F31188BFF36F8F9368D3F835
:10F88000BC0070470813002000ED00E070B590F94F
:10F890000D20437B002A36DBD90634D11B4C63F0A4
:10F8A0007F032246437352F8183FE169934207D120
:10F8B000C0E900210860E06111E09942F8D01B68BE
:10F8C000002BF5D090F90E5093F90E60B542F4D0AC
:10F8D000AE42F2DD5968C0E9003108605860A569A0
:10F8E000954200D005B9E568A3685A7BD20604D1D9
:10F8F000DA897F2A01D9AA6932B1AB4202D02846FF
:10F9000000F0B2FB656170BD6361FCE70813002085
:10F9100038B590F90D20437B002A014604DA03F044
:10F920007F03437306F031F80D4D2A46AB6852F859
:10F93000184F944200D004B9EC688B4207D05A7B30
:10F94000D20604D1DA897F2A01D9A2692AB1A34259
:10F9500002D0204600F088FB23466B6138BD00BF13
:10F9600008130020B3F1FF3F08BFB2F1FF3F03D0FF
:10F970000249183000F060BC704700BF855A030090
:10F9800070B590F90D20437B002A014604DA03F09C
:10F990007F03437305F0F9FF4B7B1C4C63F07F033F
:10F9A00022464B7352F8183FE069934207D1C1E9F0
:10F9B00000200160E16111E09842F8D01B68002B43
:10F9C000F5D091F90E5093F90E60B542F4D0AE42E5
:10F9D000F2DD5868C1E9003001605960A569A3688B
:10F9E000954200D005B9E5688B4207D05A7BD20614
:10F9F00004D1DA897F2A01D9AA692AB1AB4202D09F
:10FA0000284600F031FB2B46636170BD08130020CF
:10FA1000F8B5394CA2688242074624D1EFF305833A
:10FA20000BBBEFF31186202383F31288BFF36F8F94
:10FA3000537B03F07F0343F01003537305F0A5FFDE
:10FA4000234653F8185F9D4200D005B9E568A368C6
:10FA50009D4202D0284600F007FB65613046BDE8B4
:10FA6000F840FFF7F9BEEFF31185202383F31288E6
:10FA7000BFF36F8F7B7BD90604D585F31188BFF365
:10FA80006F8FF8BDD90943F0100219D17A73A669B6
:10FA90001A4B9E4200D006B9E668A368B34202D072
:10FAA000304600F0E1FAA36866619F42E5D1EFF3CA
:10FAB0000583002BE1D13A7BD2070AD42846CEE752
:10FAC00003F07F0343F010037B73384605F05DFFBE
:10FAD000DDE785F31188BFF36F8F83F31188BFF3E0
:10FAE0006F8F0423184602DFEFF31180202383F386
:10FAF0001288BFF36F8FB2E7081300202013002095
:10FB0000F8B50E4B0C4611460D4A98681060DDE9B9
:10FB10000667EFF31182202282F31288BFF36F8F02
:10FB20009D68284605F043FF284632463B46FFF7CE
:10FB300019FF2046BDE8F840FFF78EBE08130020ED
:10FB400034130020F8B50446EFF31187202383F324
:10FB50001288BFF36F8F437B03F01F02002A0CBF94
:10FB60000126002649B239D103F07F03437305F023
:10FB70000CFF2C4D437B817363F07F032A46437354
:10FB800052F8183F934227D1E869C4E90020046085
:10FB9000EC610FE09842F8D01B68002BF5D093F988
:10FBA0000EC06145F6D08C45F4DD5968C4E90031DA
:10FBB0000C605C60AC69944200D004B9EC68AB683E
:10FBC0009C4202D0204600F04FFA6C6187F3118806
:10FBD000BFF36F8F3046F8BDE869DEE79B071ED59F
:10FBE000856805F0D2FE81732B689D4209D16B6850
:10FBF000C4E900531C606C60E8E76A689342F6D081
:10FC00001B68002BF3D093F90E209142F5D08A4265
:10FC1000F3DD5A68C4E9003214605C60D6E7817392
:10FC2000D4E700BF0813002049B9EFF3058030B9CD
:10FC3000054B5A699B689A4201D0FFF70DBE81F3CC
:10FC40001188BFF36F8F70470813002010B5EFF3D2
:10FC50001184202282F31288BFF36F8F427BD1067A
:10FC600004D484F31188BFF36F8F10BD22F010020B
:10FC70004273FFF70BFE21460248BDE81040FFF734
:10FC8000D3BF00BF90130020034648B9EFF30582AD
:10FC900032B9064A51699268914201D0FFF7DCBD42
:10FCA00083F31188BFF36F8F704700BF08130020E4
:10FCB000EFF31181202383F31288BFF36F8F054B7D
:10FCC0009A68D37B013BD37381F31188BFF36F8FA5
:10FCD000704700BF0813002070B5EFF31186202392
:10FCE00083F31288BFF36F8F144DAB68DA7B013258
:10FCF000DA732A4652F8184F944200D004B9EC68DF
:10FD00005A7BD20604D1DA897F2A01D9A2692AB1A5
:10FD1000A34202D0204600F0A7F923466B6186F388
:10FD20001188BFF36F8FEFF31180202383F31288C4
:10FD3000BFF36F8FBDE87040FFF7A6BF0813002028
:10FD4000024B03F11802C3E9062270470813002092
:10FD500070B5EFF31186202383F31288BFF36F8F02
:10FD60001B4CA168E0690B68814214BF1A4600224F
:10FD700049680B605960A368E1692AB9154AC3E96B
:10FD800000210B60E3610CE093F90E0092F90E5034
:10FD9000A84218D0854216DD5168C3E900210B60E6
:10FDA0005360A5690B4B9D4200D005B9E568A36877
:10FDB0009D4202D0284600F057F965613046BDE803
:10FDC0007040FFF749BD8A42D8D01268D5E700BF1E
:10FDD0000813002020130020F8B550EA010306465E
:10FDE0000C4603D1FFF7B4FF0020F8BDEFF31187F5
:10FDF000202383F31288BFF36F8F124D124BA86834
:10FE00001860FFF785FDA868104923463246183070
:10FE100000F012FAAA68537B43F0040353730446BC
:10FE20003846FFF719FDAB68D3E90A23B3F1004F59
:10FE300008BF002AD8D105F000FF201A20EAE070A0
:10FE4000D3E700BF0813002034130020855A0300B5
:10FE500038B50446EFF31185202383F31288BFF3EE
:10FE60006F8F437B5B070FD5183005F0BEFE637BB9
:10FE700023F0040320466373FFF708FD2946054875
:10FE8000BDE83840FFF7D0BE85F31188BFF36F8F10
:10FE900038BD00BF90130020014B9868704700BF29
:10FEA000081300202DE9F8430446077BEFF3118582
:10FEB000202383F31288BFF36F8F437B190705D587
:10FEC00085F31188BFF36F8FBDE8F883D90943F03C
:10FED000080260D14273A36813B1204605F05DFDAE
:10FEE00004F1180005F081FEA66D04F15808B04534
:10FEF00011D04FF0000976B1304605F04EFD06F105
:10FF0000180005F072FEC6F8BC903046FFF7BEFC44
:10FF1000A66DB045EFD1DFF8C480D8F808309C4218
:10FF200041D1EFF30589B9F1000918BF4FF001097C
:10FF3000D8F818602A4A964200D00EB9D8F80C605A
:10FF4000B34202D0304600F08FF82046C8F8146063
:10FF500002F0ABFD204600F0DFF8B9F1000F02D04F
:10FF60002048FFF76BFCD8F808309C4231D1EFF302
:10FF7000058373BB227BD20718D42846FFF76CFC9D
:10FF8000FB07A1D5002383F31188BFF36F8F0423F0
:10FF9000184602DF98E703F07F0343F0080343733A
:10FFA00005F0F3FC97E74FF00009C1E785F31188EE
:10FFB000BFF36F8F83F31188BFF36F8F042318464D
:10FFC00002DFEFF31180202383F31288BFF36F8FDA
:10FFD000D4E785F31188BFF36F8FD1E708130020B2
:10FFE00020130020500A0020D3B5DDE90667089CE5
:10FFF000CDE90067FFF784FD1CB1034B9B681B69CB
:020000023000CC
:10000000236002B0D0BD00BF08130020044BC01A0B
:10001000044BC0105843044B01221A54704700BFD0
:10002000100B0020ABAAAAAA90130020C3897F2B33
:1000300012D80A4B1B6863B1094B90F90E201B685C
:100040009A4209DB437BDB0606D1064BC31A18BF75
:10005000012303F0010070470023FAE72803002082
:1000600038130020D008002070B50E4B0E4C1E7CBB
:1000700006EB460304EBC3040546204605F0B5FD38
:100080000A4B002228469A55FFF7D0FF48B1084B8B
:1000900008491A68013A2046D317BDE8704000F0BD
:1000A000CBB870BD08130020100B00209013002067
:1000B000280300200D00030038B5EFF3118520233D
:1000C00083F31288BFF36F8F104B114A9C6810683E
:1000D000A04206D1FFF7C8FF85F31188BFF36F8FE9
:1000E00038BD00211B7C11600A4AD35C002BF3D081
:1000F0002046FFF79BFF0028EED0637BDB0602D192
:100100002046FFF73DFC2046E4E700BF081300202F
:100110003413002090130020EFF31181202383F388
:100120001288BFF36F8F0C4A136A834208D1D3F849
:100130008030136281F31188BFF36F8F70471346CD
:10014000002BF7D0D3F880208242F8D1D0F880205D
:10015000C3F88020EEE700BF08130020F8B505467D
:100160000E46EFF31187202383F31288BFF36F8FBE
:10017000064B1C6A24B987F31188BFF36F8FF8BD53
:1001800020463146A847D4F88040F3E70813002002
:10019000F8B506460F46EFF31183202282F312884A
:1001A000BFF36F8F0C490C6A154624B983F311888D
:1001B000BFF36F8FF8BD83F31188BFF36F8F39469C
:1001C0002046B047EFF3118385F31288BFF36F8F9A
:1001D000D4F88040E9E700BF08130020024B1868FC
:1001E000984208BF002070472C030020034B1B6877
:1001F0000BB9FDF789BD0020704700BF3C130020FC
:1002000030B570B10B4B5B6898420AD0036843B1BC
:10021000D3E90421D0E90445121941EB0501C3E9F2
:100220000421D0E9003213605A600023C0E9003392
:1002300030BD00BF2C030020B3F1FF3F08BFB2F177
:10024000FF3F2DE9F84F0446994615461F467AD0E0
:100250008160EFF31188202383F31288BFF36F8F3F
:10026000B9F1000FDFF8E4A020DBFFF7BFFFDAE908
:100270000027013549F100092D1849EBE073C4E965
:100280000453AD18064643EB07074FF00109FFF78B
:10029000A5FFDFF8BCE0DEF804A00346EBB9C4E933
:1002A00000EACAF80040CEF8044028E0DAE900127B
:1002B0006FF001035B1A4FF0FF3161EB02025B1B31
:1002C00062EB0902012B72F10001BCBF0123002285
:1002D000C0E904324FF00009D9E7D3E9041CD4E99E
:1002E00004208A4270EB0C0B24DA891A5A686CEBF2
:1002F0000000C3E90410C4E9003214605C60FFF739
:100300006DFF84420ED1134B1B685BB9B9F1000F2E
:1003100002D1FFF76BFF0646304605F04FFC002187
:10032000FDF7C4FC88F31188BFF36F8F2846394668
:10033000BDE8F88F521A60EB0C009A45C4E904201E
:10034000ADD01B68AAE700252F46EFE7280B002059
:100350002C0300203C1300202DE9F047EFF311851A
:10036000202383F31288BFF36F8FDFF8A490DFF8A8
:10037000A480C9F80000FFF731FF00260027D9F854
:100380000030D8E900ECD91750B1D0E90442A342BB
:1003900071EB020A1CDAE41A62EB0102C0E90442C2
:1003A00013EB0E034FF000044CEB01012046C8E9AB
:1003B0000031C9F8004005F001FC2146FDF776FC4C
:1003C00085F31188BFF36F8FBDE8F047FFF774BE68
:1003D00014EB0E024CEBE473C0E90467C8E9002398
:1003E000FFF70EFF85F31188BFF36F8F836898477F
:1003F000EFF31185202383F31288BFF36F8FD9F8B1
:1004000000301B1BC9F80030FFF7E8FEB7E700BF5C
:100410003C130020280B002010B5EFF3118420239B
:1004200083F31288BFF36F8FFFF7E0FE054A0346A0
:10043000D2E90001181841EBE37184F31188BFF38E
:100440006F8F10BD280B0020F8B50646EFF311871B
:10045000202383F31288BFF36F8F026822B187F3E2
:100460001188BFF36F8FF8BDD0E90A54691C44F1BD
:100470000003022973F1000334D3013D44F1FF343A
:10048000002CBCBF15462C4605F0DBFB013041F1CA
:100490000001401944EB0101012871F100014ADB20
:1004A00005F0CFFB013041F100016FF0020340196C
:1004B00044EB010183426FF000438B4140DB05F0C8
:1004C000C0FB013041F100016FF00102401944EB23
:1004D00001044FF0FF33121A63EB04031A4930464C
:1004E000FFF7AAFE336B01333363336A6BB187F3D3
:1004F0001188BFF36F8F336A30469847EFF3118747
:10050000202383F31288BFF36F8F334653F8184FBD
:100510009C42A4D0002CA2D0204605F07FFA0023F4
:10052000C4F8BC3087F31188BFF36F8F2046BDE855
:10053000F84005F064BA6FF001024FF0FF33CDE7E9
:1005400000224FF00043C9E7490403002DE9F041C0
:1005500005461C4690461F46EFF31186202383F381
:100560001288BFF36F8FB4F1FF3F08BFB2F1FF3FB6
:1005700005D186F31188BFF36F8FBDE8F081002CA1
:1005800009DB012A74F10003BCBF0122002412F12F
:10059000FF3844F1FF37284605F027FBDDE9060167
:1005A0000023C5E90A012B6342463B46284602491F
:1005B000FFF742FEDDE700BF490403002DE9F043E9
:1005C00085B04FF000090546CDF8049000F10C0706
:1005D000EFF31188202383F31288BFF36F8F8368B2
:1005E000594003EA02060A4053400E4901AACDE9E8
:1005F000023905F0C1FA019C3CB1C4F8BC90204618
:100600000021246E05F01BFAF6E7DDE9023223EA49
:1006100002033846AB604146FFF706FB304605B0A3
:10062000BDE8F083A95D0300F8B507460C46164601
:1006300005F092F908B10020F8BD0E4B9B68D3F885
:10064000B050002DF7D0221DF5D2EFF311842023F6
:1006500083F31288BFF36F8F47F004012846B04739
:1006600084F31188BFF36F8F0028E4D040F8045B57
:10067000E2E700BF081300200146024A0020FFF70E
:10068000D3BF00BF43120300014800F0BBBE00BF50
:10069000EF84030007B5074B0093074907484FF065
:1006A000FF334FF48062FEF729FF002003B05DF8AE
:1006B00004FB00BFA46C0300C0500020300B0020DE
:1006C000F8B5504A0D460023D0E90001F6F718FDB1
:1006D000002AAEBF4C4B4D4B02F5A8320446B8BFC2
:1006E00002F5C072E41841F100064FF46161B2FBFB
:1006F000F1F301FB13223C21E01CAB60B2FBF1F3F0
:1007000001FB13226B602A6046F1000107220023DF
:10071000F6F7F6FC002A55DA0732AA613C483D4A52
:1007200020184FF0000366F10001F6F7E9FC394BA1
:1007300003FB104448F6AC61B4FBF1F1214440F2F4
:10074000B457B4FBF7F3C91A334BB4FBF3F3C91A2C
:1007500048F69463B1FBF3F3234440F26D16B1FB0A
:10076000F6F2B1FBF7F15B1A06FB1233992103EBAA
:10077000830402345E1CB4FBF1F7794302314FF07D
:10078000050CB1FBFCF1761A40F2F9518C428CBF9A
:100790006FF0090102214FF4C874394404FB0020B2
:1007A000012998BF0130B3F5997F13D3A3F599734D
:1007B000EB61A0F26C700023C5E90410EE602B62BF
:1007C0002846F8BD002EAA61A8DB124A0023204665
:1007D0003146AAE7970710D14FF0640C92FBFCF763
:1007E0000CFB17275FB992FBF4F704FB1722B2FA50
:1007F00082F252093B331344DAE70022FAE701227E
:10080000F8E700BF805101006CFA0A006BFA0A0099
:1008100050C5FDFFB13A0200B03A02000CB430B549
:100820008BB004460D462022002102A805F018FBDB
:1008300002238DF80A30002D0C4B0393069412DB33
:1008400001D06B1E1C440FAA0E99079402A80192B6
:1008500000F070F915B1069B00221A700BB0BDE8CC
:10086000304002B070470024EDE700BFE15F0300B5
:10087000242A2DE9F041044601D8012A49D105F086
:10088000B7FB354B16221A5001B10C600020BDE8B1
:10089000F08135462E4616F8010B2028F9D0A0F13C
:1008A0000907042F0346F4D92B2834D02D2835D13D
:1008B0004FF0010C6B78AE1C302B36D1307840F005
:1008C000200078282DD132F010002AD173783446D8
:1008D000102202360CF10047013F0020B7FBF2FE68
:1008E00002FB1E78392B82BF03F1FF3343F0200354
:1008F000263B303B9A421FD9704502D819D1984502
:1009000017D24CF0020C3546344615F8013B2E4602
:10091000E8E70546BEE74FF0000CCBE74FF0000CD0
:10092000CAE7002A08BF0822D4E7002A08BF0A2223
:10093000D0E700FB0230E6E701B10C601CF0010FCC
:1009400018BF40421CF0020FA1D005F051FB024B32
:1009500022221A5038469AE70C000000242AF0B5EB
:10096000044601D8012A40D105F042FB2D4B162246
:100970001A5001B10C600020F0BD2F463D4615F81D
:10098000010B2028F9D0A0F10906042E0346F4D962
:100990002B282CD02D282CD101267B78BD1C302B68
:1009A0002DD1287840F02000782824D132F0100092
:1009B00021D16B782C46102202350020392B82BFC2
:1009C00003F1FF3343F02003263B303B9A421AD910
:1009D000A0FB02040CB9C01801D346F002062F4652
:1009E0002C4617F8013B3D46E8E70746C6E70026D8
:1009F000D3E70026D3E7002A08BF0822DDE7002A54
:100A000008BF0A22D9E701B10C60F20748BF404293
:100A1000B307B1D505F0ECFA024B22221A504FF081
:100A2000FF30A9E70C000000242AF0B505460E4669
:100A300001D8012A0AD105F0DBFA3D4B16221A50E3
:100A400006B1356000200146F0BD2046044614F88A
:100A5000011B2029F9D0A1F10907042F0B46F4D975
:100A60002B2939D02D293AD14FF0010C4378841C21
:100A7000302B3BD1217841F02001782932D132F05E
:100A800010012FD163782546102202340020014640
:100A9000392B82BF03F1FF3343F02003263B303B69
:100AA0009A4232D9002729BBA0FB02E517F00107C3
:100AB0007046294608D11EEB030E55F1000528BFEC
:100AC0000127704629460FB14CF0020C27462546F7
:100AD00017F8013B3C46DBE74FF0000CC6E74FF050
:100AE000000CC5E7002A08BF0822CFE7002A08BF8C
:100AF0000A22CBE7A2FB0151A0FB02E02D1841F135
:100B00000001002918BF0127D0E706B135601CF0AD
:100B1000010F02D0404261EB41011CF0020F93D063
:100B200005F066FA024B22221A504FF0FF308AE796
:100B30000C0000002DE9F04F8DB0436802938378DC
:100B400015469A07804640F10D8100240E78002E4C
:100B500000F00A81252E0BD04B1C03930134029B1D
:100B60004146304698470028C0F2F6800399EDE7E9
:100B70004E788B1C252E0393F0D00027B946BB4638
:100B8000BBF11F0F38D8A6F12003102B0AD8DFE8DD
:100B900003F02A0909300909092109090928092D41
:100BA00009091F00A6F13003092B33D92A2E37D1AA
:100BB0001BF0400F55F8043B40F08280002BA7BF8C
:100BC0004BF0200B9946C3F100094BF0280B01E0D4
:100BD0004BF0010B039B13F8016B0393002ECFD155
:100BE00030E04BF0020B4BF0040BF3E74BF0080B3B
:100BF000F0E74BF0100BEDE7BBF17F0F19D8A6F132
:100C00003003092BD2D81BF0400F03D00A2101FB7F
:100C10000737DFE70A2101FB09394BF0200BD9E741
:100C20002E2E06D11BF0400F40F09E804BF0400B63
:100C3000D0E76C2E31D02BD8682E36D06A2E3CD01F
:100C40004C2E3AD0002F46F02003B8BF2BF04002C4
:100C5000A3F16501BCBF1FFA82FB0027022901D95D
:100C6000612B2FD1073525F00705DFF8ACA2083539
:100C700007271BF0080F66D00AEB070B56465E45A8
:100C800063D1A4EB0A0A06EB0A02A9EB07096FE19C
:100C9000742E9FD07A2E9DD0D4E71BF0800F18BF02
:100CA0004BF4007B4BF0800B94E71BF4807F18BF64
:100CB0004BF4007B4BF4807B8CE74BF4207B89E783
:100CC0001F4687E7A6F16301122900F2F080DFE8F2
:100CD00011F013004F00EE00EE00EE00EE004F00AA
:100CE000EE00EE00EE00EE00EE00FE00E900EE0089
:100CF000EE001B00EE00AF0055F8043B8DF81830F5
:100D000001270DF1180AB4E755F804AB834BBAF18B
:100D1000000F08BF9A461BF0400F14BF39464FF032
:100D2000FF31504605F0E3F80746A2E7029B414633
:100D30002020984700280FDB013EB742F6D34C44F1
:100D4000A41BB14698E74E46F7E716F8010B029B45
:100D500041469847002892DA98F8023043F004039D
:100D600088F802304FF0FF3420460DB0BDE8F08F18
:100D70001BF0800F34D01BF4007F2CD0073525F0FA
:100D80000705AA4669685AF8080B2BF010050029D8
:100D9000ADB237DA404261EB410145F480650DF1B7
:100DA000180B0A235A4605F0C4F8A0EB0B03019375
:100DB0006B0662D5019B25F001019F4289B240F389
:100DC000A180002E00F0998015F0100240F09C8068
:100DD000BB460D4623E0AA465AF8040BC117D4E7D8
:100DE000AA461BF4807F5AF8041B01D10846F5E798
:100DF0001BF4007F15BF48B208B241F3C01141F3A4
:100E0000C031C2E750EA0103C9D11BF0400FC6D080
:100E1000002FC4D12BF0110295B2BB46019740F2CE
:100E2000064115EA01021CBF0BF1010B00222CE068
:100E30002BF010021FFA82FB0A231BF0800C49D012
:100E40001BF400711DBF073525F00705AA46AA4609
:100E50001ABF5AF8080B69685AF8040B50EA0105E2
:100E600045D12BF016051BF0400FADB242D0002F3C
:100E700040D12BF0170295B2019715F0100248D01F
:100E8000019B002E42D103F1010B29075AD4EB0735
:100E900006D5D9456FDD0199A9EB0B035F18CB4649
:100EA0005B4649E04BF0100B10237826C5E7782B02
:100EB00004D1C6F1780343F01003BEE7029B41461C
:100EC000252098470028FFF647AF023447E608235D
:100ED0000026B2E7AA461BF480715AF8040BBDD075
:100EE0001BF400711ABFC0B2614680B2B6E72BF0A6
:100EF000060295B20DF1180B54E725F01105ADB2BD
:100F0000BB468CE70D46B8E73B460D4603F1020BA6
:100F1000BBE7DDF804B082E72785030020850300E6
:100F2000CDE904324146029B202098470028FFF675
:100F300013AF049B059A01339945F1DCA4EB0B0137
:100F4000CC189B460AB3029B4146302098470028A4
:100F5000FFF602AF8EB901342744019B391B994239
:100F600024DC1D465DBB019AA9EB0B0922445546C2
:100F70001446914435E0019F92E7023441463046E1
:100F8000029B98470028E7DAE6E640F206410D4268
:100F9000E2D015F0020F14BF2B20202015F4806F33
:100FA00004F10104414618BF2D20E9E7029B4146A8
:100FB00030209847002804F10104CEDACCE606ABD5
:100FC000013D4146585D029B98470028CADAC3E6B6
:100FD000029B414620209847002804F10104FFF6B7
:100FE000BBAEA9EB0403002BF2DCBFE5704700EBBE
:100FF000C100408840087047F8B50346FFF7F7FF87
:10100000B0FA80F0C0F11F0003EB800CCA00DCF8DE
:101010001060171D0C4606328DB256B9012101FA37
:1010200000F0D9680143D960CCF81040DD539D52DF
:10103000F8BDF1000431585AD85303EBC0009E525A
:10104000C5805D52F4E710B500EBC104E388994216
:1010500002F104010AD1012303FA02F2C36823EA70
:101060000203C360002340F8213010BDA28840F87D
:10107000213000EBC20100EBC300CB808280F4E79B
:1010800008B50346FFF7B3FFB0FA80F2C2F11F02C2
:101090001846BDE80840FFF7D6BF2DE9F843B1FA7E
:1010A00081F5C5F11F0900EB89080346D8F8102027
:1010B0000E46C2B10327D8F8104018462146FFF764
:1010C00096FFB04206D34A461846FFF7BCFF2046BB
:1010D000BDE8F88303EBC404013FE088C8F81000C2
:1010E00001D08242E7D1C5F120024FF0FF34944095
:1010F000DA681440EBD094FAA4F2B2FA82F2111D2D
:1011000053F821402146DFE738B50346FFF76FFF6C
:101110000D46044611461846FFF769FF03EBC50567
:101120000444600068801846FFF761FF014423F81B
:10113000314038BD38B50346FFF759FF0C46A51AB4
:10114000511A03EBC40405444800608003EBC2005D
:101150006C00448023F8321018461146FFF747FF11
:10116000014423F8315038BD38B50546FFF73FFF3D
:101170000C46014405EBC1035B88DA070AD4284614
:10118000FFF77EFF21462846FFF731FF2218284649
:10119000FFF7BAFF35F83410611A05EBC1035B881D
:1011A000DB070CD42846FFF76BFF35F834102246D6
:1011B000611A2846FFF7A8FF35F83430E41A2146B3
:1011C0002846BDE83840FFF717BF61B10068043911
:1011D000091A21F007030344C9085A8822F00102C2
:1011E0005A80FFF7C1BF704770B5056809B9002084
:1011F00070BD01F007030B33CC0804EBD304AB68DC
:101200009C4228BF1C4621462846FFF746FF06465B
:101210000028ECD001462846FFF7E9FEA04207D996
:1012200032192846FFF786FF11462846FFF7E4FEED
:1012300005EBC6021046538843F001035380043087
:10124000D6E71146FFF7D0BF2DE9F84301F1FF398A
:1012500019EA010906680F4614460CD04B420B40B0
:10126000042B1A464F4628BF0422994664B900252C
:101270002846BDE8F883042904D8BDE8F8431146A0
:10128000FFF7B2BF0422F1E7BA1A04F0070302F035
:1012900007010B330B44E10801EBD20101EBD30151
:1012A000B368994228BF19463046FFF7F6FE8046DC
:1012B0000028DCD009F1040505EBC0057B1E354490
:1012C0001D44B5FBF7F57D43A5EB09052C442B1F09
:1012D00007349B1B24F00704A41BB0EBD30F4FEA89
:1012E000D3074FEAE40408D201463A463046FFF7F6
:1012F00021FF41463046FFF77FFE39463046FFF773
:1013000076FE3844844207D230462246FFF712FF69
:1013100021463046FFF770FE06EBC706738843F0A0
:1013200001037380A4E7043A2DE9F041CC1D114478
:1013300024F0070421F007010E1BF708B7FA87F223
:10134000C2F12405AD004FF000080735C2F12002BC
:10135000ED0804604146A760C4F80C80920004F1D7
:10136000100004F07DFD6B0043F00103638004EB8B
:10137000C5027B1B5900A4F800805180A21924F8F3
:101380003550A2F80280A35304EBC70329465A88BC
:1013900042F001025A802046BDE8F041FFF72CBE22
:1013A000F0B4D0E90032002AD1E9005416DA002C5A
:1013B00008DA5F424FF0004666EB0206BD4274EB6E
:1013C00006061ADB5B1942EB0402C0E900328368AF
:1013D0008A6813448360F0BCF6F776BA53EA0206D3
:1013E000F0D0012D74F10006ECDBDE43AE426FF06D
:1013F0000046A6EB0206A641E3E70020F0BC7047DA
:10140000002070470FB407B504A951F8040B0191EF
:10141000F6F7A0F903B05DF804EB04B07047036879
:1014200000220BB9184670478B4210D10B6842B9A5
:1014300042680360914200D1436000230B600120A9
:10144000704713604368994208BF4260F5E71A4647
:101450001B68E6E7038B13F0070305D10368002B35
:101460000CBF002003207047022B05D1408BB0FA3F
:1014700080F0400980007047012B05D10368002BE4
:101480000CBF0020052070470020704710B50C46A7
:1014900000B111B96FF0150010BD081D00F0D2F8B1
:1014A0000028F9D1A368032BF6D9F3E72DE9F04121
:1014B0000D4607461946281D90461E4600F0D3F8F3
:1014C000044638B13346424629463846A446BDE86C
:1014D000F0416047BDE8F08110B4EFF311822024A1
:1014E00084F31288BFF36F8F416110BC0121F6F7BE
:1014F00033BA38B50C46054658B151B10B6843B103
:101500004B6833B11C22002104F0AAFC2C6100209E
:1015100038BD6FF01500FBE770B505460E46FFF7C6
:10152000B5FF041E14DBEFF31182202383F312882E
:10153000BFF36F8F6B8B2C8B4FF6FF718B4204F0D8
:10154000070407D182F31188BFF36F8F6FF00A048D
:10155000204670BD022C0CD101336B8382F31188BD
:10156000BFF36F8F0023224631462846FFF79EFFC8
:10157000EEE7062C14D8DFE804F004131313041A62
:101580000400002333606B683BB9C5E90066ACB961
:1015900002212846F6F7E0F9DAE71E606E60F6E70A
:1015A00082F31188BFF36F8F6FF00404D0E782F3EA
:1015B0001188BFF36F8F6FF08504C9E782F311883C
:1015C000BFF36F8FC4E710B5EFF31182202383F3CD
:1015D0001288BFF36F8F048B04F00704022C0AD02B
:1015E000012C0CBF6FF004006FF0850082F31188AE
:1015F000BFF36F8F08E0438B013B9BB2438323B95A
:101600002146F6F7A9F9204610BD2046EEE738B589
:10161000A8B1A1B1EFF31185202282F31288BFF3A4
:101620006F8F048BFFF7FBFE30B104F0070085F3EA
:101630001188BFF36F8F38BD6FF07700F7E76FF059
:101640001500F8E7034658B1426802F00302012A88
:1016500003D0032A04D1026812B1002098607047B9
:101660006FF0150070474268816002F00302032AA0
:101670004FF0000203460CBF006810465A607047E6
:1016800070B50C8806468888241A3069A4B2844252
:1016900085B224BF641BA4B22D1BA8B2984228BFF8
:1016A00018463368234413600B8803440B8070BDD5
:1016B00070B4838985880669ED1AADB2731B9342B5
:1016C00028BF134670BC0A46011DFFF7D9BF70B48E
:1016D0000E460146C58831F80A3FEC1AA3B2934280
:1016E00028BF1346324670BCFFF7CABF10B54B88FF
:1016F0000C88E41AA4B294420ED31A4492B28B8896
:101700004A800A800069D21A92B2824201D2002035
:1017100010BD03448B80FAE76FF01500F8E72DE960
:10172000F34106460F4615464FF000082A4601A928
:101730003046FFF7BDFF044640B1024639460198E6
:1017400004F066FB2D1BA0442744EFD14246311D17
:101750003046FFF7CBFF404602B0BDE8F0812DE9EF
:10176000F34107460E4615464FF000082A4601A9E8
:101770003846FFF7ACFF044648B12EB10246019946
:10178000304604F045FB26442D1BA044EED14246D2
:1017900007F10A013846FFF7A9FF404602B0BDE84D
:1017A000F08170470B68834204BF01230B717047BF
:1017B00010B58EB0044669460120F5F73DFF05A936
:1017C0006846FEF77DFF204605A9F6F7B3FC00202A
:1017D0000EB010BD83685B6903B11847704783681A
:1017E0009B6903B11847704708B54368197311B175
:1017F0001868FFF7F4FF002008BD10B540682430DA
:101800001C46FFF7ACFF2060002010BD07B58368C1
:101810009B6C1BB9012003B05DF804FB01AA0421F5
:10182000984710F1580FF5D08630F3D00198003862
:1018300018BF0120EFE72DE9F04145681E462B7BDC
:101840000C46174693B101EB0208444507D13760B7
:10185000D5E90131012098470020BDE8F0812868D2
:1018600014F8011B83685B689847EEE705F11000E8
:10187000FFF755FF05F1B80330600121BFF35B8F1F
:1018800053E8002F43E800100028F9D1BFF35B8F25
:10189000002AE1D12868FFF79DFFDDE710B5406819
:1018A00050F8804B04F021FA2046FFF798FFA36818
:1018B0005B6A0BB120469847002010BD38B504463E
:1018C000456B2868FFF7A2FF38B1204604F00DFAF7
:1018D0002868BDE83840FFF77DBF38BD2DE9FF47D8
:1018E00005460C468368DB6B03B19847AB68DB6A3F
:1018F0006BBB4FF0000904F1240704F12808218E86
:10190000238D626B5B1A9BB2D31A934228BF134696
:10191000414603AA3846FFF7B3FEAB68824600286B
:1019200039D01B69039953B30246284698470646A7
:1019300040B3324641463846FFF7D8FE56454FF091
:101940000109DCD0D4E901310020984703E02846A2
:1019500098470028CDD1AB68DB692BBB2846FFF741
:1019600055FF40BB2846FFF73AFF40F6CD42002323
:10197000CDE9002304F18000FEF7E8FD18E06FF0E8
:101980005706D6E7024641463846FFF7AFFEB9F1A3
:10199000000FE0D0D6E71B69002BF8D001220DF133
:1019A0000B0128469847F2E7284698470028D5D1EA
:1019B00004B0BDE8F087628BE38A9B1A226A9BB26F
:1019C000934204F1100704F11A0828BF1346414658
:1019D00003AA3846FFF754FE064698B1AB68039950
:1019E000DB6863B1024628469847024641463846BE
:1019F000FFF77CFED4E9013101209847D8E76FF06A
:101A00005702F3E72846FFF7EAFEC4F8B860F1E7AB
:101A10008268002382F856308268A2F852308268C9
:101A2000A2F85030704710B50346BFF35B8F53E800
:101A3000000F40EA010243E80024002CF7D1BFF375
:101A40005B8F10BD10B50346BFF35B8F53E8000FEB
:101A500000EA010243E80024002CF7D1BFF35B8FBA
:101A600010BD0EB403B503AA52F8041B0192F7F798
:101A70007DFD02B05DF804EB03B0704708B510B10E
:101A8000F5F7BAFB80B208BD00F52270FDF79ABBEE
:101A90004FF0FF324FF0FF3300F52270FDF7C6BB69
:101AA00000F51E7019B14FF40061FFF7BCBF6FF471
:101AB0000061FFF7C7BF00F51E7011B10421FFF7E9
:101AC000B2BF6FF00401FFF7BDBF08B500F51D7090
:101AD00029B10121FFF7A7FF00F0010008BD6FF059
:101AE0000101FFF7AFFFF7E773B5044680680E46C4
:101AF000154600F51F7000220023CDE9002304F0F5
:101B00007DF958B1A06800F51F70314604F072F9F4
:101B100020462B4602B0BDE87040184702B070BDA9
:101B20000028886814BF0823012300F51F70194698
:101B300004F05DB908B500F52270FDF777FBB0FA47
:101B400080F0400908BD10B504468068037D012B74
:101B50001AD140F267620023FFF7ECFF10B96FF073
:101B60000F0010BD08212046F7F7F0FD6069F6F779
:101B700093FE2046F7F748F8204600F093FDA06852
:101B8000FFF782FF0020ECE76FF08500E9E7F8B58A
:101B9000044680681F46037D022B0D46164607D07B
:101BA000BDE8F8404FF4805100F51E70FFF73BBFD1
:101BB00040F267620023FFF7BDFF48B3A368D3F884
:101BC0007822100508D49A6C32B9D3F87432990689
:101BD00002D5204600F067FC3B46324629462046A7
:101BE00000F0C0FCA368D3F87822120508D49A6CE0
:101BF00032B9D3F874329B0602D52046F7F7F0FECF
:101C0000606900F092F8A068BDE8F840FFF73CBFBB
:101C1000F8BD0CB407B504AB53F8042B0193FFF7E0
:101C2000B6FF03B05DF804EB02B070470EB403B525
:101C300003AB022153F8042B0193FFF7A8FF02B076
:101C40005DF804EB03B070470EB403B503AB082195
:101C500053F8042B0193FFF79AFF02B05DF804EBF1
:101C600003B070470EB403B503AB032153F8042B44
:101C70000193FFF78CFF02B05DF804EB03B07047EF
:101C80000EB403B503AB012153F8042B0193FFF706
:101C90007EFF02B05DF804EB03B0704770B50446F8
:101CA0000E46A1B10846FFF7E9FE40F2676205461D
:101CB0000023A068FFF73EFF10B96FF00F0070BD62
:101CC0006B1C142BA06800D825B9FFF7DDFE6FF060
:101CD0001500F4E73146F5F787FAA36883F83C501E
:101CE000A068FFF7D1FE0020E9E710B540F2676277
:101CF000044600238068FFF71DFF38B12046F6F741
:101D000093FDA068BDE81040FFF7BEBE10BD18B13E
:101D10008368D3F89C0270476FF0150070478368A2
:101D2000996409B9FFF774BE704710B502698368FA
:101D3000126801680446C0689847236900221A6047
:101D400010BD38B5CB681B7C022B05460C4604D170
:101D50000A2802D10D20FFF7F4FF236922681B68CF
:101D6000D554226913680133136023691A686368C4
:101D70009A4202D12046FFF7D8FF002038BD08B5AF
:101D800010B1F5F739FA80B208BD2DE9F74F814659
:101D900001A81F460D461646FCF7A0FE019C242311
:101DA00003FB00444FF000080198A04216D257B937
:101DB000DDF804B0DBF800A0BAF1000F1AD1019BE6
:101DC00024330193F0E7012F0FD003F0A4FB002888
:101DD000EED00198243084420190F4D800201CE019
:101DE0000198243084420190F8D903F094FB002834
:101DF000DED1F5E79AF80030002BE0D04DB128464F
:101E0000F5F7FAF951460246284604F04EF8002844
:101E1000D5D12EB9C14508D1019803B0BDE8F08FE6
:101E20005846B0470028F5D1C9E708F10108C6E7D0
:101E300010B5047B438922442144B2FBF3F003FB39
:101E40001022B1FBF3F003FB1010101A10BD10B5F7
:101E5000047B438921441019B1FBF3F1B0FBF3F08B
:101E6000401A10BD30B5057B43892944B1FBF3F41A
:101E700003FB141101312A4401340180B2FBF3F158
:101E800003FB1122848001324C1CC480428030BD8F
:101E90002DE9F74F00260746884614469946066006
:101EA000B2462378002B00F0BF80202B3AD0093BAC
:101EB000042B37D93B685A1C3A6048F823403B68EA
:101EC0004B4500F0B18000262278002AE9D0A6B95F
:101ED000164623461C46272E04D05C2E25D0222EE3
:101EE00040F096802046FFF74AFF611C02462046DC
:101EF00003F09CFF2278002AD3D0B242A34604F11B
:101F0000010420D15846FFF73AFF214602465846C1
:101F100003F08CFF9BF800605C46002ED9D1C0E72F
:101F20000026BEE704F801ABBBE72046FFF727FF1A
:101F3000651C02462946204603F078FF66782C4649
:101F4000002EC8D1ADE75C2A9BF80120D3D1B24264
:101F5000104608D15846FFF712FF21460246584660
:101F600003F064FFB0E7302A25D1022300251BF8D7
:101F70000300A0F13001C9B2072919D8ED000133DF
:101F8000EDB2052B45EA0105F1D1591E59445846D9
:101F900001930091FFF7F3FE019B0099023BC21AE7
:101FA000584603F043FF9BF801208BF80050A2E74E
:101FB000DBB2022BE9D1782825D1022100251BF8BC
:101FC0000130A3F13000C0B2092808D82D01EDB2CC
:101FD0000543022901D00423D7E70321EFE7A3F14A
:101FE0006100052805D82D01EDB2573B1D43EDB228
:101FF000EFE7A3F14100052803D82D01EDB2373BEF
:10200000F4E7022902D10BF1010474E70323BCE7D2
:10201000202E85D0093E042E82D96678631C002EBE
:102020007FF458AF1C463CE7304603B0BDE8F08F64
:10203000F8B50E4611460746154603F064FF044600
:10204000E0B12846FFF79BFEA742054607D214F8E9
:10205000013C202B02BF0135ADB204F1FF34204614
:10206000FFF78DFE3388421C5B1B521B33806119C6
:10207000204692B2BDE8F84003F0D8BEF8BD2DE985
:10208000F0410F4686B01646044670B1034601ACD7
:1020900000F1100518685968224603C20833AB42A4
:1020A0001446F7D11868106001AC4FF000084146A3
:1020B00032462046F7F76EFA08F10108054628B1C6
:1020C00029683846F5F786F80028F0D1284606B08A
:1020D000BDE8F0812DE9F0471C46DDF820809DF831
:1020E000249000230F46164623602368BB42054612
:1020F0001BD256F8230000F080FC2368824618B1FA
:10210000013323602846F0E756F82310424628465C
:10211000FFF7B5FF48B123685A1C2260B9F1000FE0
:10212000E3D08045E1D1236055462846BDE8F087DD
:10213000F8B50746FFF723FE054638BBF8BD54B196
:102140008AB2AA1A013001323944384403F06EFED3
:102150002C1BA5B20024334698B26A1E9042EDDAD9
:102160003A5C202A03F1010602D0093A042AF2D887
:10217000B1B28BB29D42EED97B5C202B02D0093BE1
:10218000042BDCD80134A4B20131F2E700231C4651
:10219000E2E7F8B5846894F8563006462BB9B36880
:1021A000B3F85020A3F85220F8BD04F15600B4F85B
:1021B0005030C21812F8012C202A1CD0093A042AE7
:1021C00019D90022C25413461D460133425D202A0C
:1021D0009BB200EB0501F7D0093A042AF4D9002D8F
:1021E000DDD0B4F850707A1C521B7F1B03F01EFE2A
:1021F000A4F85070D3E7013B9BB2A4F85030002BF9
:10220000D5D184F85630CAE700231A46FFF7BDBD82
:1022100002230022FFF7B9BD2DE9F74F054601A8BB
:10222000FCF75CFC019B242202FB00380DBB002460
:10223000204603B0BDE8F08F266876B13046F4F74B
:10224000DBFF07462846F4F7D7FF874205D1314622
:102250002846F4F7BFFF0028EAD0236A3BB11B6889
:102260002BB1D3F800909A4600264E4505D1243470
:102270000194019C4445DFD3D9E75AF804BF58467E
:10228000F4F7BAFF07462846F4F7B6FF874205D1B0
:1022900059462846F4F79EFF0028C9D00136E4E7E6
:1022A0000EB403B503AA52F8041B0192F7F75EF9C6
:1022B00002B05DF804EB03B0704710B50446F4F7C4
:1022C0009BFFB4F8503013FA80F038B1638FB0FB45
:1022D000F3F203FB1200B0FA80F0400910BD38B5EC
:1022E00084682046F4F788FFD4F87452B4F852306A
:1022F000C5F3400580B205FB0300638FB0FBF3F22A
:1023000003FB1200B0FA80F0400938BD10B5044656
:10231000FFF7E5FF18B9A068FFF7CFFF20B16069AC
:10232000BDE81040F7F7A4B910BDF8B584680546BC
:10233000B4F85020B4F8521004F13000FFF792FDC9
:10234000A868A78EE68EFFF7B8FF10B16869F7F7A7
:102350008FF9B74207D1218E638E2846C91ABDE88E
:10236000F840F7F7A1B9E18EA38E2846C91AF7F70E
:1023700085F9F0E7F8B5044680680D46B0F85210CC
:10238000B0F8502030300D44FFF76CFDA068ADB2BE
:10239000B0F852102A463030FFF759FD0746A068C2
:1023A0002A46B0F852103030FFF742FD7942064617
:1023B0002046F7F763F931462046F7F775F9A36829
:1023C000A3F85250F8BD2DE9F0410C1E064636DA4E
:1023D000644224B24FF0FF35A4B2AFB216E0B36846
:1023E000B3F852C0B3F8508003F1560E6146002294
:1023F00081B96B1C02D0B8F1000F0FD1A1EB0C0119
:1024000009B23046FFF7B6FF013CA4B2002CE6D17A
:10241000BDE8F081884501D1012DEFD01EF80130D3
:1024200023F020004138192807D9303B092B04D963
:10243000002AE3D1394489B2DAE70122FAE701251B
:10244000CAE78368B3F85210494209B2FFF792BF56
:102450008368B3F85010B3F85230C91A09B2FFF7C5
:1024600089BF8368B3F852301BB14FF0FF31FFF7DB
:1024700081BF70478368B3F85220B3F850309A4256
:1024800002D20121FFF776BF70478268B2F852107E
:10249000A2F850108368B3F852201344002283F846
:1024A0005620F7F7D9B810B504468068B0F8502028
:1024B000B0F852103030FFF7D5FCA368198E2046D3
:1024C000C1F10101F7F7F0F8A368998E20460139B0
:1024D000F7F7D4F82046BDE81040F7F7BDB82DE96E
:1024E000FF4105460F4614460026A4B904B0BDE8D6
:1024F000F081D3F878229207FBD5BFF35B8F03F509
:102500001E7353E8001F21F0020143E80012002A65
:10251000F7D1BFF35B8F686803682246D3F80C805D
:10252000B91903ABC047039A1644A41A002ADCD198
:10253000AB68197D0329EED00229DAD84FF0FF30BD
:102540004FF0FF31CDE90001082103F51F7003F0C2
:1025500055FCA86800F51F70082103F04BFCDAE772
:10256000FFF7BDBFF7B51E4683681546D3F8742242
:10257000D206044613D593F83E208A420FD0DB8F53
:10258000ADF80430F7F7E2F8606932462946F6F70D
:10259000EDFF01A92046F7F7F9F803B0F0BD606937
:1025A0003246294603B0BDE8F040F6F7DFBF0CB471
:1025B00007B504AB53F8042B0193FFF7D3FF03B027
:1025C0005DF804EB02B070472DE9F0418768B7F879
:1025D0005060B318FF2B05468846144626DCB7F832
:1025E0005230F61A56331F44B6B2324639463819BD
:1025F00003F01CFC22464146384603F009FCAA6859
:10260000B2F850302344A2F85030AB68B3F85020F1
:102610001344002283F85620AB68D3F8741289075C
:1026200006D4B3F852201444A3F85240BDE8F08118
:1026300031462846BDE8F041F7F72AB9FFF7C4BF95
:1026400038B505468068B0F85220B0F85040A41A5A
:10265000A4B29CB156321044411C224603F0E6FB62
:10266000AA68B2F85030013BA2F85030611E2846EB
:102670000122BDE8384089B2F7F70AB938BD10B574
:102680008368B3F8502004465AB1B3F8523043B1CE
:102690004FF0FF31FFF76EFE2046BDE81040FFF718
:1026A000CFBF10BD70B592B00023054601934FF423
:1026B0007A746868036840221E6902A901ABB047BA
:1026C000019B13B108B9013CF3D112B070BD0EB437
:1026D00003B503AA52F8041B0192F6F747FF02B0B4
:1026E0005DF804EB03B070472DE9F84305469046CA
:1026F0000F46002960D000243B5D202B23D0093BEE
:10270000042B20D93846F4F777FDAB68598F80B297
:10271000001BA1EB0803984207EB040915D94846B2
:10272000002610F8012B202A06D0A2F1090CBCF1DA
:10273000040F02D80A2A2ED0334608EB0602914233
:1027400028D90136EDE70134D6E74B460026B042E2
:1027500008D168694946FFF7BAFF6869BDE8F843E0
:10276000F7F756B913F8012B0A2A11D16869FFF758
:10277000DCFA324649462846FFF7B1FE01343444BC
:102780006869F7F745F941462846F6F78DFFB9E73E
:102790000136DCE71E466869FFF7C7FA324649464C
:1027A0002846FFF79CFE34443B5D202B02D0093BBA
:1027B000042BE5D80134F7E7BDE8F8830020704723
:1027C00083690020186070470EB403B503AA52F85D
:1027D000041B0192F6F7CAFE02B05DF804EB03B0E9
:1027E000704708B50168FFF759FA002008BD8368F3
:1027F000BFF35B8F03F51D7353E8001F21F0200129
:1028000043E80012002AF7D1BFF35B8F0020704726
:102810008368BFF35B8F03F51D7353E8001F41F01E
:10282000080143E80012002AF7D1BFF35B8F0020B4
:1028300070478368BFF35B8F03F51D7353E8001F78
:1028400021F0100143E80012002AF7D1BFF35B8F9B
:10285000002070478368BFF35B8F03F51D7353E857
:10286000001F21F0080143E80012002AF7D1BFF34E
:102870005B8F002070478368BFF35B8F03F51D7388
:1028800053E8001F21F0020143E80012002AF7D1AB
:10289000BFF35B8F002070478368BFF35B8F03F546
:1028A0001D7353E8001F41F0100143E80012002A95
:1028B000F7D1BFF35B8F002070478368BFF35B8F56
:1028C00003F51D7353E8001F41F0200143E8001297
:1028D000002AF7D1BFF35B8F002070478368BFF3F6
:1028E0005B8F03F51D7353E8001F41F0020143E8BD
:1028F0000012002AF7D1BFF35B8F0020704700233E
:10290000C360704770B51546C4681E46F1B13CB946
:10291000034653F8044F9C4209D10020308070BD1B
:102920008368A34202D10023C360F6E72468C46031
:10293000002CF2D0228904F10A01284603F068FA3B
:10294000238933800022EA540120E8E7002CE4D0F8
:1029500043689C42E7D06468E9E72DE9F843002327
:1029600004468846C360164622B3071D4068874266
:1029700000D0B8B906F10A092068002200234946B0
:10298000FCF7FCF90546B8B963689F4212D0A1680C
:10299000D1E9003213605A60C1E90000206802F0FA
:1029A0001AFEE9E703899342E4D10A3003F060FAA2
:1029B0000028DFD1BDE8F8830681324641460A305F
:1029C00003F026FA6368C5E900375D606560F1E7EA
:1029D00070B50446061D00256368B34202D100238A
:1029E000E36070BDA168D1E9003213605A60C1E9AB
:1029F0000055206802F0EFFDEEE710B5044628B15F
:102A0000F4F7FAFB002380B2984201D8002010BDF1
:102A1000E25C3F2A03D02A2A01D00133F4E70120E7
:102A2000F5E710B5044680684FF48072002100F588
:102A3000AB7003F015FAA068B0F8502000F1560111
:102A400000F5AB7003F0E4F9A06800F5AB70FFF798
:102A50006FFBA46804F5AB70F4F7CEFB0130A4F86B
:102A6000540010BD10B504468068B0F8542000F53D
:102A7000AB71563003F0CCF9A368B3F85420A3F837
:102A8000502010BD03F0ECB903F0C2B90146006854
:102A9000F7F7BABA08B5F7F7E7FABDE80840F7F76D
:102AA00007BB00210120F7F7AFBA6FF08500704730
:102AB00061B662B680F31188BFF36F8F704772B64C
:102AC000002383F31188BFF36F8FBFF34F8F30BFA5
:102AD00062B6BFF36F8F704772B6002383F311881D
:102AE000BFF36F8FBFF34F8F20BF80F31188BFF309
:102AF0006F8F62B67047202809D9B0F1004F08D80F
:102B00000138B0FA80F0C0F11F0040007047082083
:102B100070473E20704708B5D1E90431984700203E
:102B200008BD08B5F7F7B6FF002008BD0B0704D5B0
:102B3000A0F14103192B98BF203070472DE9F04FC9
:102B400087B08A46154602930446002844D00029DF
:102B500042D0002B00F0228105F00103039305F021
:102B600002030A460493A046294618F8010BFFF712
:102B7000DDFF0346C0B23F281778064627D013F082
:102B8000C00F0BD1C8B12A2836D029463846FFF7E6
:102B9000CDFF864202F101025BD01DE05B287AD0B6
:102BA0005C28F2D1EB07F0D46078FFF7BFFF10F09C
:102BB000FF0618BF04F10208E7E7EC0601D52F2F46
:102BC00002D0381E18BF012007B0BDE8F08F1FB13A
:102BD0002F2F03D1A8070DD50120F5E72E2F09D1FE
:102BE000690707D55245F7D0AB0703D512F8013C6A
:102BF0002F2BF1D001322CE06078FFF797FFC1B2A4
:102C00002A2918D02E2F09D16F0707D55245E3D0B6
:102C1000AE0703D512F8013C2F2BDDD079B915F0A2
:102C20000200D1D0ED0600F1BB802F21104603F049
:102C30002FF90038C6E718F8010F2946DDE72F29DC
:102C400009D1AC0707D5104603F022F90246002847
:102C5000C2D0444687E7029B164603F1FF3925F0B0
:102C6000040A05F00207B34629469BF80000FFF767
:102C70005DFF10F0FF0406F10106ADD04B46524651
:102C800059464046FFF75AFF01289DD12F2CEAD123
:102C9000002FE8D098E7002F9ED02F2F04D1A8074F
:102CA0009AD4294638460DE02E2FFAD1690707D568
:102CB000524591D0AB0703D512F8013C2F2B8BD096
:102CC00029462E20FFF732FF6378212B814601D061
:102CD0005E2B15D10234012314F8010B0193294610
:102CE000FFF724FFC6B25D2E4FF0000B1ED02F2E33
:102CF00009D1049BD3B15B2F7FF46EAF444645E00E
:102D000044460023E8E75C2E0AD1039B73B9207880
:102D10005D280BD050B12946FFF708FF0134C6B239
:102D200026B9B9F15B0F3FF465AF55E723782D2B3A
:102D30002FD160782946FFF7F9FE10F0FF0018D078
:102D40005D2816D05C2804F102030BD115F0010FA9
:102D500008D1E31CA0780593FFF7E8FE10F0FF0010
:102D6000DFD0059B4E451C4603DC4845A8BF4FF00D
:102D7000010B14F8010B2946FFF7D8FEC6B25D2EF1
:102D8000B5D1019B5B45CCD0611CB4D00132A046CB
:102D90005FE74E4508BF4FF0010BEAE7032013E75A
:102DA000084611E74023FFF7C9BE426810B52AB1B3
:102DB0000B461C465B68002BFBD16260416010BD76
:102DC00010B5044620B90B7A01330B72084610BDCA
:102DD000034618465B68002BFBD1FFF7E6FF204651
:102DE000F5E710B508B14B6843604C68002308460E
:102DF0004B60F7F7D7FF204610BD8388026819445F
:102E00008180D018704730B484880568A318838007
:102E1000281930BC02F0FCBF10B5838802685C1C26
:102E20008480D154D01810BD8388026830B5D4187E
:102E30009D1C8580D154090A617030BD83885B1A5E
:102E40009BB283800068184470478288521A0346F8
:102E5000828000680844186070478388C28881684F
:102E6000D21A03685B1AD01A70474FF0FF324FF046
:102E7000FF330430FCF7ACB8FCF722B990F86800D7
:102E8000C0F341107047F8B504461E460D4617467C
:102E9000FFF7EBFF94F868309B0715D425B1012D9F
:102EA00010D06FF0150508E0E16E0029F9D09DF80B
:102EB00018300F714E718B710025201DFFF7DCFF5C
:102EC0002846F8BD216FF0E76FF07705F5E790F839
:102ED0006800C0F38000704738B50446FCF7E8FE90
:102EE0002046FFF7C2FFA06940B96FF01205201D10
:102EF000FFF7C2FFFCF7F0FE284638BD94F86830B3
:102F0000DB0716D402F007FB0028EED02046F8F7C6
:102F100071FD05460028EAD10146282204F120006F
:102F200002F09EFF94F8683043F0010384F86830A3
:102F3000DDE76FF07705DAE738B50546FCF7B8FE50
:102F40002846FFF792FF95F86830DA071CD59B07F3
:102F50001DD4A86901F05AFC044638B9284600F08F
:102F60004FF9044648B1A86901F07DFC281DFFF720
:102F700083FFFCF7B1FE204638BD95F8683043F07A
:102F8000020385F86830F1E74FF0FF34EEE76FF0A9
:102F90007704EBE70246034652F8600F904201D1F6
:102FA000002070470028FCD0027A8A42F9D05A6E7D
:102FB0008242F5D000680028F6D1704738B5044643
:102FC0000D46FFF752FF94F86830DB0718D42B69E1
:102FD0000BB9EB68BBB1236E1BB904F16003C4E904
:102FE00018332B6893B9626E04F16001C5E90012D1
:102FF000156065661D46201DFFF73EFF284638BD5B
:103000004FF0FF35F7E76FF01505F4E76FF0770540
:10301000F1E710B50446034654F8480FA0420DD11D
:1030200000200DE0447D8C4204D1032909D1047AAB
:10303000944205D0DC6CA042F2D000680028F1D1A7
:1030400010BD0F29F5E72DE9F04105460C46061D98
:103050004FF0FF324FF0FF333046FBF7B9FFEF6E12
:10306000002F6DD095F86830DB0769D4AB6C1BB9C5
:1030700005F14803C5E912332368002B63D1637D52
:103080000F2B09D1237A012B0CD0EB6C05F14802F0
:10309000C4E900231C60EC64637D032B0FD04FF068
:1030A000000806E0E1682846FFF788FF8046002810
:1030B000EBD03046FCF704F84046BDE8F081AA6C3E
:1030C00005F1480090421ED1002329E091F815C077
:1030D000BCF1030F10D0013323724B68C4E9001315
:1030E0001C604C60637A022B24D0032B25D0012B6B
:1030F000D5D1237ABB73D2E791F808C00CF1FF3C1D
:103100006345E8D11268002ADED0537DE96C032BB9
:103110000DD18A42137A02D011680029D6D1013329
:103120002372EB6CC4E900031C60EC64DAE78A42AA
:10313000E8D1C9E7237AFB73B1E7237A3B74AEE7A2
:103140004FF0FF38B5E76FF07708B2E70346006845
:1031500000B1187A70470346C08808B11878C009D2
:10316000704770B50C46154600F0D7FA40B140687C
:1031700083681B6823B12A462146BDE87040184782
:1031800070BDF8B503698668BFF35B8FD3F8A030D4
:10319000BFF35B8F9B0704460D4617460ED5B36AF7
:1031A0007BB1F36B9847B36A29463A462046984765
:1031B000336C0546204698472846F8BD4FF0FF354A
:1031C000FAE76FF08505F7E770B503698668BFF326
:1031D0005B8FD3F8A030BFF35B8F9B0704460D468F
:1031E0000BD5F36B9847736A294620469847336C92
:1031F000054620469847284670BD4FF0FF35FAE750
:103200000346002083F82C009862704738B590F888
:103210002C30022B0D4604D100F079F908B1C468B6
:1032200004B938BD2B78032B07D0052B0CD0022B0B
:1032300008D1606883689B6902E0606883685B69A5
:1032400003B198472468EBE760688368DB69F7E7B8
:103250000B0644BF21F080011031C84000F001008E
:1032600070472DE9F8434FF0010805460C464646E5
:103270002068002839D068F07F02D2B211465FFA88
:1032800088F7FFF7E5FFB0B1D5F800901146484642
:10329000FFF7DEFF18B96FF01500BDE8F88322F0E4
:1032A0008002103206FA02F229EA02032B60236838
:1032B00023EA0203236020683946FFF7C9FF78B18B
:1032C0002A6839461046FFF7C3FF0028E3D006FA04
:1032D00008F122EA01022A60236823EA010323603D
:1032E00008F10108B8F1100FC2D10020D5E72DE98F
:1032F000F04F8369C26E1B6993F88030C3F34113AA
:10330000022B8DB081460ED0032B0ED0012B0CBFAB
:1033100010230823D371D9F850800026B8F1000F8C
:1033200005D14246ABE02023F4E74023F2E7D8F88A
:103330000430D8F80C4003930A9604967CB9049B99
:10334000039A09339BB293701B0AD3701671D8F895
:103350000C40002C40F0AF80D8F80080DDE76068BA
:1033600083681B6B00250B95002B00F0A28029467B
:103370009847002800F09D80031FC4E9035502937D
:103380003546029A52F8043F02920BB11A7822B9DC
:10339000B54278D86FF0150271E05A780B2A08BF51
:1033A0009D70029B1B685A78042A10D1E2680B9921
:1033B0000A43E260DA78002A55D19D702369012220
:1033C000AA40134301352361EDB200230B93029B06
:1033D0001F687B78052BD4D1D9F8183007936FF08C
:1033E00012024FF0010B79793B7943EA0123ADF8E2
:1033F000263097F902305FFA8BFA002B0A9B05936F
:10340000B8BF4AF0800A51461846FFF721FF88BB33
:103410000B9B069351461846FFF71AFF50BBBB792A
:10342000FA780798009351460DF1260301F04AF807
:103430000246F8B91AF0800F18BF2AF080014FF049
:1034400001031CBF10318B4005980699BDF826205A
:1034500087F802A008BF03FA0AF319431843CDE91D
:103460000A01BA808DE76A1E9A700BA90AA8FFF7B5
:10347000F8FEAAE70BF1010BBBF1100FB3D1104618
:103480000DB0BDE8F08FE3680B9A1343E36060680A
:1034900083689B6ADBB1984702460028EFD101465A
:1034A000606800F001F9049B2468034404932E46ED
:1034B00044E73546EBE7E368A36004F10C010AA892
:1034C000FFF7CFFE02460028D9D1246841E76FF00C
:1034D0008502D4E74FF0FF324FF0FF330430FBF7A3
:1034E00077BDFBF7EDBD21B101290DD000231B688D
:1034F000FFDE5030006848B143685B79934205D0E5
:1035000000680028F8D170475830F3E7704710B5CD
:1035100090F82C30022B044609D1FFF7AFFC94F849
:10352000342001462046BDE81040FFF7DCBF0020F4
:1035300010BD08B5FFF7D7FF003818BF012008BD40
:103540002DE9F04104460E46FFF798FC94F834301C
:103550008046CBB9002E3BD0324641462046FFF78D
:10356000C2FF0746A8B10246204600F0D3F905463F
:1035700088B984F83460FC6864B3606883681B6A47
:1035800003B198472468F7E72046FFF7C0FF0746D6
:1035900020B96FF03C052846BDE8F0810146204681
:1035A00000F08EF910220546002104F1360002F0E9
:1035B00057FC002384F83430FF6817B9002DC9D0B8
:1035C000E9E7786883685B6A03B198473F68F4E786
:1035D00084F834600025DEE7F8B504460E465768E7
:1035E0001546FFF777FF94F86830D9074FD4012EBE
:1035F00008D0FB799A060CD5A3691B69D3F88030F3
:103600009B0706D46FF08506201DFFF76AFF304642
:10361000F8BD002EF6D1A36D53B9226D62B9E36EE9
:103620006A685B7C0133DBB25371E26E53740EE067
:10363000AB422FD01B68EFE7954222D12A68D3B95D
:10364000636D22659D4200D1626500232B60A968ED
:1036500049B12046FFF7F7FC06460028D4D1A868F8
:10366000FFF774FDB87100232B60636D63B9C4E983
:1036700014550026C8E71A60626D954208BF63655D
:10368000E3E713461268C9E71D606565F1E76FF06F
:103690000F06B9E76FF01506B6E74FF0FF324FF0AF
:1036A000FF330430FBF794BC08B583681B6B0BB188
:1036B00098470346002023B153F8042B0AB112782F
:1036C00002B908BD1044F6E710B51C46FFF70BFF22
:1036D00048B10122C06802FA04F320B10269134222
:1036E00001D10068F9E710BD10B50C46FFF70FFFD8
:1036F00048B10123C06803FA04F120B103691942FB
:1037000001D10068F9E710BDD1F81A0083681B6980
:1037100003B118476FF08500704770B501F07F0363
:1037200011F0800F18BF103301259D4090F82C3008
:10373000022B044601D0002070BD90F83460FFF7E2
:103740009DFB324601462046FFF7CDFE0028F2D011
:10375000C0680028EFD083681D42EDD10068F8E70B
:1037600038B50C46FFF7D3FE80B1C06870B143682E
:10377000DA681AB111790023994201DC0068F5E793
:103780001568ED5CA54201D00133F5E738BD2DE9A0
:10379000F04105461E460846002A42D1F8F742F994
:1037A000044600283DD02846FFF777FF95F868309B
:1037B000DA0707D56FF00F04281DFBF781FC2046C0
:1037C000BDE8F0816768BFF35B8F6369BFF35B8F10
:1037D000DB0704F11408EDD47B680BB19D42E9D1FD
:1037E000324600212846FFF77EFEB8B10023236051
:1037F000036983B9C0E90344BFF35B8F58E8003F16
:1038000043F0010348E80032002AF7D1BFF35B8F91
:1038100000247D60D0E71C600461EDE76FF03C049C
:10382000CAE76FF01204CAE72DE9F8434C689DF827
:1038300020900D46984606461746FFF71FFBA368E3
:103840001B6B01461BB96FF01500BDE8F8832046DD
:1038500098470028F7D0041F0C35002054F8043F87
:103860000BB11A782AB900280CBF6FF03C00002079
:10387000EBE75A78042A0BD100BB9A784245EDD188
:10388000DA784A45EAD11B79002BDED00120E5E742
:10389000052AE3D10028E1D0012F997806D0022F24
:1038A000F4D1B0692A4600F0C4F804E0B0692A46B1
:1038B000194600F0A2F80028E8D0C6E70020C4E7C7
:1038C000F8B5CC6806460CB9204622E004F10C0796
:1038D0000125E268AAB165F07F03D9B203F07F0346
:1038E0001033DA40D2070ED4E368EB40DB0705D58E
:1038F000B0693A46E9B200F09CF850B90135102D94
:10390000E7D12468DFE7B0693A4600F092F8002872
:10391000EAD0F8BD2DE9F3475768002497F80580F1
:1039200005460E46A1463B79A34203DC002002B0C7
:10393000BDE8F0875FFA84FA31465346424628468E
:10394000FFF7C2FE014650B1CDF800905346012268
:103950002846FFF769FF0028E9D10134E3E76FF05B
:103960003C00E4E72DE9F74380460D461746FFF794
:10397000BBFE064628B96FF00104204603B0BDE83F
:10398000F0830F2DF7D808EB0509014699F836406A
:1039900000972B4600224046FFF746FF0028EAD159
:1039A00000942B46022231464046FFF73DFF044675
:1039B0000028E2D100972B46012231464046FFF70E
:1039C00033FF04460028D8D1706883685B6813B160
:1039D0003A462946984789F83670CEE711F0800FAD
:1039E00018BF21F0800102684FF0010318BF1031A9
:1039F0008B4022EA03030360704737B58B7900934D
:103A00008B880C461546CA78897800F0D2FD70B9CB
:103A100094F90230A1782A68002BB8BF21F0800108
:103A20004FF00103B8BF10318B4013432B6003B03C
:103A300030BDF8B506460D46174600F002FE0446B6
:103A400058B929463846FFF7C9FF2946304600F0E5
:103A500096FE044608B9FCF77BF92046F8BD2DE92F
:103A6000F0410B7E5E0605460C462FD1190624D583
:103A7000FFF72DFA70BB2846D5F86C80268AEF8CAC
:103A8000FFF7FCF9F8B1421E534253419B01228AD1
:103A90009AB1BE42E98C324628BF3A4691420CD9CF
:103AA000B2FBF3F103FB11223AB994F91830002B61
:103AB000BEBF637E43F008036376A8692146BDE874
:103AC000F04100F034BE98F80730E0E76FF01500E1
:103AD000BDE8F0814FF0FF30FAE743689869F8F7E6
:103AE000EBB870B591F918304668002B05460C46C6
:103AF00007DBC4F81A50B0692146BDE8704000F0F9
:103B000016BE3046FFF7E3F90028F2D04FF0FF3041
:103B100070BD806900F056BE806900F030BE38B5D7
:103B2000054680690C4600F0A8FD60B914F0800FCE
:103B300018BF24F080042A6B4FF0010318BF103423
:103B4000A34013432B6338BD70B5054680690E460C
:103B500000F0BDFD044620B9314605F13000FFF705
:103B60003DFF204670BD0B0648BF21F08001006B71
:103B700048BF1031C84000F00100704782B0C369EF
:103B80008DF8001001922BB102AB13E9060002B0D0
:103B9000F7F7A6BF02B0704782B0C3698DF8001076
:103BA00001922BB102AB13E9060002B0F7F798BF00
:103BB00002B07047704703695B68D8687047436814
:103BC0000361037A63B1012B0CBF02230323437506
:103BD000437A5A1E032A05D8DFE802F005050505D9
:103BE0000123F4E700230375837A062B09D0072B02
:103BF00009D0052B0CBF002303238375837EC37577
:103C000070470123F9E70223F7E7036993F84000BF
:103C100030B1DA6B9388918910695B1A9BB2C01A34
:103C20007047036993F838007047036993F84020A0
:103C300012B993F838007047012070470369C3E94F
:103C4000071270470229036907D0042907D0012908
:103C500007D11B691360002070471B7EFAE75B7E6B
:103C6000F8E76FF085007047BFF35B8F0068BFF324
:103C70005B8F084100F00100704738B50469BFF35D
:103C80005B8F04F1880555E8003F43F0040345E8E5
:103C90000032002AF7D1BFF35B8F636B5A89DB8850
:103CA0009A4203D004F12400FBF722FC04212846A9
:103CB000FFF7DAFF28B904F17800BDE83840FBF7D8
:103CC00017BC38BD10B50469606BFDF748FD10B135
:103CD000012384F8393010BD10B50469606B428946
:103CE000C3889A4202D14FF0FF3010BD0122FDF788
:103CF00036FD0028F7D004F17800FBF7F9FB00202F
:103D0000F3E738B50469EFF31185202383F31288B4
:103D1000BFF36F8FE06BFDF702FD85F31188BFF3F2
:103D20006F8F10B1012384F8413038BD38B5034698
:103D300040681B695D68AC68A37A84F8223094F807
:103D40002D3084F82330696841B1237C33B9FFF703
:103D50007AF918B96868FFF7F9F92074002038BDBE
:103D600001238B40DB43BFF35B8F50E8002F1A40E9
:103D700040E800210029F8D1BFF35B8F704700694C
:103D800002218830FFF7ECBF006903218830FFF77C
:103D9000E7BF08B50369186900218830FFF7E0FF25
:103DA000BDE808400121FFF7DBBF03691869012165
:103DB0008830FFF7D5BF2DE9F04750F8483C00F1B7
:103DC00040055B68074600212846D3F80080FFF7CE
:103DD0004BFF00284DD001212846FFF745FF002862
:103DE00047D1BFF35B8F55E8003F43F0200245E821
:103DF00000210029F7D1BFF35B8F9B0639D4D8F897
:103E000010305B689B68402293F836104046FFF7FD
:103E100064FE064650B928460521FFF7A1FF384643
:103E20002122BDE8F0470023FBF7D2BB8146428A3E
:103E300059F80C1F57F80C0CFDF791FC044601468D
:103E40004846FEF7DAFF24B114F03F0F0CBF0124FF
:103E5000002407F82D4C31464046FFF742FE40B1A2
:103E60003046F6F79FFF28460521BDE8F047FFF7EB
:103E700077BFBDE8F08740297FB534D00DD8102931
:103E800033D006D801296BD0082930D06FF0150443
:103E900026E02029FAD1042308E0B1F5807F28D05C
:103EA000B1F5007F27D08029F0D1102304699BB29F
:103EB000E18912B30B4342F2A1014FF40032E381D6
:103EC000CDE901120669ADF80C3043681C6806F1B3
:103ED000880300211846FFF7C7FE88B96FF00C046D
:103EE000204604B070BD0823E0E70223DEE701238B
:103EF000DCE72023DAE74023D8E721EA0303DAE707
:103F000001211846FFF7B0FE0028E7D123695B685E
:103F10009B680A2293F826102046FFF7DEFD05462F
:103F2000D8B10A2201A90C30FEF76DFF20462946C0
:103F3000FFF7D7FD044618B12846F6F733FFCFE761
:103F40004FF0FF324FF0FF3306F18C00FBF76EF9B4
:103F50000B3008BF6FF08B04C2E76FF00B04BFE7B4
:103F60000024BDE7F8B5036947681C695B689B6876
:103F70000D4693F83D30097E06462AB3994204D196
:103F8000042104F18800FFF7EBFE33692A7E5B68A9
:103F90009B6893F836309A4204D1052104F18800D9
:103FA000FFF7DEFE33692A7E5B689B6893F8263054
:103FB0009A4203D104F18C00FBF75EF9294638469A
:103FC000BDE8F840FFF7A5BD994214D12A8AE968F7
:103FD000606BFDF7A4FB28B1E3691BB104F1240079
:103FE000FBF786FA04F188000421FFF7B9FE04F11B
:103FF0007800FBF77DFA33692A7E5B689B6893F84B
:1040000036309A4215D1E3691BB104F12400FBF765
:104010006FFA052104F18800FFF7A2FEE36B5A89CD
:10402000DB889A4205D00022002304F14800FBF708
:10403000CFFA33692A7E5B689B6893F826309A42F0
:10404000BCD104F18C00FBF7BDF8B7E738B550F8E8
:10405000783C5B681D6800F1100302460021184699
:10406000FFF702FE002836D001211846FFF7FCFDBD
:1040700088BB52F8441C8A8888890969121A92B24E
:104080008A1A3F2A27D9BFF35B8F53E8002F42F0EB
:10409000100143E800100028F7D1BFF35B8FD3066F
:1040A00019D42B695B689B68402293F83D10284621
:1040B000FFF713FD044670B1438A402B28BF40230D
:1040C000438201462846FFF70CFD20B12046BDE89B
:1040D0003840F6F767BE38BD38B550F8243C5B6809
:1040E0001A6850F8083C0446002B4BD0002300F11E
:1040F00064058382838302212846FFF7B5FDB8B1AA
:1041000054E9023110699847637D1BB104F15400F2
:10411000FBF7EEF905212846FFF7A6FD98B9637F66
:104120006BB10022002304F12400FBF751FA0AE0EE
:1041300003212846FFF798FD0028E1D1E4E714F8B1
:10414000093C002BEDD102212846FFF78DFD38B147
:1041500023695A89DB889A4202D02046FBF7C8F9C6
:1041600003212846FFF780FD60B1A26993889189F9
:1041700012695B1A9BB29A4204D02046BDE83840CF
:10418000FBF7B6B938BD08B5036903F1880202210F
:104190001046FFF769FD28B1596BC8884989401A54
:1041A00018BF012083F8380003211046FFF75CFD9B
:1041B00040B1DA6B908891891269401A80B2801AF6
:1041C00018BF012083F84000012008BD03691B6966
:1041D000BFF35B8F883353E8001F41F0020143E8CF
:1041E0000012002AF7D1BFF35B8F704770B50369E7
:1041F0001C69BFF35B8F04F1880555E8002F42F07E
:10420000010245E800210029F7D1BFF35B8F0221AD
:104210002846FFF729FD10B11846FFF72EFD0321B0
:104220002846FFF721FDA8B1E26B938891891269B6
:104230005B1A9BB29A4205D004F12400BDE870409D
:10424000FBF756B904F148000022BDE87040002396
:10425000FBF7BEB970BD0069BFF35B8F00F1880347
:1042600053E8001F41F0080143E80012002AF7D18B
:10427000BFF35B8FC26B9388918912695B1A9BB203
:104280009A4202D02430FBF733B9704710B5807AD8
:104290000C46F6F701FDC36921465868BDE8104099
:1042A00001F099B9F7B50D46807A17461E46F6F724
:1042B000F3FC2C68C369033424F0030258682A60B5
:1042C0000421CDE90076FAF767FD00B9286003B054
:1042D000F0BD38B50446807AF6F7DEFC6169054624
:1042E00049B1637ADB0704D4C3691B6820469B6825
:1042F00098470023636121462846BDE8384001F015
:104300009ABA30B50906847C054618D414F04000EA
:104310001AD0298AC3F30A00C1F30A01884222D8BD
:1043200002F0030002280DD003280ED0012815D179
:1043300014F0080217D013F4C05F05D00BE014F09E
:104340002000E5E7C4F3800030BD14F00200FBD08C
:1043500013F4C05F05D0C4F30010F5E704F00100CA
:10436000F2E70120F0E70020EEE7BFF35B8FD0F823
:10437000A000BFF35B8F00F001007047BFF35B8FBD
:10438000D0F8A000BFF35B8FC0F340007047026914
:10439000BFF35B8F02F1A003D2F8A020BFF35B8FC5
:1043A000BFF35B8F51B153E8001F41F0040143E8B4
:1043B0000012002AF7D1BFF35B8F704753E8001F4C
:1043C00021F0040143E80012002AF4D0F6E701F0DE
:1043D0000F030906026948BF103352F823007047E3
:1043E000007DC0F300107047037D61F30413037573
:1043F000704708B502691046FFF7B7FF60B9087E3D
:1044000000F00F03000648BF103342F8231008469F
:1044100001F0FEF9002008BD6FF00C00FBE7002260
:104420000023FAF79DBE70B5054600220023FAF777
:1044300097FE044610B106462B680BB9204670BDA6
:10444000002200232846FAF78BFE70600028F5D082
:104450000646F1E701F0F9B901F0E2B9437E23F035
:10446000070343F0010343767047407EC0F3C0006A
:104470007047437E6FF3C303437670471FB50469EB
:104480008DF80410CDE90220D4F8983001A998479E
:1044900004B010BD1FB50469034606208DF8040062
:1044A0002046CDE90213FFF760FF40B1C1F81E209E
:1044B000D4F8982001A91846904704B010BD4FF0D9
:1044C000FF30FAE72DE9F843044686688946154629
:1044D0001F46FFF77CFF8046002835D0F36B20464F
:1044E00098473B882A4649464046FFF70AFF28B3CB
:1044F0008BB92369D3F88030DB0758BF402305F020
:10450000030546BF4FF480634FF400711946022D36
:1045100007D0032D0CD02046336C98470020BDE80F
:10452000F883B8F810208A4228BF0A463A80F2E79A
:10453000B8F810209A4228BF1A46F7E72046336C95
:1045400098476FF08500EAE76FF01200E7E72DE982
:10455000F0470546D0F808A0894690461F46FFF769
:1045600036FF044610B3067DF3071CD43B46424693
:104570004946FFF7C6FEC8B19DF8203084F819807F
:1045800026F00606678323772675DAF81830214669
:1045900028469847227DB0FA80F35B0963F3000256
:1045A0002275BDE8F0876FF07700FAE76FF0120030
:1045B000F7E72DE9F3411F464B06D0F80880044683
:1045C0000D4616461BD0D8F83C3098472069FFF7B7
:1045D000D5FE88B19DF82030009329463B463246EF
:1045E0002046FFF7B4FF0546D8F8403020469847EC
:1045F000284602B0BDE8F0814FF0FF35F4E76FF0D8
:104600001505F5E770B505468668FFF7E0FE044638
:1046100088B1037DDB0711D50146F3692846984729
:1046200038B1237D03F00103227D63F3000222757C
:1046300070BD0346F8E76FF01200F9E76FF07700FE
:10464000F6E770B54B06866804460D4612D0F36B4C
:1046500098472069FFF789FE48B129462046FFF7B1
:10466000D1FF0546336C20469847284670BD4FF071
:10467000FF35F7E76FF01505F7E770B58668054673
:10468000F36B0C4698472869FFF778FEB0B12146D6
:104690002846FFF79CFE014698B1037DDB0710D545
:1046A000437E03F00303012B0ED0F368284698479E
:1046B00004462846336C9847204670BD4FF0FF34BF
:1046C000F7E76FF01204F4E76FF08504F1E7F8B54F
:1046D00087680646FB6B0C4698473069FFF74EFE2D
:1046E000E0B121463046FFF772FE0546C8B1037DB2
:1046F000DB0716D5437E03F00303012B14D00146DC
:104700003B6930469847044618B92B7D60F3410356
:104710002B7530463B6C98472046F8BD4FF0FF3470
:10472000F7E76FF01204F4E76FF08504F1E770B576
:1047300086680546F36B0C4698472869FFF71EFE0E
:10474000B8B1217EA9B12846FFF741FE014698B1D4
:10475000037DDB0710D5637E6FF30003637622468B
:1047600073682846984704462846336C9847204685
:1047700070BD4FF0FF34F7E76FF01204F4E770B547
:1047800086680546F36B0C4698472869FFF7EDFDF0
:1047900080B121462846FFF71AFE014668B1046839
:1047A0001CB1B3682846984704462846336C98479E
:1047B000204670BD4FF0FF34F7E76FF01204F4E7C6
:1047C000F7F77ABA70B586680D46F36B04469847DA
:1047D0002846F6F7E7FA2046336C9847002070BD6C
:1047E00070B586680546F36B98472869FFF7C6FDE4
:1047F000044620B133683BB1284698470446284612
:10480000336C9847204670BD0124F8E7F8B58768F7
:104810000669FB6B044698472069FFF7A6FDE0B1E7
:104820002069FFF7ABFDD8B9C6F8A400FB6A2046A3
:104830009847054660B9BFF35B8FA03656E8003F46
:1048400043F0020346E80032002AF7D1BFF35B8F42
:1048500020463B6C98472846F8BD4FF0FF35F7E7F8
:104860006FF07705F4E7F8B587680669FB6B0446D7
:1048700098472069FFF782FDB0B13B6B204698470F
:10488000BFF35B8F054606F1A00353E8001F21F03C
:10489000020143E80012002AF7D1BFF35B8F2046E4
:1048A0003B6C98472846F8BD6FF07705F7E72DE990
:1048B000F0410546D0F80880066914460F4631B32A
:1048C0002AB3D8F83C3098472869FFF74EFDD8B98D
:1048D000C6E926742846D8F834309847044660B9AB
:1048E000BFF35B8FA03656E8003F43F0010346E874
:1048F0000032002AF7D1BFF35B8FD8F8403028464A
:1049000098472046BDE8F0816FF07704F5E76FF037
:104910001504F6E7F8B587680669FB6B0446984707
:104920002069FFF72BFDD0B92069FFF71EFDC8B144
:10493000BB6B20469847BFF35B8F054606F1A0038B
:1049400053E8001F21F0010143E80012002AF7D1CB
:10495000BFF35B8F20463B6C98472846F8BD6FF04D
:104960000F05F7E76FF07705F4E7F8B54B7E0769B9
:1049700043F002034B760546D7F8A8000E46FEF733
:104980001FFA002280212846F7F796F9044678B1ED
:1049900001463046FEF714FA637E43F00403637663
:1049A0000022D7F8A8102846BDE8F840FFF772BDEE
:1049B0006FF00B02F5E7F8B50669D6F8A430022BC4
:1049C00005461BD1D6F8A870FB688021DA88F7F776
:1049D00073F9044678B101463846FEF7F1F9637E73
:1049E00043F0020363760022D6F8A8102846BDE8FB
:1049F000F840FFF74FBD6FF00B02F5E76FF0850051
:104A0000F8BDF8B5066900228021D6F8A8700546E1
:104A1000F7F752F9044680B11FB101463846FEF758
:104A2000CFF9637E43F0040363760022D6F8A81022
:104A30002846BDE8F840FFF72DBD6FF00B02F5E703
:104A40004A7E42F004024A760022FFF723BD036942
:104A5000D3F8A400431E5842584170470369D3F865
:104A6000A400831E5842584170470369D3F8A4003C
:104A7000431F5842584170470369D3F8A400C31E2E
:104A800058425841704770B50C460569607ED5F8AC
:104A90008010237ED5F8A420C00716D5FBB9E368A3
:104AA000DE8842B1012A03D1D5F8A800F6F77AF9D9
:104AB0000023C5F8A430C5F8A840F6B1E3681B7818
:104AC000DB090133C5F8A43070BD43B9012A16D003
:104AD000042A16D1228A002A18BF0623F2E7052AE3
:104AE00011D0022A04D181F0040303F00403E9E7A2
:104AF000032A14BF06230023E4E70323E2E7052388
:104B0000E0E70623DEE70023DCE7C343C3F3C0137B
:104B100000F00F0000EB0310704738B50D46FFF7AB
:104B200056FC0446FFF75CFC60B92046FFF792FC98
:104B300040B12846F7F79AF920460121BDE83840F0
:104B4000FFF752BC38BD38B50D46FFF740FC0446B0
:104B5000FFF746FC60B92046FFF77CFC40B12846D1
:104B6000F7F784F920460121BDE83840FFF73CBC47
:104B700038BD08B500F09CFCF9F744FF002008BDE3
:104B8000006984304FF0FF324FF0FF33FAF720BA5C
:104B900000698430FAF794BA4A09012301F01F0131
:104BA0008B4000EB8200BFF35B8F50E8002F1A436D
:104BB00040E800210029F8D1BFF35B8F70470369FB
:104BC000C9B20C2201FB0233186C00F007007047D9
:104BD00070B5C9B20369EFF31185202484F31288FC
:104BE000BFF36F8F0C2606FB0134246C14F0C00455
:104BF00008D0A24206D085F31188BFF36F8F4FF023
:104C0000FF3070BD06FB013301221A6485F3118861
:104C1000BFF36F8F436803EBC1035B6898470020C5
:104C2000EFE78022FFF7D4BFF8B5069F0469C9B249
:104C3000EFF31186202585F31288BFF36F8F0C25C3
:104C400005FB0144256C05F0070CBCF1010F0CD1EC
:104C5000276486F31188BFF36F8FC4E90E2343687E
:104C600053F8313098470020F8BD05F0C005AF4239
:104C700086F31188BFF36F8F0CBF6FF077004FF092
:104C8000FF30F1E713B580240094FFF7CDFF02B0A9
:104C900010BD10B40069CBB21C2403FB040000213A
:104CA00010BC10470020F9F705BA002000F06BBBDC
:104CB0001046FAF787BA43685B68D3F810350B6083
:104CC0000020704743685B6802EA010021EA0201A4
:104CD000C3F80805C3F80C150020704743685B68EB
:104CE0000020C3F80815704743685B680020C3F8CC
:104CF0000C15704743685A68D2F8043521EA03005E
:104D00000B40C2F80805C2F80C350020704710B5FA
:104D100003695868F8B1884219D19C6808685860DE
:104D2000A14200D19860002008602AB15A680A6048
:104D30009A68596002B99960002010E0814206D15A
:104D40000868206098688142EDD19C60EBE70446DA
:104D500000680028F2D1002AE8D16FF0150010BDDC
:104D600013B54FF080520829136E526E28BF0821E8
:104D700012BA00921BBA0C460A466946019301F02A
:104D800047F8204602B010BD30B543681360057A7D
:104D9000446804EBC504A34202D36FF0010030BDA8
:104DA0005C798C4201D00833F0E70020F7E710B5BA
:104DB0000469204600F0A4FC0023636110BDF8B52F
:104DC00087687C6806469CB1436893F82630DB0709
:104DD0001DD405694FF0FF334FF0FF322846FAF734
:104DE000F7F86B69002B05DC00242846FAF768F910
:104DF0002046F8BD013B6B61002BF5D17B68304646
:104E00009847041EBEBF6B6901336B61EDE7002458
:104E1000EEE7F0B4D0E901631B693BB177688F42DC
:104E200008DB3568954205DCF0BC18476FF0570089
:104E3000F0BC70476FF01500FAE7F0B4D0E90163F9
:104E40001B6A3BB137698F4208DBF568954205DC88
:104E5000F0BC18476FF05700F0BC70476FF01500BA
:104E6000FAE770B4D0E90162956A03460C46A5B131
:104E700096F8242012B92B4670BC1847306A0244B9
:104E800010F8011BA14202D121461846F3E79042D7
:104E9000F6D16FF0850070BC70476FF05700FAE7ED
:104EA0002DE9F341D0E901470E4694F82510056934
:104EB000FF2980460FD194F82610C1F38101022901
:104EC00014D0D8F808301B6B003918BF01214BB93A
:104ED0006FF0570003E0FFF7C4FF0028EBDA02B0E1
:104EE000BDE8F081404698470028F8DBA268B2F19F
:104EF000004F05D011464046FFF78BFF0028EEDB40
:104F00006269B2F1004F05D011464046FFF795FFA8
:104F10000028E4DB2368B3F1004F14D0D8F8083040
:104F20005B69002BD4D001A9404698470028D6DB06
:104F30002268019B9A421CDD11464046FFF769FF3B
:104F4000002805DACBE762686FF000439A42E5D1AA
:104F50009EB994F826309B0716D03B684046984788
:104F60000028BCDBA069F8F7CFFB6B6901336B61EC
:104F70000AE062689342EBDDDEE76B6901336B6147
:104F800094F82630DA0601D40020A8E74046FFF75F
:104F900016FFA4E7012303FA01F103691B68194214
:104FA00018BF82F0010212B18368DB68184783687A
:104FB0001B69FBE708B54368986A38B193F82C1071
:104FC0000122FFF7E7FF00EAE07008BD6FF08500FF
:104FD000FBE743681868B0F1004018BF0120704734
:104FE0000346084631B95B681B68B3F1004F01D036
:104FF000136070476FF015007047F7B544680546B9
:10500000FFF7D5FEA06A00283AD000F084FA002805
:1050100038D0E38DA06A94F82C1043F4003207696D
:10502000D0F808C013F0010F4FF001063B6806FAF4
:1050300001F614BF3343B3433B60DCF800309847BC
:10504000002821DBA06A94F82C400669836801A936
:105050005B689847002809D016DB011E18BF0121A4
:10506000284603B0BDE8F040FFF71ABF019B326845
:105070005A400123A3401A4214BF01200020ECE74C
:105080000146EDE76FF0120003B0F0BD4368986A87
:1050900020B193F82C100022FFF77CBF6FF0850041
:1050A000704743681B68D3F88004C3F880047047D6
:1050B00042681368D3F8100150B1D2690020127809
:1050C0000A70C3F81001D3F8102101221A6070474A
:1050D0004FF0FF307047002A0FDD42681368D3F8A5
:1050E000100158B10020C3F81001D269D3F81001A3
:1050F00012780A700120186070470020704710B5C0
:10510000436819680369EFF31182202080F3128845
:10511000BFF36F8F1868002484731B680120D87355
:105120004FF48003C1F8043382F31188BFF36F8F0B
:1051300010BD03691A68012191731B680022DA739C
:105140007047026911680346C87B40B15B681B6801
:10515000D3F8580118B100230B6113689889704780
:1051600043681B68D3F81001003818BF012070474E
:1051700043681B681022C3F80423704743681B6808
:105180001022C3F80823704743681B684FF400726D
:10519000C3F80423704743681B684FF40072C3F8D8
:1051A0000823704738B543681D68D5F804335B029F
:1051B000044605D4D5F8040310F0100006D138BD1C
:1051C000FFF7BFFF0028F5D00120F8E72046FFF7E2
:1051D000C7FF003818BF0120F1E7012070470369BD
:1051E000186801601B685A60704702680346D2F86D
:1051F000580140B95B68DB0706D4D2F820010038BB
:1052000018BF012070470120704710B4436802693D
:105210001B68D3F80413C90517D5D3F82011A1B121
:10522000EFF31181202484F31288BFF36F8FD3F83A
:10523000204134B10024C3F82041D3F82041012497
:10524000DC6081F31188BFF36F8F1168D3F8584188
:1052500071B17CB100240C611168C97B19B94FF49C
:105260008001C3F8081311688C7B1CB100238B7379
:1052700010BC7047D3F8241121B10021C3F82411C8
:10528000D3F8243112681368002BF1D0516810BC98
:10529000184713B501AA0446FFF776FD002805DB81
:1052A000019B226819791868F8F75CF902B010BD03
:1052B0006FF0850070472DE9F041066933689C89DD
:1052C000BFF35B8F94420546A8BF144610330127F5
:1052D00053E8002F002A03D143E800700028F7D1DB
:1052E000BFF35B8F0CBF3B4600232BD133682246B4
:1052F000986800F08DFDEFF31188202383F3128866
:10530000BFF36F8F69680846FFF76FFF326840B9D7
:105310001061044688F31188BFF36F8F2046BDE803
:10532000F0810B689268C3F844250022C3F8484511
:10533000C3F82021D3F82011C3F85821D3F85821FD
:105340009F60E7E71C46E9E700F150039B009BB232
:1053500003F1804303F5883300221A601B6870470D
:1053600008B5F8F737FB08BD004700F0AFB8C0003C
:1053700000F1804000F5F830C0F81015C0F8142591
:105380007047F9F7A5BBF8F70BBEF7B5019001A878
:10539000DDE9084716461D46F8F71EFF019BB6F1EA
:1053A000000C18BF4FF0010C00EB83000B1E18BF60
:1053B0000123002D43EA4C0314BF4FF00C0C4FF0B7
:1053C000000C002C43EA0C0314BF4FF4E06C4FF0C8
:1053D000000C002F43EA0C03D0F8002714BF4FF451
:1053E000403C4FF0000C43EA0C0322EA030301B1F6
:1053F00009780EB13678760019430DB12D78AD00DD
:1054000031430CB12478240229430FB13F783F0483
:105410000C433C43C0F8004703B0F0BD1FB50DF18D
:105420000F03019300238DF80F1000931A461946BD
:10543000FFF7ABFF05B05DF804FB38B5054608463D
:105440000C46F8F71BFFB0B10846F8F70BFF90B910
:105450000846F8F7FBFE2A6801238340C2F80833A8
:105460002A6803B202EB8303D3F8102522F003026B
:10547000C3F8102538BD20460021BDE83840FFF7AD
:10548000CDBFF8F781BFFFF7D8BF00F180431A689E
:10549000002A1FBF00221A601B68012008BF0020DD
:1054A00070474FF080434FF46072C3F80423704795
:1054B0004FF080434FF46072C3F80823704708B57B
:1054C000F9F7B6FABDE80840F8F748BE08B1F5F7B5
:1054D000A9BC704710B5436904463BB90020E26897
:1054E000537843F001035370404210BD98470028A1
:1054F000F4D00028B8BF4042E368FF28A8BFFF20CF
:105500001870ECE7C3685B78DB0701D4FFF7E2BFF4
:105510006FF07700704740B1C368587810F0010011
:105520001EBF1878B0FA80F040097047EFF311837E
:10553000202383F31288BFF36F8FFEE708B5FFF7D0
:10554000F5FF2DE9F04F89B0DDE9126805460592B7
:105550004346324606A80F4600F075FBDDE90634E7
:1055600005F1140ACDE90234EFF311844FF020095C
:1055700089F31288BFF36F8F05F10C0B059A149B0A
:1055800039462846984730B184F31188BFF36F8FAE
:1055900009B0BDE8F08F56EA0806F5D0DDE9022330
:1055A00006A800F075FBDDE906685A46CDE90068FB
:1055B00021465046FAF7A4FAEFF3118489F31288D2
:1055C000BFF36F8FDAE710B400F10C04C0E90344B5
:1055D00010BCFBF7A8BE38B50446EFF311852023B5
:1055E00083F31288BFF36F8FFBF7EFFD04F10C001C
:1055F00000F06AFA30B1294604F11400BDE83840E1
:10560000FAF712BB85F31188BFF36F8F38BD41697C
:10561000826842EA010313F003030FD1C3600369F8
:10562000013B03FB0122002B01DA00207047C16817
:1056300011604169C260013B521AF4E76FF0150036
:1056400070472DE9F04105460F46EFF311882023FE
:1056500083F31288BFF36F8FC668FEB90468A04257
:105660001CD0DCB1D4E9003213605A60637BA660C1
:1056700023F002036373C4E9006604F1180000F02C
:10568000B4FA2046C4F8BC60276100F0B8F941467E
:1056900005F10800BDE8F041FAF7C6BA3E60AB6913
:1056A000EF60013BAB6188F31188BFF36F8FBDE8FA
:1056B000F08108B52024EFF3118384F31288BFF33F
:1056C0006F8FFDF7FCF9F6E7D0E9003213605A60FE
:1056D000427B002322F00202C0E900334273836060
:1056E000704713B501240094F9F7A4FB02B010BD74
:1056F00090F90E308B4201D0FAF724BA002070479F
:1057000003460020C3E90200C3E900337047D0E933
:10571000003213605A60427B002322F00202C0E98B
:1057200000334273836070472DE9F8439046044686
:105730009DF820200D4600F10809EFF31187202184
:1057400081F31288BFF36F8F02B14568A668B14537
:1057500016D0AEB13046FFF7DAFF002406F118008C
:1057600000F043FA3046C6F8BC40C6F8108000F09E
:1057700046F948463946FAF757FA2046BDE8F88315
:10578000A3B10820FAF778FF002832D00122C0F830
:1057900004800260016801F003015DB922680A43D8
:1057A0000260626820606AB960600BE0C8F800308F
:1057B0004046EFE72A68032A10D80160616839B9CA
:1057C000C4E90000002087F31188BFF36F8FD5E78D
:1057D0000A6802F0030202430A60E5E722F00302CE
:1057E0000A4302602A6802F0030240EA02032B60C7
:1057F000E8E76FF00B00E6E710B5044630B1026849
:10580000930703D0446809B100F0FBFA204610BDAD
:105810000023C0E9003300F10803C0E902337047F8
:1058200007B50123009300230A461946FFF77CFFC2
:1058300003B05DF804FB07B500230A460093194640
:10584000FFF772FF03B05DF804FB00680021FFF76B
:10585000D3BF3AB18A4205D3C0E90212C0E90000C1
:10586000002070476FF015007047026801238B40DD
:1058700022EA0303036022FA01F000F001007047FE
:1058800010B5032104460C30FFF7EFFF30B104F1EF
:10589000100000F0AAF9B0FA80F0400910BD20B164
:1058A00000221146CC3000F044B9704773B504466D
:1058B000EFF31185202383F31288BFF36F8F00234A
:1058C000A0F11006032104380193FFF7CEFF28B1A1
:1058D000A369019301A93046F9F7AEFD85F311885C
:1058E000BFF36F8F02B070BD38B504460D4610226D
:1058F000002100F0B5FA656038BD13B50190084687
:10590000EFF31184202383F31288BFF36F8F01A973
:10591000F9F792FD84F31188BFF36F8F02B010BDC9
:1059200010B5FFF7EAFF041E08DDEFF31180202316
:1059300083F31288BFF36F8FFAF7A6F9204610BDE4
:1059400038B5302204460D46002100F089FA4FF4A4
:1059500080736560E36038BDEFF30580003818BFE1
:10596000012070478430704710B500238B4202D16C
:105970001360002010BDC45CAA2CF9D10133F5E7F7
:105980000A46D0E92901FFF7EFBFD0E900321360E2
:105990005A600023C0E90033704708B5FFF7F5FFF0
:1059A000437B23F0020343730023836008BD38B5B3
:1059B00004460D46F9F7ACFF637B43F002036373C3
:1059C000E5B1A5602B689D4209D16B68C4E900531D
:1059D0001C606C6012E06A689A42F6D01B68002B6B
:1059E000F3D094F90E2093F90E108A42F3D091422D
:1059F000F1DD5A68C4E9003214605C6038BD10B54E
:105A0000EFF31184202383F31288BFF36F8FF9F72C
:105A10003DFF84F31188BFF36F8F10BD08B5EFF31E
:105A20001181202282F31288BFF36F8F83680BB13C
:105A3000FFF7B3FF81F31188BFF36F8F08BD38B54F
:105A4000EFF31184202383F31288BFF36F8F90F854
:105A50006C50427B002380F86C302DB121B184F36F
:105A60001188BFF36F8F38BD12F0280FF7D183680C
:105A70000BB1FFF792FF437B23F004034373F9F765
:105A800005FFECE701211838FFF7D9BF08B5034639
:105A9000EFF31181202282F31288BFF36F8F006829
:105AA000834207D008B1FFF778FF81F31188BFF375
:105AB0006F8F08BD0020F8E710B5FFF7AFFFBDE816
:105AC0001040183000F091B838B504680546AC4273
:105AD0004FF0000000D138BD002CFCD02046FFF76D
:105AE000EBFF2046FFF78BFF2C680120A542F1E772
:105AF00070B505460E46FAF76FF9B6F1FF3F08BFDD
:105B0000B5F1FF3F0446284612D04FF47A7147F6AC
:105B1000FF730022C4FB0132D80B40EA4240B0F1CF
:105B2000004F4FEAD23272F1000228BF6FF00040FE
:105B300070BD38B5EFF31185202383F31288BFF3CE
:105B40006F8F0468A04213D0A4B1C4F8BC102261C6
:105B50002046FFF722FF04F1180000F046F8204627
:105B6000F9F794FE012085F31188BFF36F8F38BDDC
:105B70000020F8E72046F6E72DE9F04105460E46FD
:105B80001746EFF31188202383F31288BFF36F8F3A
:105B90000468A0420FD1002088F31188BFF36F8FF3
:105BA000BDE8F08139462046B0470028F4D16B6843
:105BB000A342F0D02468002CF4D1ECE708B50246EB
:105BC000FAF70CFB70B1D0E904319B1A61EBE27279
:105BD000B3F1004F72F1000104DA002AACBF18469D
:105BE000002008BD6FF00040FBE738B50246EFF338
:105BF0001185202383F31288BFF36F8F0368CBB125
:105C0000FAF7ECFA04461046FAF7FAFA00224FF0D7
:105C100000438442C0E9042306D1FAF7E7FAFFF70C
:105C2000CDFF0021F8F742F8002085F31188BFF37B
:105C30006F8F38BD6FF01500F7E708B5FAF7ECFB8A
:105C400008BDFAF7E9BBB3F1FF3F08BFB2F1FF3F70
:105C500070B506461D46144614D01A4316D0002BC4
:105C600008DBFAF7D9FB041941EB0501C6E900414D
:105C7000304670BD6FF001031C1B4FF0FF3363EB28
:105C80000501F3E74FF0FF342146EFE70024FBE77F
:105C9000B3F1FF3F08BFB2F1FF3FF8B50746164624
:105CA0001C4610D054EA020311D0FAF7B5FBB042FB
:105CB0000A46A14103460AD2F31A64EB0204C7E97B
:105CC00000343846F8BD4FF0FF331C46F7E7002399
:105CD000FBE70023C0E9081200F11802C0E9062220
:105CE000C0E9003303634363704710B50446FFF710
:105CF0007CFFA8B9636A0BB12046984704F11800ED
:105D0000FFF7C4FE60B1FFF77AFEEFF311802023A6
:105D100083F31288BFF36F8FBDE81040F9F7B4BF6B
:105D200010BD2DE9F3470446DDE90A9815460E46F5
:105D300059B302F0010AFAF7AFF80746EFF3118101
:105D4000202383F31288BFF36F8FA80744BF00237B
:105D5000A360A36803EA0600BAF1000F0CD08642E4
:105D60000CD16A0744BF8343A36081F31188BFF35A
:105D70006F8F02B0BDE8F0870028F2D159EA08031E
:105D800005D181F31188BFF36F8F0020F1E7C7E9D8
:105D900019652246CDE9009804F10C00F9F7B0FE30
:105DA0000028F2D1786EE4E710B5D0E919424B68CB
:105DB00012F0010F03EA040301D09C4210D17BB121
:105DC0004366520744BF8A681A430B6848BF8A601B
:105DD00003660123086080F86C301830FFF705FF78
:105DE000002010BD0023C0E90000836070470A4610
:105DF000FAF7E4BB0A460021FAF7E0BB5200FFF7CE
:105E000090BF20B1011F50F8040CFFF7E4BB7047AE
:105E10000A44914200F1FF3300D1704710B511F8E8
:105E2000014B03F8014F9142F9D110BD884210B5E2
:105E300001EB020402D98442234607D8431EA14243
:105E400008D011F8012B03F8012FF8E702440146AE
:105E50008A4200D110BD13F8014D02F8014DF7E759
:105E600002440346934200D1704703F8011BF9E74F
:105E700010B501390244904201D1002005E00378B9
:105E800011F8014FA34201D0181B10BD0130F2E7F9
:105E9000C9B20346184613F8012B12B18A42F9D150
:105EA0007047002918BF0020704710B56AB101394A
:105EB000841810F8012B11F8013F9A4203D1A04237
:105EC00001D0002AF5D1D01A10BD1046FCE710B55C
:105ED0000139044632B111F8013F00F8013B013AA3
:105EE000002BF7D10021FFF7BBFF204610BD10B5F6
:105EF000024601448A42134603D01C780132002C2A
:105F0000F8D1181A10BD0A7870B56AB970BD9A42F6
:105F100009D10C46054614F8013F002BF6D015F8C0
:105F2000016F9E42F7D001300378002BEFD1184665
:105F3000ECE7F0B5C3F137070446FFB203F01F03E7
:105F40001046082BE6B233D0102B3ED06508A408CB
:105F500044EA817445EAC1752D194FEA910242EB7A
:105F60005102290941EA02716D1842EB1212290A05
:105F700041EA02616D1842EB1222290C41EA02410A
:105F80006D1842EB1242AD1842F10002EC0844EAEF
:105F90004274D10804EB8402A6EB4205EDB2092D50
:105FA0000CD90134A5F10A0541F10001EDB212E06E
:105FB000E40844EA417406F00705C908303554EA9C
:105FC000010200F8015BBCD1F0BD240944EA017470
:105FD00006F00F050909092D84BFED19EDB2EDE7B3
:105FE000D1E9043293421EBF5A1C0A6118707047EF
:0C5FF0000148006870470000C40E00204B
:085FFC000C12FF7F0100000000
:10600400E1AD020000000000000000009460030005
:1060140059ED020000000000B5ED02000000000090
:1060240000000000B860030000000000DC60030012
:106034000000000024610300000000000061030070
:10604400B9D102000000000049DB0200000000009A
:10605400BDAA020000000000950603000000000035
:106064000000000048610300000000006C610300B0
:106074000000000090610300898702000000000016
:1060840051B9020000000000817B02000000000002
:10609400FC830300206B0300586303009803002073
:1060A400BC11002041CF02000000000000000000ED
:1060B400146B0300118403003C6B0300346303007E
:1060C4009A0300201012002071D302000000000087
:1060D40000000000306B030025840300606B0300A4
:1060E400346303009C0300201C12002071D30200BF
:1060F4000000000000000000546B0300C083030094
:10610400786A0300B0630300940300203000002089
:106114006DBC020000000000000000006C6A030077
:1061240066840300F86B0300FC630300A2030020F1
:10613400FC020020EDD70200B15203000000000071
:10614400E86B0300E2830300FC6A0300B86A0300FF
:10615400960300204C020020B5C00200000000009D
:1061640000000000A86A030041840300806B030060
:10617400746303009E03002028120020FB4F0300D9
:106184000000000000000000786B0300508403004E
:10619400B86B030074630300A003002040120020C6
:1061A400FB4F03000000000000000000B06B030080
:1061B400BF5403006953030000000000A32A030036
:1061C400246103000B52030000000000A32A030013
:1061D40000000000A32A030000000000A32A03001B
:1061E400E1E702006953030000000000A32A030052
:1061F40000000000A32A030000000000A32A0300FB
:1062040000000000A32A030000000000A32A0300EA
:1062140000000000A32A030000000000A32A0300DA
:1062240000000000A32A030000000000A32A0300CA
:1062340000000000A32A030000000000D9DB0200D4
:1062440000000000A32A030000000000A32A0300AA
:1062540000000000A32A030000000000A32A03009A
:1062640000000000A32A030000000000A32A03008A
:1062740000000000A32A030000000000A32A03007A
:1062840000000000A32A030000000000A32A03006A
:1062940000000000A32A030000000000A32A03005A
:1062A40000000000A32A030000000000A32A03004A
:1062B40000000000A32A030000000000A32A03003A
:1062C40000000000A32A030000000000A32A03002A
:1062D40000000000A32A030000000000A32A03001A
:1062E40000000000A32A030019C802006953030038
:1062F40000000000A32A030000000000A32A0300FA
:1063040000000000A32A030000000000A32A0300E9
:1063140000000000A32A030000000000A32A0300D9
:1063240000000000A32A030000000000A32A0300C9
:10633400B9D30200B74C0300C54C0300DD4C030085
:10634400E94C0300F54C030009D202000F4D030091
:046354000000000045
:1063580099CF0200234C0300854C03000000000085
:0C636800BF4B030000000000000000001C
:10637400B54F03008D500300D34F0300E14F0300DA
:106384000000000000000000000000000000000009
:1063940000000000000000000000000000000000F9
:0C63A400000000000000000000000000ED
:1063B000D93C0300F9BB020000000000033D0300CC
:1063C000C53C030057420300893D03000B3C03001A
:1063D0007B3C03007F3D030000000000233C0300E2
:1063E00000000000000000002B3C03008741030078
:1063F0003D3C0300773E0300453C0300B1500300E1
:1064000035D70200A3500300B7520300D750030052
:10641000FF50030033510300435103007151030047
:106420007D51030043510300615103008951030072
:1064300097510300A5510300DB510300DF51030016
:08644000000000000000000054
:106448008C76030078010020240C002068010020CD
:106458000200000038670300200C00200000000044
:0C64680095760300B005002000340020F1
:10647400C86703008C6603002C660300E066030013
:1064840064670300A067030018660300DC67030069
:0C6494008C67030078670300B467030006
:1064A00000000000000000000000000000000000EC
:1064B00000000000956D03009C6D030000000000CB
:1064C0000D7C020000000000CB6D0300D16D0300C5
:1064D00000000000297C020002000000CC6E0300D6
:1064E000D36E0300186503000000000000000000E8
:1064F000576E03005E6E030000000000A9740200E6
:1065000001010000B46E0300BC6E03000000000037
:10651000797C020000000000000000000000000084
:10652000000000000000000000000000A571030052
:10653000AA710300000000003D7F0200020000007D
:10654000C26F0300C76F030000000000B17C0200AF
:1065500000000000447103004B71030000000000C4
:10656000D97E020002000000687003006F70030013
:1065700000000000A57D020000000000E1700300A3
:10658000E970030000000000757E020002000000B8
:1065900000000000000000000000000000000000FB
:0465A00000000000F7
:0865A400A17F0200C17F02008B
:1065B000FFFFFFFFFFFFFF7FFFC99A3B00000000C6
:1065C000FFFFFFFFFFFF0000CA529A3B00000000E0
:1065D0001B5B4A00001B5B4800001B5B324A00004B
:1065E0001B5B4A00001B5B6D00001B3700001B3863
:1065F00000001B5B3F336C00001B5B4800001B5B13
:10660000324A00001B3700001B3800000000000069
:106610000338FDD870470000686D03006F6D0300FC
:10662000A06403000000000000000000B17203003D
:1066300086720300406603000000000000000000B6
:1066400044660300C26F030080660300A465030074
:106650004580020001010000967203009B72030056
:10666000A8650300E17F02000200000000000000B6
:10667000000000000000000000000000000000001A
:10668000C40BD286B8720300E9720300A67303003C
:10669000AB730300A06603000000000000000000D0
:1066A000A4660300047E0300B97303000000000029
:1066B000F981020000000000C9730300CD730300DC
:1066C00000000000B11703000000000000000000FF
:1066D00000000000000000000000000000000000BA
:1066E0003A75030041750300F46603000583020058
:1066F00002020000F8660300037603000876030038
:1067000000000000D583020005020000407603006F
:106710004576030000000000B1860200020100007F
:106720000000000000000000000000000000000069
:10673000000000003A000000451300201E00000089
:10674000612503004864030060010020BD8702004A
:106750009D180300E917030037180300FB17030017
:1067600000000000B279030064790300000000001B
:106770009593020001000000737A03007A7A030007
:1067800000000000959C020001000000A47A0300B4
:10679000AB7A0300F0670300359D020001010000A1
:1067A000507B0300587B030000000000559C020052
:1067B00001000000697B03006F7B03001C6803007D
:1067C0000000000000000000957B03009B7B03009D
:1067D00000000000019D020001000000A97B0300F1
:1067E000AD7B030000000000BD2703000000000097
:1067F000F4670300D07B0300D87B03000000000097
:10680000B99B020001000000000000000000000031
:1068100000000000000000000000000020680300ED
:106820001C7C0300257C030000000000F99B020093
:1068300001000000427C0300517C0300C06803009B
:106840000000000000000000017D0300087D03003F
:10685000006A030000000000000000001F7D03002C
:10686000257D0300C0690300000000000000000057
:106870003C7D0300437D03008069030000000000AD
:1068800000000000527D0300577D030040690300B3
:10689000B19C0200010100006A7D0300707D0300CD
:1068A000006903000000000000000000000000007C
:1068B00000000000000000000000000000000000D8
:1068C000C4680300827D03008C7D0300000000008B
:1068D0005528030001000000C47D0300CB7D0300A8
:1068E000000000001128030001000000000000006B
:1068F0000000000000000000000000000000000098
:1069000004690300027E0300087E0300000000000B
:10691000C127030001000000367E03003B7E030018
:1069200000000000E59B02000100000000000000E4
:106930000000000000000000000000000000000057
:1069400044690300017A0300677E03000000000031
:106950007728030001000000B96E0300A67E030043
:1069600000000000DD28030001000000000000001E
:106970000000000000000000000000000000000017
:1069800084690300017A0300B97E0300000000005F
:10699000459C020001000000B96E0300C97E03009F
:1069A00000000000E32703000100000000000000D9
:1069B00000000000000000000000000000000000D7
:1069C000C4690300017A0300D87E030000000000C0
:1069D000EF27030001000000B96E0300F07E030002
:1069E00000000000BB2803000100000000000000C0
:1069F0000000000000000000000000000000000097
:106A0000046A0300017A0300077F0300000000000E
:106A10003328030001000000B96E03001F7F03004C
:106A200000000000992803000100000000000000A1
:106A30000000000000000000000000000000000056
:106A4000000000200000000000000B060200000013
:106A5000546A03000000000095830300260002062C
:106A6000000000209D83030022000B11706A0300C8
:106A700001000000C0830300D801002000000000D6
:106A80004F030020EC010020000000009C6A03007E
:106A9000C00300200000000000000000A542030029
:106AA000000000008D420300AC6A030002000000F9
:106AB000BB830300F08303000000000015C2020046
:106AC000D1C202009DBF020051C2020000000000BE
:106AD0003DBF020071C2020081CC020095C00200DD
:106AE00000000000F9CC020009C7020009C0020042
:106AF000734B0300814B0300914B03000000000027
:106B00000300000041C00200C9CE020099CE02007D
:106B100000000000186B0300010000000B8403005C
:106B200019D002000DCF0200A54C0300AB4C0300AE
:106B3000346B0300010000001F840300FFFF00000E
:106B40000003005000000000010000000060004051
:106B500000000000586B03000100000033840300B4
:106B6000FFFFFFFF000000500000000000000000D9
:106B700000600040000000007C6B0300000000008B
:106B800000000080FFFFFF7F000000800000008009
:106B9000FFFFFF7F00000080B80B00000000000036
:106BA0006684030000FF0A00B860030008000002CA
:106BB000B46B03000000000000000080FFFFFF7FB7
:106BC0000000008000000080FFFFFF7F00000080C9
:106BD00000000000000000006684030000FF0800C1
:106BE000B86003000A000002EC6B03000200000022
:106BF000748403007A840300002000400100000038
:106C000000000000186C03000000D6010000000026
:106C10006C1300206B13002000200040246C030044
:106C2000020000003C6C030002000000346C030012
:106C3000020100002B8000002C8000012B000000CE
:106C40002C0600010800000003000000046003009F
:106C5000046003004C600300546003008C60030078
:106C600094600300B684030001000500E084030083
:106C700002000700BC84030004000800C584030070
:106C800008000400CA84030010000900D484030033
:106C900020000800DD84030040000A00E8840300AF
:106CA00080000600178503000001000000000000BE
:106CB000090442617365206E6F64652073746172AC
:106CC00074696E670A0070726F63657373696E67CB
:106CD0000050726F63657373696E672074687265C4
:106CE000616420737061776E65640A004261736548
:106CF000206E6F64652072656164792E0050726F3A
:106D000063657373696E672074687265616420736C
:106D10007461727465640A006364635F61636D5FCC
:106D20003000465320436F6E6669677572617469FF
:106D30006F6E004344432041434D20736572696187
:106D40006C206261636B656E64005A65706879726D
:106D50002050726F6A656374006364635F61636D82
:106D60005F73657269616C006B65726E656C004B78
:106D700065726E656C20636F6D6D616E6473006328
:106D800079636C65733A2025752068772063796391
:106D90006C65730A006379636C6573004B65726E92
:106DA000656C206379636C65732E00556E61626C4F
:106DB0006520746F20706172736520696E707574E0
:106DC0002028657272202564290A00736C6565703D
:106DD000006D7300557074696D653A20256C6C7593
:106DE000206D730A002D70002D2D707265747479FA
:106DF00000556E737570706F72746564206F707477
:106E0000696F6E3A2025730A00757074696D653A72
:106E100020256C6C7520646179732C20256C6C7551
:106E200020686F7572732C20256C6C75206D696EEF
:106E3000757465732C20256C6C75207365636F6E9B
:106E400064732C20256C6C75206D696C6C6973659E
:106E5000636F6E64730A00757074696D65004B65CD
:106E6000726E656C20757074696D652E2043616E5D
:106E70002062652063616C6C6564207769746820AA
:106E8000746865202D70206F72202D2D70726574CE
:106E90007479206F7074696F6E7300342E332E30E6
:106EA000005A65706879722076657273696F6E201A
:106EB00025730A0076657273696F6E004B65726E9A
:106EC000656C2076657273696F6E2E0074687265EA
:106ED0006164004B65726E656C20746872656164F4
:106EE000732E005363686564756C65723A2025756E
:106EF0002073696E6365206C6173742063616C6CD0
:106F00000A00546872656164733A0A004E410025B4
:106F100073257020252D3130730A00096F70746954
:106F20006F6E733A20307825782C207072696F72FA
:106F30006974793A2025642074696D656F75743AB7
:106F400020256C6C640A000973746174653A20250D
:106F5000732C20656E7472793A2025700A00556E84
:106F600061626C6520746F2064657465726D696E12
:106F70006520756E7573656420737461636B20732F
:106F8000697A6520282564290A0A000973746163F7
:106F90006B2073697A6520257A752C20756E757360
:106FA000656420257A752C20757361676520257AC4
:106FB00075202F20257A7520282575202525290A5A
:106FC0000A006C697374004C697374206B65726E8F
:106FD000656C20746872656164732E0025702049A9
:106FE00052512025303264202573287265616C204F
:106FF00073697A652025347A75293A09756E757337
:1070000065642025347A75097573616765202534B8
:107010007A75202F2025347A75202825327A75201C
:107020002525290A00257020252D3332732028724A
:1070300065616C2073697A652025347A75293A096F
:10704000756E757365642025347A7509757361678B
:10705000652025347A75202F2025347A752028253F
:107060003275202525290A00737461636B73004C07
:1070700069737420746872656164732073746163EA
:107080006B2075736167652E0054687265616420BA
:107090004944202570206973206E6F742076616CDE
:1070A00069640A004572726F723A5368656C6C20AD
:1070B0007468726561642063616E6E6F74206265CE
:1070C0002073757370656E6465640A005468726538
:1070D00061642025702073757370656E6465640A41
:1070E0000073757370656E64006B65726E656C20FD
:1070F0007468726561642073757370656E64203C9A
:107100007468726561645F69643E004572726F7293
:107110003A5368656C6C20746872656164206361C1
:107120006E6E6F7420626520726573756D65640A9A
:107130000054687265616420257020726573756DF6
:1071400065640A00726573756D65006B65726E65C6
:107150006C2074687265616420726573756D65205A
:107160003C7468726561645F69643E004572726F69
:10717000723A5368656C6C20746872656164206350
:10718000616E6E6F74206265206B696C6C65640A59
:10719000000A20546872656164202570206B696C58
:1071A0006C65640A006B696C6C006B65726E656C73
:1071B00020746872656164206B696C6C203C746833
:1071C000726561645F69643E004465766963652049
:1071D000756E6B6E6F776E20282573290A004465E3
:1071E0007669636520257320697320616C7265611F
:1071F000647920696E697469616C697A65640A00F2
:1072000044657669636520257320696E69746961D8
:107210006C697A6174696F6E206661696C6564205F
:1072200077697468206572723D25640A004465764A
:1072300069636520257320696E697469616C697A78
:107240006564207375636365737366756C6C790A26
:107250000052454144590044495341424C45440081
:10726000646576696365733A0A005B25705D002D7D
:107270002025730020204454206E6F6465206C61CB
:1072800062656C733A0044657669636520636F6D6F
:107290006D616E647300696E6974004D616E756135
:1072A0006C6C7920696E697469616C697A652061BA
:1072B00020646576696365004C69737420636F6E42
:1072C0006669677572656420646576696365732CA9
:1072D000207769746820616E206F7074696F6E61C9
:1072E0006C2066696C746572005B3C6465766963EA
:1072F000652066696C7465723E5D0025642D2530DD
:1073000032752D2530327520253032753A253032D0
:10731000753A25303275205554430A00496E76611E
:107320006C696420686F75720A00496E76616C69D9
:1073300064206D696E7574650A00496E76616C69CA
:1073400064207365636F6E640A00496E76616C69D0
:1073500064206D6F6E74680A00496E76616C6964B2
:10736000206461790A004661696C656420746F204D
:1073700063616C63756C617465207365636F6E64C3
:10738000732073696E63652045706F63680A0043FC
:107390006F756C64206E6F74207365742064617403
:1073A000652025640A006461746500446174652089
:1073B000636F6D6D616E6473005B592D6D2D645D3F
:1073C000203C483A4D3A533E00676574005B6E6F4F
:1073D0006E655D005573696E672064617461207726
:1073E000696474682025640A00496E636F7272656F
:1073F000637420646174612077696474680A005260
:107400006561642076616C7565203078256C6C78D8
:107410000A0057726974696E672076616C75652021
:107420003078256C6C780A00696E76616C6964202E
:107430006164647220272573270A00696E76616C87
:1074400069642073697A6520272573270A00696EAD
:1074500076616C69642077696474682027257327D6
:107460000A00613A733A773A00272D61203C616443
:1074700064726573733E27206973206D616E646169
:10748000746F72790A00272D73203C73697A653E08
:1074900027206973206D616E6461746F72790A00D0
:1074A0006465766D656D206C6F61642073757070B6
:1074B0006F7274732073657474696E67206279707B
:1074C000617373206F6E20612073696E676C652035
:1074D000696E7374616E63652E0A004C6F61646936
:1074E0006E672E2E2E0A7072657373206374726C31
:1074F0002D78206374726C2D7120746F2065736316
:107500006170650A004E756D626572206F6620625B
:107510007974657320726561643A2025640A002DD0
:107520002D002D6500556E6B6E6F776E206F707439
:10753000696F6E20222573220A006465766D656D81
:1075400000526561642F7772697465207068797381
:107550006963616C206D656D6F72790A557361673F
:10756000653A0A52656164206D656D6F72792061BC
:107570007420616464726573732077697468206F26
:107580007074696F6E616C2077696474683A0A641C
:1075900065766D656D203C616464726573733E2031
:1075A0005B3C77696474683E5D0A57726974652054
:1075B0006D656D6F727920617420616464726573AA
:1075C000732077697468206D616E6461746F72797D
:1075D00020776964746820616E642076616C7565DB
:1075E0003A0A6465766D656D203C6164647265730A
:1075F000733E203C77696474683E203C76616C750C
:10760000653E0064756D700055736167653A0A6484
:1076100065766D656D2064756D70202D61203C610F
:107620006464726573733E202D73203C73697A65C0
:107630003E205B2D77203C77696474683E5D0A00CC
:107640006C6F61640055736167653A0A6465766DB5
:10765000656D206C6F6164205B6F7074696F6E7311
:107660005D205B616464726573735D0A4F70746959
:107670006F6E733A0A2D65096C6974746C652D65BB
:107680006E6469616E2070617273650075617274F9
:107690003A7E2420007368656C6C5F7561727400BB
:1076A000537562636F6D6D616E64733A0A006E6F3D
:1076B00074207465726D696E617465643A20256327
:1076C0000A00506C65617365207370656369667943
:1076D000206120737562636F6D6D616E642E0A00A8
:1076E0004572726F723A2072657175657374656464
:1076F000206D756C7469706C652066756E63746955
:107700006F6E20657865637574696F6E730A003AF1
:1077100020636F6D6D616E64206E6F7420666F758F
:107720006E6400546F6F206D616E792061726775B1
:107730006D656E747320696E2074686520636F6D6B
:107740006D616E642E0A0025733A2077726F6E6742
:1077500020706172616D6574657220636F756E74FF
:107760000A005741524E494E473A204120707269F3
:107770006E7420726571756573742077617320640F
:1077800065746563746564206F6E206E6F7420612C
:107790006374697665207368656C6C206261636BE5
:1077A000656E642E0A000A2573257300506C6561AE
:1077B000736520707265737320746865203C546132
:1077C000623E20627574746F6E20746F20736565FD
:1077D00020616C6C20617661696C61626C6520630C
:1077E0006F6D6D616E64732E0A00596F7520636151
:1077F0006E20616C736F2075736520746865203C22
:107800005461623E20627574746F6E20746F2070D4
:10781000726F6D7074206F72206175746F2D636F5D
:107820006D706C65746520616C6C20636F6D6D614B
:107830006E6473206F722069747320737562636F56
:107840006D6D616E64732E0A00596F752063616EF1
:107850002074727920746F2063616C6C20636F6D8B
:107860006D616E64732077697468203C2D683E20DA
:107870006F72203C2D2D68656C703E2070617261C6
:107880006D6574657220666F72206D6F7265206918
:107890006E666F726D6174696F6E2E0A000A5368AE
:1078A000656C6C20737570706F72747320666F6C8A
:1078B0006C6F77696E67206D6574612D6B65797388
:1078C0003A0A20204374726C202B202861206B65BB
:1078D000792066726F6D3A206162636465666B6CD5
:1078E0006E70747577290A2020416C7420202B203B
:1078F0002861206B65792066726F6D3A2062662977
:107900000A506C6561736520726566657220746FDC
:10791000207368656C6C20646F63756D656E74614F
:1079200074696F6E20666F72206D6F72652064657A
:107930007461696C732E0A000A417661696C616238
:107940006C6520636F6D6D616E64733A0A0025305B
:1079500038583A2000253032782000202020007C42
:10796000007C0A005072696E747320746865206828
:10797000656C70206D6573736167652E001B5B25F8
:10798000642563001B5B313B3325646D001B5B3456
:10799000303325646D0055736167653A2025732087
:1079A000002573252D2A730025733A20002D6800C9
:1079B0002D2D68656C7000202D20002020004C6F5C
:1079C0007374206C6F67733A20256C750A004163ED
:1079D00074697665207368656C6C206261636B65A1
:1079E0006E64733A0A0020202532642E203A2573F3
:1079F00020282573290A005B2533645D2025730A3E
:107A0000006F66660020756E6B6E6F776E2070611A
:107A100072616D657465723A200025733A2573258D
:107A2000730A004563686F207374617475733A203C
:107A300025730A004E6F20726573706F6E73652038
:107A400066726F6D20746865207465726D696E6111
:107A50006C2C20617373756D656420383078323416
:107A60002073637265656E2073697A650A001B5B1B
:107A7000366E0072657476616C005072696E7420A7
:107A800072657475726E2076616C7565206F662004
:107A90006D6F737420726563656E7420636F6D6DB6
:107AA000616E6400726573697A6500436F6E736F0F
:107AB0006C652067657473207465726D696E616CA6
:107AC0002073637265656E2073697A65206F72201A
:107AD000617373756D65732064656661756C742080
:107AE000696E2063617365207468652072656164E6
:107AF0006F7574206661696C732E204974206D75F2
:107B000073742062652065786563757465642061AF
:107B1000667465722065616368207465726D696E54
:107B2000616C207769647468206368616E676520A2
:107B3000746F20656E7375726520636F7272656312
:107B400074207465787420646973706C61792E0098
:107B5000686973746F727900436F6D6D616E642034
:107B6000686973746F72792E007368656C6C005568
:107B7000736566756C2C206E6F7420556E69782D58
:107B80006C696B65207368656C6C20636F6D6D61EB
:107B90006E64732E00636C65617200436C65617284
:107BA0002073637265656E2E0072656D0049676EA5
:107BB0006F7265206C696E657320626567696E6EB1
:107BC000696E672077697468202772656D202700C9
:107BD00064656661756C7400417373756D652038FA
:107BE000302063686172732073637265656E2077FD
:107BF0006964746820616E642073656E64207468C3
:107C000069732073657474696E6720746F2074687B
:107C100065207465726D696E616C2E006261636BC4
:107C2000656E6473004C6973742061637469766572
:107C3000207368656C6C206261636B656E64732E83
:107C40000A006261636B73706163655F6D6F646589
:107C500000546F67676C65206261636B737061636A
:107C600065206B6579206D6F64652E0A536F6D65B5
:107C7000207465726D696E616C7320617265206E2F
:107C80006F742073656E64696E67207365706172CE
:107C90006174652065736361706520636F6465203E
:107CA000666F72206261636B737061636520616EE1
:107CB000642064656C65746520627574746F6E2EE3
:107CC000205468697320636F6D6D616E6420666F08
:107CD00072636573207368656C6C20746F20696EC5
:107CE000746572707265742064656C657465206B70
:107CF0006579206173206261636B73706163652EC7
:107D000000636F6C6F727300546F67676C652063FC
:107D10006F6C6F7265642073796E7461782E007673
:107D20007431303000546F67676C65207674313081
:107D30003020636F6D6D616E64732E0070726F6DB5
:107D4000707400546F67676C652070726F6D70742B
:107D50002E006563686F00546F67676C65207368F9
:107D6000656C6C206563686F2E00737461747300BA
:107D70005368656C6C2073746174697374696373A0
:107D80002E006261636B73706163650053657420DC
:107D9000646966666572656E74206573636170659B
:107DA00020636F646520666F72206261636B73701D
:107DB00061636520616E642064656C657465206B29
:107DC00065792E0064656C65746500536574207474
:107DD00068652073616D65206573636170652063FC
:107DE0006F646520666F72206261636B737061639C
:107DF0006520616E642064656C657465206B6579CF
:107E00002E00726573657400526573657420736823
:107E1000656C6C2073746174697374696373206634
:107E20006F7220746865204C6F67676572206D6F94
:107E300064756C652E0073686F77004765742073F6
:107E400068656C6C20737461746973746963732002
:107E5000666F7220746865204C6F67676572206D6D
:107E60006F64756C652E0044697361626C65207384
:107E700068656C6C206563686F2E20456469746961
:107E80006E67206B65797320616E64206D65746127
:107E90002D6B65797320617265206E6F7420686147
:107EA0006E646C656400456E61626C652073686524
:107EB0006C6C206563686F2E0044697361626C6549
:107EC0002070726F6D70742E00456E61626C65205B
:107ED00070726F6D70742E0044697361626C6520FE
:107EE000767431303020636F6D6D616E64732E0077
:107EF000456E61626C6520767431303020636F6D41
:107F00006D616E64732E0044697361626C652063F9
:107F10006F6C6F7265642073796E7461782E0045A2
:107F20006E61626C6520636F6C6F7265642073793B
:107F30006E7461782E00436F6D6D616E64206275A2
:107F40006666657220697320746F6F2073686F7244
:107F50007420746F20657870616E6420616C6C2091
:107F6000636F6D6D616E6473206D61746368696EBB
:107F7000672077696C6463617264207061747465F2
:107F8000726E3A2025730A0072302F61313A202038
:107F9000307825303878202072312F61323A202015
:107FA000307825303878202072322F61333A202003
:107FB0003078253038780A0072332F61343A202027
:107FC000307825303878207231322F69703A20208D
:107FD000307825303878207231342F6C723A202076
:107FE0003078253038780A0020787073723A202073
:107FF0003078253038780A004661756C74696E6790
:1080000020696E737472756374696F6E2061646445
:108010007265737320287231352F7063293A2030CE
:1080200078253038780A00556E68616E646C656436
:10803000204952516E3A2025640A002A2A2A2A2A07
:10804000204D5055204641554C54202A2A2A2A2A90
:108050000A002020537461636B696E672065727239
:108060006F722028636F6E74657874206172656129
:10807000206D69676874206265206E6F7420766178
:108080006C6964290A002020556E737461636B6902
:108090006E67206572726F720A00202044617461FD
:1080A000204163636573732056696F6C6174696FF7
:1080B0006E0A0020204D4D46415220416464726595
:1080C00073733A20307825780A002020496E737443
:1080D00072756374696F6E204163636573732056B4
:1080E000696F6C6174696F6E0A002020466C6F6165
:1080F00074696E672D706F696E74206C617A792077
:1081000073746174652070726573657276617469E9
:108110006F6E206572726F720A002A2A2A2A2A203C
:108120005553414745204641554C54202A2A2A2A76
:108130002A0A0020204469766973696F6E2062798B
:10814000207A65726F0A002020556E616C69676E37
:108150006564206D656D6F7279206163636573730B
:108160000A0020204E6F20636F70726F6365737317
:108170006F7220696E737472756374696F6E730ABF
:10818000002020496C6C6567616C206C6F61642015
:108190006F66204558435F52455455524E20696ED4
:1081A000746F2050430A002020496C6C6567616C35
:1081B00020757365206F66207468652045505352A2
:1081C0000A002020417474656D707420746F2065FE
:1081D00078656375746520756E646566696E65643F
:1081E00020696E737472756374696F6E0A002A2A4F
:1081F0002A2A2A20425553204641554C54202A2AE7
:108200002A2A2A0A002020537461636B696E672052
:108210006572726F720A002020507265636973651F
:10822000206461746120627573206572726F720AD6
:108230000020204246415220416464726573733AC3
:1082400020307825780A002020496D7072656369B6
:108250007365206461746120627573206572726F4A
:10826000720A002020496E737472756374696F6EB0
:1082700020627573206572726F720A0052657365B1
:108280007276656420457863657074696F6E202826
:108290000053707572696F757320696E74657272C0
:1082A00075707420284952512000535053454C207A
:1082B000696E20746872656164206D6F6465206406
:1082C0006F6573206E6F7420696E64696361746595
:1082D000205053500A002A2A2A2A2A204841524470
:1082E000204641554C54202A2A2A2A2A0A002020B6
:1082F000427573206661756C74206F6E20766563BD
:10830000746F72207461626C6520726561640A002A
:1083100020204465627567206576656E740A0020CA
:10832000204661756C7420657363616C6174696F5C
:108330006E20287365652062656C6F77290A00419D
:108340005243485F4558434550542077697468202C
:10835000726561736F6E2025780A0A002A2A2A2A1C
:108360002A204465627567206D6F6E69746F722094
:10837000657863657074696F6E202A2A2A2A2A0A32
:10838000002A2A2A2A2A20257320256429202A2A1D
:108390002A2A2A0A00464C4153485F300053524172
:1083A0004D5F3000000001000000303132333435C1
:1083B000363738394142434445460075736264009C
:1083C000626F6172645F6364635F61636D5F756157
:1083D0007274007564635F6E72667800000101015B
:1083E0000101757362644034303032373030300010
:1083F0007A65706879725F7564633000636C6F636F
:108400006B40343030303030303000636C6F636B31
:10841000006770696F40353030303033303000677E
:1084200070696F31006770696F40353030303030BF
:108430003030006770696F300000010203040506E8
:10844000076C736D3664733374722D632D656E0023
:108450006D736D3236316433353236686963706DF1
:108460002D632D656E00756172744034303030328A
:10847000303030007561727430007869616F5F73FD
:10848000657269616C0000000000000101000000DD
:10849000000000203030303030303030303030307C
:1084A0003030000100000100000069646C65006D5F
:1084B00061696E002B0064756D6D7900736C656584
:1084C00070696E6700646561640073757370656ED2
:1084D0006465640061626F7274696E6700737573BE
:1084E00070656E64696E6700717565756564002AF4
:1084F0002A2A20426F6F74696E67205A6570687906
:1085000072204F53206275696C642076342E332EAE
:1085100030202A2A2A0A00737973776F726B7100F0
:10852000286E756C6C29002A666C6F61742A0000D5
:108530000000000051BA020000000000000100002D
:10854000000000000000000000000000000000002B
:10855000000000000000000000000000000000001B
:108560000061030000C201000000080000000000DC
:1085700000000000000000000000000000000000FB
:1085800000000000000000000000000000000000EB
:1085900000000000C401002000000000B001002025
:1085A00000000000000000000000000000000000CB
:1085B00000000000000000000000000000000000BB
:1085C00000000000000000000000000000000000AB
:1085D000000000000000000000000000000000009B
:1085E000000000000000000000000000BC000020AF
:1085F000BC0000200000000001000000000000009E
:10860000011403000000000034030020E8000020F3
:10861000000000000000000000000000000000005A
:108620000004010000000000226D0300220300008E
:108630000000000000000000000303000000000034
:108640000000000000030000000000000000000027
:108650000002010000000000336D03002E03000043
:108660000000000000000000000101000000000008
:108670004A6D03001E03000000000000000000001F
:108680000000000000000000B06C030004030000C4
:108690000000000001000000D40300206C01002055
:1086A0006C010020000000004C67030070060020F1
:1086B00000000000232B0300000000000000000069
:1086C00001000000010000000000000000000000A8
:1086D00000000000C16F0300010000000100000065
:1086E000385E0020000000000000000000000000D4
:1086F00000040000386200200000000000000000BC
:108700000000000000040000186D030000000000DD
:108710001802002000000000006103004F03002049
:108720005703002060030020650300206A03002037
:108730006E030020730300207A03002083030020CF
:108740008A0300209103002000000000B53B0300D5
:1087500051BB0200B1BB0200653F0300CD410300E5
:10876000AB3D030000000000ED410300933D03001A
:108770002D3D030000000000B73B03000000000097
:1087800000000000000000000000000000000000E9
:1087900000000000000000000000000000000000D9
:1087A00000000000000000000000000000000000C9
:1087B00000000000000000000000000000000000B9
:1087C00000000000000000000000000000000000A9
:1087D0000000000000000000000000000000000099
:1087E0000000000000000000000000000000000089
:1087F0000000000000000000000000000000000079
:10880000D0020020D0020020000000000000000084
:108810000E0000000000000000000000000000004A
:108820000000000000000000000000000C03002019
:108830000000000000000000000000000000000038
:10884000000000006D130020200000000000000068
:10885000FF000000FFFF0F00900200002C0300202B
:108860002C03002009020000000100807D1201009D
:1088700002EF020140E32F0400030400000000089F
:108880000B000202020000090400000102020000C5
:10889000052400100105240100010424020205241E
:1088A0000600010705810310000A09040100020AFD
:1088B0000000000705820240000007050102400099
:0388C000000000B5
:1088C30000000000000000000000000000000000A5
:0188D30000A4
:1088D400A4030020A4030020785700200000000017
:0C88E40008000000100000000000000070
:1088F00000000000F8570020000400000000000005
:1089000000000000000000000055002000020000F0
:0889100000000000000000005F
:10891800E8030020E80300200C0000000A00000023
:1089280000570020785700200057002000570020EB
:08893800000000000000000037
:1089400010040020100400200100000001000000BD
:0C89500020040020200400200000000093
:10895C00000000000000000034040020340400205B
:10896C00100010000A000000D34203008C6A0300C0
:04897C00F85B002084
:10898000596D03000000000000000000000000001E
:10899000000000000000000048610300000000002B
:1089A00000000000000000000000000000000000C7
:1089B00000000000000000000000000000000000B7
:1089C00000000000000000000000000000000000A7
:1089D0000000000000000000000000000000000097
:1089E0000000000000000000000000003D03002027
:0489F0000000000083
:1089F40000000000D801002000000000000000007A
:088A040000000000000000006A
:048A0C0015E015E07C
:040000032000A4DD58
:00000001FF
