# Purple-Rhea 3D reconstruction
# 2020 vertices

v 0.091924 -0.239331 -0.046795
v 0.091924 -0.239331 -0.046795
v 0.089383 -0.197256 -0.036673
v 0.091094 -0.301933 -0.059771
v -0.029696 -0.290901 -0.035252
v -0.018725 -0.234344 -0.020203
v 0.093011 -0.352366 -0.066936
v 0.095230 -0.335985 -0.066126
v 0.116783 -0.321436 -0.066621
v 0.112479 -0.267477 -0.053578
v 0.099198 -0.277028 -0.051311
v 0.116142 -0.412229 -0.087125
v -0.025254 -0.394173 -0.084338
v 0.111866 -0.292203 -0.049921
v 0.098175 -0.185383 -0.021478
v 0.113807 -0.309812 -0.054725
v 0.129117 -0.400182 -0.083014
v 0.129117 -0.400182 -0.083014
v 0.133999 -0.352872 -0.035466
v 0.122819 -0.260646 -0.016686
v -0.027191 -0.364853 -0.103597
v 0.116760 -0.301343 -0.019069
v 0.112654 -0.208550 -0.021277
v 0.110985 -0.200013 -0.000836
v 0.016420 -0.363075 -0.058056
v -0.054873 -0.387249 -0.171316
v -0.006435 -0.220301 -0.047312
v 0.004692 -0.246258 -0.062996
v -0.042852 -0.255481 -0.078451
v -0.024384 -0.337007 -0.107423
v 0.005797 -0.223204 -0.069255
v 0.005797 -0.223204 -0.069255
v -0.024256 -0.358442 -0.157039
v -0.020255 -0.374612 -0.165087
v -0.010974 -0.412001 -0.183729
v 0.006539 -0.210516 -0.060406
v 0.087867 -0.386712 -0.065174
v 0.088999 -0.372747 -0.061701
v 0.088935 -0.371319 -0.061263
v 0.094683 -0.359605 -0.059581
v 0.100079 -0.329376 -0.053357
v 0.019483 -0.288323 -0.080148
v 0.106785 -0.192170 -0.023791
v 0.106785 -0.192170 -0.023791
v 0.055724 -0.239068 -0.017516
v 0.079916 -0.411836 -0.069520
v 0.082242 -0.400892 -0.065160
v 0.085740 -0.383013 -0.062591
v 0.108289 -0.211884 -0.029188
v 0.093222 -0.368596 -0.061274
v 0.103745 -0.309555 -0.049344
v 0.043928 -0.350586 -0.111347
v 0.020168 -0.327392 -0.098401
v 0.126512 -0.330985 -0.055739
v 0.113066 -0.180915 -0.016439
v 0.061169 -0.314442 -0.035941
v 0.079774 -0.408935 -0.065635
v 0.079810 -0.409739 -0.065780
v -0.030938 -0.190628 -0.020889
v 0.102938 -0.199981 -0.015021
v 0.110802 -0.262261 -0.034063
v 0.101873 -0.333541 -0.047121
v 0.106214 -0.315893 -0.045438
v 0.110508 -0.273834 -0.033964
v 0.125098 -0.389278 -0.069123
v 0.124212 -0.288840 -0.035864
v 0.045614 -0.448809 -0.155694
v 0.120826 -0.206278 -0.013266
v -0.040841 -0.358479 -0.167913
v 0.120655 -0.211708 -0.014206
v 0.121007 -0.188914 -0.005231
v 0.121007 -0.188914 -0.005231
v 0.116250 -0.257054 -0.022230
v 0.120123 -0.368904 -0.048265
v 0.118071 -0.307500 -0.033879
v 0.054092 -0.398105 -0.137361
v 0.052374 -0.410085 -0.143222
v 0.052374 -0.410085 -0.143222
v 0.050650 -0.422590 -0.149431
v 0.110557 -0.440001 -0.065926
v 0.114995 -0.410409 -0.056728
v 0.121128 -0.212177 -0.011188
v 0.115255 -0.258645 -0.019889
v 0.088333 -0.212514 -0.077150
v 0.119130 -0.327684 -0.037353
v 0.115028 -0.298978 -0.028844
v -0.022670 -0.261083 -0.048481
v -0.124040 -0.185111 -0.091940
v -0.024368 -0.287961 -0.054505
v -0.003226 -0.268210 -0.068703
v -0.005806 -0.201738 -0.049080
v -0.002727 -0.275209 -0.070104
v -0.066041 -0.215512 -0.034075
v -0.007117 -0.175924 -0.038341
v -0.007225 -0.190758 -0.044239
v -0.007763 -0.187701 -0.043188
v 0.017834 -0.272224 -0.079824
v 0.016181 -0.259439 -0.076462
v -0.046799 -0.197266 -0.032366
v 0.005582 -0.227993 -0.061004
v -0.020331 -0.327228 -0.112642
v 0.018846 -0.253927 -0.075692
v 0.052445 -0.384708 -0.095890
v -0.060311 -0.185931 -0.028677
v 0.029782 -0.378461 -0.100655
v 0.042040 -0.401846 -0.119460
v 0.023473 -0.247259 -0.069888
v 0.022774 -0.242361 -0.069570
v 0.062019 -0.413711 -0.057644
v 0.016581 -0.353749 -0.109948
v 0.080556 -0.405092 -0.060354
v 0.104234 -0.331581 -0.040312
v 0.120213 -0.215813 -0.016772
v 0.121449 -0.193830 -0.012745
v 0.058373 -0.416453 -0.058096
v 0.119997 -0.214859 -0.014087
v 0.125293 -0.195335 -0.007293
v 0.132726 -0.240775 0.001633
v 0.120453 -0.255507 -0.014518
v 0.126983 -0.208398 -0.006185
v 0.126644 -0.214264 -0.007242
v 0.122250 -0.317638 -0.029009
v 0.055011 -0.341884 -0.029172
v 0.124169 -0.228628 -0.008080
v 0.034122 -0.308921 -0.173522
v 0.124562 -0.268075 -0.015399
v 0.119299 -0.253324 -0.011235
v 0.126782 -0.209904 -0.002910
v 0.127381 -0.205335 -0.001580
v 0.124492 -0.207112 0.015565
v 0.122809 -0.239561 -0.009956
v 0.118616 -0.299268 -0.021670
v 0.124600 -0.275878 -0.019759
v 0.124159 -0.231973 -0.009693
v 0.123449 -0.228713 -0.004996
v 0.111787 -0.339412 -0.031320
v 0.125376 -0.209575 -0.000272
v 0.121344 -0.265108 -0.014719
v 0.122448 -0.230178 -0.006904
v 0.121749 -0.226889 -0.002525
v 0.093132 -0.340923 -0.016331
v 0.002152 -0.234974 -0.059111
v -0.000906 -0.202122 -0.045365
v -0.000225 -0.187740 -0.039027
v -0.061676 -0.296606 -0.110466
v -0.082929 -0.225164 -0.125118
v -0.105131 -0.198991 -0.124476
v 0.004870 -0.210082 -0.048744
v -0.000509 -0.301869 -0.078135
v 0.004645 -0.191572 -0.040735
v 0.003917 -0.409666 -0.150005
v 0.013283 -0.237284 -0.063412
v 0.027167 -0.304739 -0.087331
v 0.011886 -0.220910 -0.056221
v -0.067961 -0.192028 -0.109127
v -0.084153 -0.277572 -0.015710
v -0.001983 -0.219804 -0.044844
v 0.034659 -0.406779 -0.107857
v 0.045563 -0.420536 -0.120649
v 0.027410 -0.256953 -0.071364
v 0.042778 -0.336352 -0.097836
v 0.052951 -0.394861 -0.116731
v 0.019167 -0.186593 -0.047033
v 0.034875 -0.261345 -0.074834
v -0.027644 -0.324632 -0.165652
v 0.036061 -0.339463 -0.032365
v 0.068111 -0.369541 -0.043925
v 0.129129 -0.203346 -0.001374
v 0.125331 -0.339653 -0.027935
v 0.128071 -0.227685 -0.003350
v 0.130918 -0.207823 0.000704
v 0.130419 -0.206041 0.002538
v 0.126348 -0.240342 0.012432
v -0.003928 -0.204306 -0.047063
v 0.047109 -0.449393 -0.168539
v 0.047109 -0.449393 -0.168539
v 0.114368 -0.337981 -0.028922
v 0.120831 -0.301640 -0.016138
v 0.119326 -0.264699 -0.011074
v 0.130482 -0.205515 0.004879
v 0.127332 -0.244469 0.014994
v 0.125008 -0.218124 0.006055
v 0.129097 -0.202011 0.008264
v 0.103068 -0.262630 0.004655
v 0.067062 -0.275052 -0.017493
v 0.110656 -0.299627 -0.013695
v 0.114692 -0.262758 -0.004674
v 0.005442 -0.343049 -0.075661
v 0.013149 -0.353844 -0.077308
v 0.013127 -0.353640 -0.077173
v 0.020899 -0.364371 -0.079299
v -0.056841 -0.211584 -0.069683
v -0.042877 -0.252249 -0.070338
v -0.048393 -0.275830 -0.100132
v 0.054750 -0.451411 -0.127453
v -0.041960 -0.328669 -0.128357
v 0.025301 -0.180006 -0.040819
v 0.119258 -0.265417 -0.007421
v 0.125167 -0.249533 -0.002967
v 0.125167 -0.249533 -0.002967
v 0.096230 -0.279353 -0.012898
v 0.129130 -0.224702 0.004648
v 0.049985 -0.431874 -0.163120
v 0.128310 -0.216337 0.009578
v 0.124632 -0.253564 0.002937
v 0.127037 -0.208621 0.013360
v 0.107327 -0.228889 0.015159
v 0.078676 -0.244754 -0.005314
v 0.119587 -0.213618 0.014066
v -0.026937 -0.268177 -0.119490
v -0.040904 -0.218580 -0.109986
v 0.129867 -0.253451 0.021913
v 0.102874 -0.276656 -0.006371
v 0.085776 -0.289504 -0.018142
v 0.102056 -0.211061 0.006722
v 0.090625 -0.248775 -0.081226
v 0.070269 -0.272159 -0.019919
v 0.078888 -0.263019 -0.009646
v 0.067714 -0.257209 -0.036889
v 0.012820 -0.335784 -0.107513
v 0.075420 -0.236471 -0.026124
v 0.067052 -0.240655 -0.024772
v 0.105855 -0.316529 -0.011880
v 0.121602 -0.252906 0.011268
v 0.102557 -0.170779 -0.044836
v 0.091922 -0.285965 -0.102615
v 0.110683 -0.302069 -0.006403
v 0.110683 -0.302069 -0.006403
v 0.097978 -0.345899 -0.023184
v 0.088191 -0.287283 -0.002931
v 0.113474 -0.227198 0.011746
v 0.112747 -0.226282 0.012352
v 0.114642 -0.223274 0.013567
v 0.107880 -0.234480 0.009139
v 0.085292 -0.230936 -0.002143
v 0.083430 -0.331189 -0.122605
v 0.083317 -0.334850 -0.124477
v 0.088356 -0.174424 -0.050926
v 0.089263 -0.175401 -0.051690
v 0.086847 -0.169035 -0.041205
v 0.115838 -0.186407 -0.044542
v 0.108873 -0.208566 0.008994
v 0.107687 -0.259786 0.003317
v 0.108532 -0.258320 0.004634
v 0.088350 -0.309426 -0.022337
v 0.101859 -0.238442 0.001699
v 0.085065 -0.187511 -0.046701
v 0.097851 -0.232119 0.000262
v 0.098050 -0.231394 0.000550
v 0.099684 -0.229102 0.002413
v 0.099425 -0.166557 -0.051620
v 0.095785 -0.223630 0.004504
v 0.095943 -0.223109 0.004728
v 0.099681 -0.210204 0.009160
v 0.091516 -0.203193 -0.077607
v 0.088082 -0.202321 -0.008781
v 0.091028 -0.194494 -0.003289
v 0.094376 -0.212142 0.009002
v 0.094376 -0.212142 0.009002
v 0.088401 -0.217580 -0.083568
v 0.093546 -0.240682 -0.014801
v 0.112870 -0.268058 -0.088265
v 0.094707 -0.194022 -0.060686
v 0.106422 -0.233004 0.010829
v 0.126792 -0.242628 -0.099936
v 0.071826 -0.333100 -0.042201
v 0.093006 -0.250258 -0.006750
v 0.091918 -0.239640 -0.002216
v 0.091918 -0.239640 -0.002216
v 0.087853 -0.252910 -0.010618
v 0.117022 -0.210304 -0.091485
v 0.079658 -0.282100 -0.022226
v 0.107976 -0.195522 -0.069449
v 0.092084 -0.237089 -0.000851
v 0.103594 -0.222884 -0.098973
v 0.092557 -0.239156 -0.001836
v 0.122443 -0.175688 -0.051635
v 0.123782 -0.173357 -0.051346
v 0.084472 -0.246539 -0.008543
v 0.084472 -0.246539 -0.008543
v 0.082624 -0.250481 -0.011602
v 0.078230 -0.267885 -0.014751
v 0.117798 -0.193507 -0.062160
v 0.116395 -0.196111 -0.062511
v 0.100329 -0.311002 -0.119995
v 0.077868 -0.252216 -0.012921
v 0.075149 -0.258201 -0.009490
v 0.089804 -0.214072 -0.014176
v 0.071069 -0.273108 -0.026715
v 0.078269 -0.249700 -0.005894
v 0.099106 -0.357556 -0.136121
v 0.099106 -0.357556 -0.136121
v 0.111991 -0.337268 -0.126205
v 0.144031 -0.301635 -0.110577
v 0.103979 -0.194968 -0.053182
v 0.101928 -0.191223 -0.054853
v 0.092871 -0.241807 -0.096281
v 0.112320 -0.326852 -0.121493
v 0.099351 -0.349085 -0.128884
v 0.099351 -0.349085 -0.128884
v 0.111029 -0.331417 -0.123136
v 0.098786 -0.205435 -0.052987
v 0.103363 -0.195396 -0.010528
v 0.063022 -0.342432 -0.050194
v 0.098544 -0.211817 0.012538
v 0.142914 -0.360467 -0.143094
v 0.101299 -0.215246 -0.065074
v 0.111407 -0.235005 -0.106925
v 0.097883 -0.234828 -0.085461
v 0.114583 -0.183248 -0.043357
v 0.092983 -0.239969 -0.097024
v 0.071138 -0.289840 -0.036860
v 0.063707 -0.278597 -0.027402
v 0.133168 -0.187636 -0.049121
v 0.132481 -0.191563 -0.053039
v 0.132443 -0.194377 -0.055053
v 0.127552 -0.215305 -0.075450
v 0.084910 -0.221675 0.013614
v 0.122296 -0.197917 -0.019945
v 0.084396 -0.222023 0.013256
v 0.122202 -0.200685 -0.023283
v 0.120063 -0.193695 -0.008203
v 0.078280 -0.220998 0.004914
v 0.104334 -0.296645 -0.150336
v 0.090179 -0.254998 -0.079185
v 0.126538 -0.206754 -0.058029
v 0.125994 -0.213986 -0.064288
v 0.071346 -0.242831 0.004792
v 0.077466 -0.220220 0.018813
v 0.108569 -0.276902 -0.123951
v 0.113157 -0.218428 -0.027106
v 0.079347 -0.214172 0.022477
v 0.084215 -0.277995 -0.091800
v 0.074867 -0.232307 0.010819
v 0.053028 -0.368505 -0.064537
v 0.059343 -0.346498 -0.050665
v 0.120954 -0.299862 -0.106165
v 0.101940 -0.234661 -0.079863
v 0.091714 -0.227818 0.006484
v 0.098689 -0.205502 -0.013894
v 0.097779 -0.214064 -0.024859
v 0.138991 -0.194640 -0.066535
v 0.108394 -0.408447 -0.166433
v 0.118223 -0.189278 -0.044739
v 0.103362 -0.207732 -0.056883
v 0.091497 -0.226993 0.006627
v 0.049849 -0.358286 -0.069084
v 0.122884 -0.296265 -0.154331
v 0.038992 -0.397902 -0.100771
v 0.099380 -0.255908 -0.093366
v 0.051695 -0.359603 -0.096517
v 0.051695 -0.359603 -0.096517
v 0.132127 -0.193090 -0.015407
v 0.092296 -0.235444 -0.038600
v 0.132212 -0.191068 -0.014561
v 0.132333 -0.195128 -0.019380
v 0.132333 -0.195128 -0.019380
v 0.142602 -0.194660 -0.055520
v 0.096091 -0.267828 -0.113220
v 0.069481 -0.256113 -0.013361
v 0.097624 -0.242869 -0.074341
v 0.057986 -0.311908 -0.049388
v 0.076657 -0.240991 0.004935
v 0.077028 -0.238953 0.010152
v 0.132423 -0.245379 -0.094497
v 0.084985 -0.243323 -0.044267
v 0.133894 -0.239019 -0.088462
v 0.124452 -0.201980 -0.013165
v 0.139446 -0.191049 -0.038850
v 0.124714 -0.205081 -0.016984
v 0.124714 -0.205081 -0.016984
v 0.139464 -0.211054 -0.060365
v 0.138857 -0.215312 -0.064832
v 0.075999 -0.241673 0.004319
v 0.076181 -0.241076 0.004650
v 0.080719 -0.225138 0.016410
v 0.092746 -0.268384 -0.091061
v 0.036913 -0.362014 -0.076881
v 0.036786 -0.389683 -0.119224
v 0.057277 -0.283777 -0.019098
v 0.061507 -0.267088 -0.007468
v 0.073716 -0.223971 0.019545
v 0.114483 -0.211513 -0.013178
v 0.133879 -0.228929 -0.067211
v 0.055256 -0.289231 -0.023578
v 0.082152 -0.337438 -0.165007
v 0.117231 -0.293827 -0.129341
v 0.066425 -0.248182 0.005009
v 0.087907 -0.291433 -0.104675
v 0.020715 -0.398332 -0.103301
v 0.010133 -0.439369 -0.133909
v 0.023332 -0.409524 -0.123597
v 0.036948 -0.336845 -0.057941
v 0.033547 -0.344355 -0.060533
v 0.046164 -0.294363 -0.023648
v 0.073351 -0.302682 -0.072300
v 0.094261 -0.307085 -0.118294
v 0.124695 -0.221120 -0.047748
v 0.091097 -0.430299 -0.154061
v 0.097098 -0.228351 0.022582
v 0.126381 -0.242524 -0.070260
v 0.126208 -0.247342 -0.075163
v 0.041149 -0.314327 -0.039715
v 0.045707 -0.294182 -0.024037
v 0.045854 -0.293707 -0.023723
v 0.101122 -0.196574 0.004481
v 0.058136 -0.315400 -0.044275
v 0.078927 -0.241459 -0.002237
v 0.078927 -0.241459 -0.002237
v 0.089103 -0.251259 -0.052729
v 0.089103 -0.251259 -0.052729
v 0.120934 -0.356169 -0.133391
v 0.146471 -0.206574 -0.055100
v 0.146471 -0.206574 -0.055100
v 0.145925 -0.212305 -0.060511
v 0.130611 -0.195958 -0.007417
v 0.145395 -0.216686 -0.065330
v 0.145237 -0.219568 -0.067421
v 0.131345 -0.202646 -0.014354
v 0.140266 -0.240788 -0.090253
v 0.139399 -0.243364 -0.092064
v 0.137840 -0.250572 -0.098393
v 0.087524 -0.247400 -0.044675
v 0.076553 -0.247446 0.002649
v 0.079432 -0.240089 0.007451
v 0.133446 -0.231236 -0.077360
v 0.113409 -0.259112 -0.097589
v 0.135263 -0.254449 -0.102808
v 0.089850 -0.369269 -0.214897
v 0.089603 -0.325523 -0.093498
v 0.137180 -0.251141 -0.100120
v 0.084288 -0.253520 -0.054823
v 0.101635 -0.279549 -0.111347
v 0.100800 -0.275646 -0.108638
v 0.138841 -0.243030 -0.091815
v 0.108061 -0.271260 -0.105377
v 0.131013 -0.193154 -0.006361
v 0.041727 -0.408717 -0.150381
v 0.070138 -0.254249 -0.010840
v 0.070138 -0.254249 -0.010840
v 0.085582 -0.270830 -0.065794
v 0.055655 -0.299095 -0.027030
v 0.067246 -0.258766 -0.003636
v 0.144398 -0.205173 -0.039850
v 0.144398 -0.205173 -0.039850
v 0.070329 -0.246579 0.007570
v 0.141441 -0.206394 -0.040489
v 0.122400 -0.199673 -0.000452
v 0.142830 -0.236405 -0.072950
v 0.142718 -0.239445 -0.075134
v 0.123117 -0.203739 -0.004944
v 0.138189 -0.260628 -0.098184
v 0.119309 -0.256946 -0.035823
v 0.134976 -0.298975 -0.136790
v 0.062597 -0.271871 -0.008976
v 0.083741 -0.255500 -0.056555
v 0.136955 -0.267737 -0.105333
v 0.112777 -0.280100 -0.107984
v 0.068543 -0.252182 0.004119
v 0.046339 -0.312450 -0.041825
v 0.044038 -0.315504 -0.039086
v 0.044038 -0.315504 -0.039086
v 0.040087 -0.326078 -0.042572
v 0.050065 -0.291235 -0.020702
v 0.056190 -0.268072 -0.004376
v 0.111781 -0.206360 0.002305
v 0.138220 -0.256644 -0.080400
v 0.134646 -0.280089 -0.106007
v 0.087113 -0.265725 -0.073050
v 0.110688 -0.272041 -0.036838
v 0.044142 -0.312983 -0.037707
v 0.055778 -0.267553 -0.004406
v 0.128699 -0.287502 -0.111643
v 0.058364 -0.261342 0.000327
v 0.079933 -0.354932 -0.171070
v 0.062137 -0.244384 0.010835
v 0.132008 -0.291968 -0.117690
v 0.068275 -0.224164 0.022685
v 0.104997 -0.303438 -0.121821
v 0.134445 -0.271631 -0.098928
v 0.134445 -0.271631 -0.098928
v 0.054865 -0.272266 -0.007383
v 0.034462 -0.329677 -0.052029
v 0.125386 -0.202367 -0.013346
v 0.128275 -0.222753 -0.034482
v 0.128275 -0.222753 -0.034482
v 0.128169 -0.236409 -0.048014
v 0.131365 -0.265438 -0.078710
v 0.131376 -0.269111 -0.081412
v 0.085752 -0.218452 0.021205
v 0.112011 -0.283842 0.051081
v 0.073603 -0.314355 -0.088052
v 0.074357 -0.300782 -0.084229
v 0.124859 -0.298384 -0.111422
v 0.128508 -0.285385 -0.101216
v 0.128508 -0.285385 -0.101216
v 0.086831 -0.223865 0.014751
v 0.020769 -0.357616 -0.071657
v 0.114561 -0.210780 -0.014554
v 0.115186 -0.216611 -0.019744
v 0.115186 -0.216611 -0.019744
v 0.115383 -0.221690 -0.024134
v 0.115383 -0.221690 -0.024134
v 0.020473 -0.327908 -0.039918
v 0.117911 -0.243635 -0.045681
v 0.117911 -0.243635 -0.045681
v 0.033925 -0.284668 -0.011240
v 0.122195 -0.276540 -0.078413
v 0.068229 -0.297564 -0.066622
v 0.082095 -0.212584 0.012078
v 0.020321 -0.325912 -0.039319
v 0.101130 -0.319218 -0.116334
v 0.019236 -0.332477 -0.043579
v 0.137538 -0.210622 -0.030443
v 0.140129 -0.287107 -0.111471
v 0.144904 -0.224107 -0.044453
v 0.072250 -0.219493 0.027183
v 0.137538 -0.210622 -0.030443
v 0.144759 -0.252098 -0.074420
v 0.140797 -0.207589 -0.026966
v 0.144264 -0.259239 -0.081243
v 0.063417 -0.260614 -0.015809
v 0.053561 -0.289513 -0.029085
v 0.085149 -0.283798 -0.077809
v 0.083813 -0.347443 -0.113048
v 0.144350 -0.256045 -0.078925
v 0.109876 -0.302854 -0.123803
v 0.108512 -0.304622 -0.124449
v 0.048356 -0.300471 -0.024287
v 0.055602 -0.274408 -0.006507
v 0.140189 -0.280182 -0.104916
v 0.069160 -0.230159 0.017436
v 0.069282 -0.229688 0.021686
v 0.097238 -0.313539 -0.130514
v 0.044357 -0.287613 -0.015181
v 0.132141 -0.199526 -0.003957
v 0.140389 -0.266977 -0.076550
v 0.140340 -0.275037 -0.084283
v 0.110855 -0.236552 -0.008061
v 0.114004 -0.310108 -0.121292
v 0.120338 -0.338785 -0.151287
v 0.104003 -0.361714 -0.185735
v 0.016642 -0.370987 -0.102638
v 0.034068 -0.328366 -0.047856
v 0.140667 -0.272591 -0.082839
v 0.037597 -0.315737 -0.036734
v 0.107612 -0.323150 -0.134049
v 0.114405 -0.335389 -0.162345
v 0.114333 -0.334831 -0.161779
v 0.030287 -0.335985 -0.045823
v 0.033169 -0.326720 -0.037817
v 0.026406 -0.415599 -0.142017
v 0.076955 -0.323465 -0.127408
v 0.137721 -0.299458 -0.111880
v 0.136502 -0.314395 -0.125749
v 0.135446 -0.311915 -0.124646
v 0.055503 -0.250276 0.008302
v 0.057113 -0.243030 0.013281
v 0.062372 -0.227050 0.022227
v 0.049703 -0.265319 0.000125
v 0.045518 -0.283000 -0.011863
v 0.096242 -0.330044 -0.139008
v 0.119092 -0.198391 0.006559
v 0.119092 -0.198391 0.006559
v 0.131923 -0.316137 -0.115622
v 0.039591 -0.263927 0.006782
v 0.047004 -0.240090 0.020658
v 0.047004 -0.240090 0.020658
v 0.130190 -0.329391 -0.129178
v 0.127701 -0.248011 -0.044568
v 0.133002 -0.276349 -0.073913
v 0.133454 -0.285261 -0.082378
v -0.001725 -0.439302 -0.130009
v 0.030053 -0.343705 -0.072155
v 0.020967 -0.350555 -0.065100
v 0.133376 -0.281426 -0.079505
v -0.004450 -0.466341 -0.155585
v 0.105382 -0.333985 -0.134549
v 0.132184 -0.311132 -0.111251
v 0.128420 -0.336971 -0.138116
v 0.132556 -0.311734 -0.110343
v 0.008947 -0.410228 -0.113227
v 0.036188 -0.276311 -0.001912
v 0.006827 -0.393540 -0.101842
v 0.012558 -0.367161 -0.080472
v 0.005809 -0.356786 -0.059253
v 0.106831 -0.204870 0.007301
v 0.117254 -0.254127 -0.040805
v 0.120954 -0.321667 -0.109137
v 0.120954 -0.321667 -0.109137
v 0.117254 -0.254127 -0.040805
v 0.122901 -0.280762 -0.067764
v 0.113034 -0.227084 -0.014237
v 0.113034 -0.227084 -0.014237
v 0.123739 -0.290055 -0.076354
v -0.004374 -0.384535 -0.105579
v 0.106354 -0.329744 -0.118536
v 0.098334 -0.386211 -0.190678
v -0.006011 -0.404607 -0.093819
v 0.003989 -0.367435 -0.067394
v 0.003989 -0.367435 -0.067394
v 0.124142 -0.318039 -0.106696
v 0.011820 -0.338730 -0.047099
v 0.011820 -0.338730 -0.047099
v 0.121471 -0.326245 -0.111358
v 0.121471 -0.326245 -0.111358
v 0.037861 -0.228637 0.028293
v 0.120660 -0.323719 -0.111827
v 0.025314 -0.274847 -0.000484
v 0.018472 -0.297224 -0.015040
v 0.022209 -0.294965 -0.014177
v 0.006922 -0.351240 -0.054902
v 0.109402 -0.272052 -0.051489
v 0.097991 -0.223709 -0.005282
v 0.097991 -0.223709 -0.005282
v 0.111696 -0.289842 -0.067283
v 0.094899 -0.390740 -0.185356
v 0.038734 -0.319094 -0.071138
v -0.016474 -0.416380 -0.107940
v -0.011550 -0.402573 -0.099971
v -0.010899 -0.400540 -0.095918
v -0.002496 -0.360264 -0.064779
v 0.042026 -0.344648 -0.104369
v 0.003337 -0.337995 -0.047918
v -0.004304 -0.372402 -0.075060
v 0.138198 -0.269045 -0.062782
v 0.139057 -0.281596 -0.076529
v 0.140230 -0.289250 -0.084868
v 0.139565 -0.290685 -0.085330
v 0.130267 -0.224302 -0.015771
v 0.138354 -0.313464 -0.111213
v 0.138920 -0.318814 -0.117234
v 0.137690 -0.320299 -0.118248
v 0.137177 -0.321860 -0.120751
v 0.136392 -0.329498 -0.128625
v 0.136701 -0.330948 -0.130015
v 0.137215 -0.331037 -0.128725
v 0.126815 -0.300022 -0.098814
v 0.126852 -0.300398 -0.099138
v 0.116566 -0.324556 -0.126231
v 0.116478 -0.329370 -0.128653
v 0.127631 -0.214037 -0.004843
v 0.127631 -0.214037 -0.004843
v 0.084466 -0.322398 -0.106542
v 0.123989 -0.202725 0.006916
v 0.123989 -0.202725 0.006916
v 0.025573 -0.349972 -0.072438
v 0.008912 -0.390741 -0.085002
v 0.017287 -0.355910 -0.056331
v 0.036422 -0.289377 -0.016803
v 0.050369 -0.241978 0.013320
v 0.035608 -0.292259 -0.019414
v 0.015649 -0.360024 -0.059711
v -0.002526 -0.423244 -0.146052
v -0.002251 -0.422416 -0.145394
v 0.050359 -0.237884 0.016810
v 0.098764 -0.343065 -0.146175
v 0.122391 -0.243672 -0.025151
v 0.129392 -0.274848 -0.056502
v 0.130966 -0.287946 -0.070485
v 0.131877 -0.293867 -0.076920
v 0.132054 -0.297808 -0.079896
v 0.132753 -0.326194 -0.111741
v 0.132215 -0.329825 -0.114969
v 0.131786 -0.341271 -0.127529
v 0.126186 -0.320310 -0.106775
v 0.125483 -0.327755 -0.114330
v 0.125535 -0.328171 -0.114673
v 0.120908 -0.308883 -0.093080
v 0.119616 -0.315461 -0.102037
v 0.119276 -0.318363 -0.104435
v 0.116621 -0.327587 -0.114017
v 0.114287 -0.334743 -0.125326
v 0.114141 -0.339055 -0.127174
v 0.106580 -0.310091 -0.101133
v 0.106204 -0.312651 -0.101688
v 0.111114 -0.204659 0.014076
v 0.111114 -0.204659 0.014076
v 0.001757 -0.400510 -0.104050
v 0.004289 -0.381086 -0.085472
v 0.018160 -0.307642 -0.017247
v 0.018160 -0.307642 -0.017247
v 0.029523 -0.270979 0.004508
v 0.036599 -0.227015 0.028852
v 0.102740 -0.344873 -0.138211
v 0.039714 -0.238362 0.024024
v 0.039714 -0.238362 0.024024
v 0.126130 -0.324874 0.002521
v 0.117514 -0.275588 -0.047225
v 0.119867 -0.289420 -0.061401
v 0.121327 -0.299423 -0.070669
v 0.102684 -0.221419 0.005156
v 0.110405 -0.330572 -0.105127
v 0.108953 -0.337967 -0.116774
v 0.098613 -0.209951 0.015815
v 0.102382 -0.322603 -0.102457
v -0.007042 -0.431683 -0.136126
v -0.015405 -0.398421 -0.086390
v -0.008635 -0.380760 -0.077366
v -0.003391 -0.355302 -0.056394
v 0.004928 -0.335978 -0.047644
v -0.007671 -0.375164 -0.072701
v -0.009487 -0.384784 -0.081290
v -0.020594 -0.423219 -0.106945
v -0.021388 -0.433083 -0.113725
v -0.013460 -0.397403 -0.119394
v 0.007301 -0.325871 -0.038803
v 0.001357 -0.335208 -0.040867
v 0.049099 -0.282975 -0.051142
v 0.102974 -0.271077 -0.035411
v 0.108069 -0.296186 -0.058951
v 0.085771 -0.214871 0.015631
v 0.099564 -0.332830 -0.099792
v -0.022457 -0.416851 -0.110981
v -0.022457 -0.416851 -0.110981
v -0.015522 -0.385578 -0.087386
v -0.021468 -0.404720 -0.101030
v -0.022701 -0.417047 -0.112366
v 0.031842 -0.296966 -0.048221
v -0.018817 -0.406214 -0.131739
v 0.035201 -0.308543 -0.064542
v 0.035394 -0.331465 -0.090094
v 0.037953 -0.325144 -0.084792
v 0.098144 -0.331963 -0.087960
v 0.098796 -0.341431 -0.096946
v 0.098863 -0.341840 -0.097230
v 0.096324 -0.342821 -0.097743
v 0.099027 -0.360803 -0.116270
v 0.028042 -0.360760 -0.109850
v 0.108414 -0.230750 0.000347
v 0.122226 -0.280407 -0.048440
v 0.124604 -0.293905 -0.062643
v 0.126338 -0.304373 -0.072547
v 0.128876 -0.338928 -0.110075
v 0.116673 -0.321513 -0.095769
v 0.115237 -0.332941 -0.107860
v 0.015553 -0.327240 -0.057093
v 0.014658 -0.327340 -0.055603
v -0.009383 -0.371127 -0.063382
v 0.031796 -0.275824 -0.024390
v 0.115725 -0.327543 -0.101759
v 0.125168 -0.297945 -0.067386
v 0.128513 -0.332800 -0.104552
v 0.115675 -0.329166 -0.104671
v 0.115679 -0.329375 -0.104831
v -0.000202 -0.380273 -0.093123
v 0.114526 -0.343429 -0.123072
v 0.127698 -0.324553 -0.097525
v 0.127698 -0.324553 -0.097525
v 0.108271 -0.348582 -0.131475
v 0.114209 -0.347085 -0.124325
v 0.108925 -0.290320 -0.066358
v 0.117804 -0.313030 -0.087409
v 0.129076 -0.341672 -0.113804
v 0.129083 -0.350517 -0.122959
v 0.116433 -0.308890 -0.081137
v 0.109089 -0.278374 -0.036947
v 0.112313 -0.292604 -0.051250
v 0.114306 -0.302807 -0.060619
v -0.038556 -0.461452 -0.138978
v -0.003497 -0.376028 -0.094184
v -0.003497 -0.376028 -0.094184
v 0.065970 -0.427930 -0.186356
v 0.113835 -0.298476 -0.057441
v 0.118790 -0.333790 -0.094076
v 0.107922 -0.341744 -0.109751
v -0.037782 -0.455261 -0.136063
v -0.038029 -0.456318 -0.134188
v -0.034745 -0.438059 -0.118466
v -0.039183 -0.465697 -0.143657
v 0.076695 -0.326380 -0.095606
v 0.016635 -0.239151 0.026808
v 0.093156 -0.271126 -0.023396
v 0.099713 -0.296763 -0.046952
v -0.041480 -0.468782 -0.160430
v -0.032383 -0.423276 -0.121692
v -0.032443 -0.423805 -0.120791
v -0.031878 -0.412735 -0.111381
v -0.002439 -0.260521 0.013388
v 0.030038 -0.287298 -0.046558
v -0.041646 -0.456179 -0.145933
v -0.005303 -0.267932 0.008188
v -0.024135 -0.291040 -0.008809
v 0.094831 -0.340106 -0.083601
v -0.005507 -0.228366 0.031019
v 0.015604 -0.345133 -0.096438
v 0.025383 -0.349999 -0.103528
v 0.064462 -0.269523 -0.014798
v -0.030140 -0.463505 -0.172459
v -0.041971 -0.310787 -0.027712
v 0.077624 -0.329755 -0.067600
v 0.063508 -0.264876 -0.011503
v 0.075072 -0.322499 -0.061999
v 0.065420 -0.280900 -0.024438
v -0.026968 -0.252741 0.011682
v -0.026685 -0.447536 -0.159472
v 0.087093 -0.449642 -0.102233
v 0.101762 -0.330673 -0.083017
v 0.100395 -0.316518 -0.068255
v 0.102977 -0.300463 -0.047241
v 0.100706 -0.290646 -0.038384
v 0.096580 -0.275891 -0.024130
v 0.088948 -0.252140 -0.002797
v 0.088948 -0.252140 -0.002797
v -0.000308 -0.275466 -0.005958
v 0.103211 -0.298056 -0.045587
v 0.086221 -0.437312 -0.125452
v -0.007114 -0.366585 -0.093499
v -0.020033 -0.440783 -0.154404
v 0.109981 -0.333657 -0.081835
v 0.109932 -0.334058 -0.080731
v 0.081443 -0.417326 -0.110090
v 0.075713 -0.304091 -0.068351
v 0.077041 -0.325242 -0.089748
v 0.103262 -0.345933 -0.101046
v 0.101905 -0.337440 -0.095054
v -0.002042 -0.262259 0.012921
v -0.000543 -0.283992 -0.013873
v 0.109370 -0.330504 -0.077414
v 0.060571 -0.366528 -0.046800
v 0.087137 -0.292097 -0.032511
v 0.079242 -0.266036 -0.009448
v 0.070525 -0.241443 0.011211
v 0.064421 -0.226281 0.023646
v 0.065600 -0.394303 -0.086112
v 0.062630 -0.402696 -0.082483
v -0.025855 -0.296161 -0.010676
v 0.052650 -0.406145 -0.172674
v 0.063492 -0.412994 -0.088045
v 0.025382 -0.278039 -0.041178
v -0.027573 -0.278387 -0.004298
v 0.033777 -0.292038 -0.040930
v 0.052031 -0.230181 0.021970
v 0.052031 -0.230181 0.021970
v -0.017010 -0.227604 0.033092
v 0.084473 -0.335393 -0.068715
v 0.095187 -0.366622 -0.093186
v 0.082370 -0.324736 -0.058857
v 0.077758 -0.303413 -0.041573
v 0.063198 -0.304583 -0.036737
v 0.049407 -0.260405 0.000531
v -0.076727 -0.409877 -0.107150
v -0.076727 -0.409877 -0.107150
v -0.032483 -0.234659 0.024895
v 0.048432 -0.256093 0.003563
v 0.062038 -0.298989 -0.032292
v 0.061161 -0.297700 -0.030353
v -0.063038 -0.342649 -0.052898
v 0.067322 -0.319708 -0.050394
v -0.064418 -0.348006 -0.056954
v 0.017393 -0.316621 -0.063948
v 0.060172 -0.293955 -0.027303
v 0.029252 -0.238130 0.017565
v 0.025790 -0.227857 0.024771
v -0.086948 -0.420366 -0.125161
v -0.086948 -0.420366 -0.125161
v -0.043566 -0.225713 0.023680
v -0.054150 -0.262444 -0.000895
v -0.050205 -0.250574 0.007947
v -0.050205 -0.250574 0.007947
v 0.041784 -0.275950 -0.011361
v -0.081493 -0.378087 -0.113909
v 0.048721 -0.298703 -0.030523
v -0.041018 -0.225825 0.026482
v 0.032448 -0.253220 0.007618
v -0.082522 -0.358150 -0.093623
v -0.076823 -0.353005 -0.071221
v 0.011375 -0.341067 -0.080615
v 0.040734 -0.272264 -0.008552
v -0.048497 -0.248593 0.010241
v 0.062038 -0.256311 0.005333
v 0.071473 -0.283644 -0.017454
v -0.035210 -0.359991 -0.082802
v 0.052267 -0.231238 0.025051
v -0.027027 -0.342011 -0.035652
v -0.027027 -0.342011 -0.035652
v 0.028983 -0.246955 0.025914
v -0.017980 -0.233199 0.031961
v -0.017980 -0.233199 0.031961
v 0.047406 -0.349404 -0.048395
v -0.026574 -0.316555 -0.047567
v -0.032718 -0.281596 -0.001671
v 0.072194 -0.301748 -0.043934
v -0.039621 -0.302983 -0.015039
v -0.011438 -0.346617 -0.086854
v -0.049205 -0.329413 -0.035502
v -0.049817 -0.421528 -0.131949
v -0.040652 -0.305398 -0.020063
v 0.047228 -0.381183 -0.060430
v -0.035017 -0.359325 -0.083327
v -0.036082 -0.355288 -0.078448
v -0.061757 -0.407741 -0.075922
v -0.076450 -0.388618 -0.091522
v -0.029414 -0.301754 -0.019813
v -0.029414 -0.301754 -0.019813
v -0.042487 -0.266319 0.007041
v -0.039094 -0.254911 0.015048
v -0.034532 -0.242703 0.023606
v -0.034532 -0.242703 0.023606
v -0.067110 -0.320685 -0.045442
v -0.042570 -0.268562 0.005032
v -0.032639 -0.237366 0.027126
v 0.031558 -0.247848 0.015507
v 0.044846 -0.285530 -0.013942
v -0.089546 -0.400879 -0.110348
v -0.044071 -0.344432 -0.055268
v -0.044071 -0.344432 -0.055268
v -0.054042 -0.260740 0.006581
v 0.030353 -0.243403 0.018477
v -0.081679 -0.330519 -0.061906
v -0.054938 -0.263560 0.004288
v 0.045427 -0.363599 -0.109562
v 0.043726 -0.281823 -0.011047
v -0.059240 -0.440293 -0.185629
v 0.010787 -0.224356 0.031612
v 0.024542 -0.262093 0.004529
v -0.064995 -0.251568 0.004876
v -0.074276 -0.285034 -0.019309
v -0.070669 -0.274065 -0.010307
v -0.070669 -0.274065 -0.010307
v -0.058963 -0.233666 0.018912
v -0.058963 -0.233666 0.018912
v -0.055470 -0.223834 0.026188
v -0.036727 -0.239006 0.016362
v -0.036727 -0.239006 0.016362
v -0.041007 -0.269344 -0.004215
v -0.091009 -0.374545 -0.117944
v -0.086895 -0.332151 -0.075499
v -0.069704 -0.270979 -0.007800
v -0.071785 -0.277857 -0.013347
v -0.088374 -0.340531 -0.065536
v 0.041295 -0.379700 -0.118518
v -0.094495 -0.372042 -0.091471
v 0.023378 -0.258465 0.007164
v -0.067519 -0.267655 -0.004921
v 0.004952 -0.236766 0.021609
v -0.085932 -0.290543 -0.033790
v -0.085932 -0.290543 -0.033790
v -0.083080 -0.280701 -0.025153
v -0.083080 -0.280701 -0.025153
v -0.079630 -0.265103 -0.013739
v -0.075592 -0.252371 -0.003555
v -0.075592 -0.252371 -0.003555
v -0.065725 -0.217139 0.022322
v -0.050378 -0.304157 -0.033571
v -0.092536 -0.307905 -0.048027
v -0.050994 -0.414390 0.054182
v -0.082151 -0.277323 -0.022342
v -0.083641 -0.283213 -0.027525
v -0.097268 -0.344494 -0.080082
v -0.100745 -0.371865 -0.103065
v 0.023028 -0.227344 0.032845
v 0.023028 -0.227344 0.032845
v 0.033951 -0.272908 -0.010069
v 0.071612 -0.393656 -0.107828
v -0.035476 -0.273282 -0.005608
v -0.035476 -0.273282 -0.005608
v -0.100172 -0.415110 -0.120857
v -0.077890 -0.340666 -0.050497
v -0.060686 -0.281439 -0.004719
v -0.060130 -0.277079 -0.002789
v -0.056286 -0.266668 0.005407
v -0.056286 -0.266668 0.005407
v -0.050940 -0.251740 0.016458
v -0.050940 -0.251740 0.016458
v -0.042911 -0.226078 0.033361
v -0.042911 -0.226078 0.033361
v -0.079675 -0.345757 -0.055360
v -0.068687 -0.305113 -0.022984
v -0.054616 -0.261800 0.008969
v -0.077255 -0.380325 -0.098026
v -0.048718 -0.249854 0.013818
v -0.079428 -0.348303 -0.057061
v 0.022686 -0.333906 -0.078958
v -0.066050 -0.366655 -0.099623
v -0.050797 -0.252302 0.014085
v -0.009209 -0.214033 0.020820
v 0.044320 -0.279851 -0.008910
v 0.044320 -0.279851 -0.008910
v -0.086871 -0.380203 -0.082687
v 0.053057 -0.328658 -0.055155
v -0.040053 -0.236140 0.022257
v -0.045186 -0.264618 0.002442
v 0.011614 -0.231496 0.029970
v -0.053707 -0.337691 -0.057726
v -0.053707 -0.337691 -0.057726
v -0.073764 -0.352304 -0.087899
v -0.077844 -0.294160 -0.020452
v -0.074543 -0.281597 -0.011305
v -0.062225 -0.241290 0.018281
v -0.062225 -0.241290 0.018281
v -0.094742 -0.357919 -0.073228
v -0.045043 -0.268043 0.000569
v -0.038428 -0.228115 0.027833
v -0.094351 -0.360212 -0.074766
v -0.081008 -0.305025 -0.029464
v -0.075678 -0.285175 -0.014355
v -0.063875 -0.252002 0.010436
v -0.100511 -0.356859 -0.093139
v -0.074440 -0.360700 -0.094891
v -0.083868 -0.322011 -0.045481
v 0.026802 -0.325952 -0.072787
v -0.059684 -0.239474 0.019745
v -0.020593 -0.313855 -0.062064
v -0.100084 -0.389585 -0.099398
v 0.035835 -0.308338 -0.033275
v 0.045425 -0.376839 -0.084393
v -0.058248 -0.293629 -0.022736
v 0.035138 -0.352437 -0.067542
v 0.037270 -0.365315 -0.079087
v 0.037270 -0.365315 -0.079087
v 0.032755 -0.358074 -0.075091
v 0.050566 -0.440624 -0.146366
v 0.041382 -0.446017 -0.157984
v 0.041382 -0.446017 -0.157984
v -0.092808 -0.304575 -0.037073
v -0.085048 -0.271425 -0.012837
v -0.092875 -0.301584 -0.036324
v -0.089785 -0.291701 -0.027399
v -0.089785 -0.291701 -0.027399
v -0.079030 -0.252350 0.003022
v -0.079030 -0.252350 0.003022
v -0.075089 -0.240927 0.011940
v -0.071269 -0.228577 0.020929
v -0.070561 -0.228447 0.021287
v -0.074187 -0.422844 -0.165127
v -0.105609 -0.362003 -0.087206
v -0.104699 -0.358739 -0.108987
v -0.097698 -0.322858 -0.053587
v -0.078125 -0.376056 -0.120210
v -0.086965 -0.293874 -0.031051
v -0.109459 -0.383489 -0.108438
v -0.105949 -0.367281 -0.090880
v -0.095506 -0.315498 -0.046638
v -0.091215 -0.296512 -0.031429
v -0.097522 -0.332818 -0.063244
v 0.025710 -0.351935 -0.090987
v -0.021957 -0.322740 -0.065122
v 0.021308 -0.297232 -0.021598
v -0.057473 -0.237540 0.012030
v -0.102612 -0.305491 -0.049104
v -0.102931 -0.303300 -0.048969
v -0.102931 -0.303300 -0.048969
v -0.100598 -0.294543 -0.040526
v -0.100598 -0.294543 -0.040526
v -0.096879 -0.280475 -0.028102
v -0.096879 -0.280475 -0.028102
v -0.097550 -0.279372 -0.028871
v -0.093162 -0.265023 -0.016891
v -0.080897 -0.222204 0.017033
v -0.060879 -0.316390 0.058672
v -0.101216 -0.297362 -0.043338
v -0.079709 -0.218422 0.020058
v -0.002211 -0.287103 -0.014247
v -0.071481 -0.367142 -0.090137
v 0.026636 -0.442467 -0.146855
v 0.026636 -0.442467 -0.146855
v -0.097983 -0.244504 -0.012578
v -0.094540 -0.233505 -0.003254
v -0.094540 -0.233505 -0.003254
v -0.090735 -0.222017 0.006155
v -0.088720 -0.213035 0.013149
v -0.089255 -0.213476 0.012271
v -0.016512 -0.331109 -0.073639
v 0.001189 -0.458134 -0.176969
v -0.056236 -0.248768 0.011898
v -0.061917 -0.289392 -0.017803
v -0.069687 -0.386692 -0.106607
v -0.069687 -0.386692 -0.106607
v -0.063000 -0.272629 0.006046
v -0.094710 -0.399167 -0.133109
v -0.111019 -0.382999 -0.102948
v -0.107235 -0.359376 -0.081484
v -0.103019 -0.333784 -0.060273
v -0.103019 -0.333784 -0.060273
v -0.095162 -0.306804 -0.036001
v -0.095374 -0.304049 -0.035432
v -0.092753 -0.295917 -0.027598
v -0.083619 -0.271566 -0.009512
v -0.081544 -0.256511 0.003205
v -0.081544 -0.256511 0.003205
v -0.073443 -0.232629 0.021369
v 0.022390 -0.297191 -0.017511
v -0.065437 -0.314342 -0.036579
v -0.065550 -0.314832 -0.036897
v -0.065550 -0.314832 -0.036897
v 0.026260 -0.309965 -0.027657
v 0.038320 -0.354786 -0.065443
v -0.063944 -0.305205 -0.029368
v 0.023346 -0.298413 -0.018922
v -0.060703 -0.285031 -0.013938
v -0.065473 -0.332485 -0.047590
v 0.014177 -0.272082 0.001467
v -0.091867 -0.412962 -0.152432
v -0.091190 -0.409351 -0.149159
v 0.009966 -0.259943 0.010399
v -0.115755 -0.420217 -0.144518
v -0.116360 -0.413650 -0.140783
v -0.109128 -0.372198 -0.092840
v -0.109158 -0.370014 -0.090809
v -0.109799 -0.368498 -0.089917
v 0.017838 -0.287055 -0.012961
v -0.113504 -0.397720 -0.115026
v -0.072968 -0.262844 -0.013173
v -0.076209 -0.327366 -0.053130
v -0.076209 -0.327366 -0.053130
v -0.070770 -0.384407 -0.112919
v -0.097973 -0.400793 -0.144047
v -0.063723 -0.242701 0.012353
v -0.120944 -0.387493 -0.118079
v -0.118323 -0.364626 -0.096787
v -0.118298 -0.342705 -0.076746
v -0.109152 -0.315185 -0.052216
v -0.109370 -0.312380 -0.051766
v -0.106623 -0.302881 -0.042536
v -0.106623 -0.302881 -0.042536
v -0.097192 -0.265031 -0.011514
v -0.097192 -0.265031 -0.011514
v -0.090231 -0.242428 0.006812
v 0.039497 -0.399300 -0.099011
v -0.077906 -0.346641 -0.068772
v 0.029080 -0.358586 -0.065171
v -0.077182 -0.340133 -0.063047
v 0.002103 -0.271105 0.001213
v -0.081234 -0.436300 -0.190128
v -0.073677 -0.274333 -0.002722
v -0.087031 -0.411668 -0.165302
v -0.006448 -0.247278 0.018437
v -0.061817 -0.231063 0.020462
v -0.083807 -0.222229 0.022253
v -0.061817 -0.231063 0.020462
v -0.082935 -0.221098 0.023499
v -0.092884 -0.262190 -0.010071
v -0.119468 -0.373914 -0.105269
v -0.105928 -0.322910 -0.084930
v -0.119063 -0.368377 -0.101349
v -0.062417 -0.243425 0.012814
v -0.115637 -0.347794 -0.081738
v -0.112351 -0.329684 -0.066686
v 0.002598 -0.274475 -0.002002
v -0.121209 -0.360508 -0.090559
v -0.083271 -0.349670 -0.079047
v -0.068969 -0.381122 -0.115407
v -0.125639 -0.381102 -0.125668
v -0.123977 -0.358698 -0.104715
v -0.124087 -0.334006 -0.082824
v -0.124087 -0.334006 -0.082824
v -0.117251 -0.311650 -0.061441
v -0.117767 -0.309924 -0.061830
v -0.115851 -0.301797 -0.053378
v -0.115851 -0.301797 -0.053378
v -0.112651 -0.288474 -0.040800
v -0.112651 -0.288474 -0.040800
v -0.108448 -0.270586 -0.027370
v -0.014129 -0.259276 0.008557
v -0.083463 -0.360690 -0.087745
v -0.017575 -0.246389 0.017685
v -0.087660 -0.403726 -0.163648
v -0.088478 -0.273344 -0.018972
v -0.080482 -0.239166 0.002031
v -0.076950 -0.292063 -0.028088
v -0.096324 -0.223080 0.012147
v -0.096324 -0.223080 0.012147
v -0.098021 -0.231265 0.006054
v -0.099364 -0.235781 0.002228
v -0.088053 -0.339709 -0.064930
v -0.115179 -0.298716 -0.050410
v -0.123481 -0.323600 -0.072097
v -0.063383 -0.426425 -0.199012
v -0.105925 -0.321760 -0.078263
v -0.105770 -0.320976 -0.077534
v -0.084516 -0.365905 -0.099174
v -0.083870 -0.236822 -0.002121
v -0.088663 -0.285080 -0.039748
v -0.113848 -0.251869 -0.023942
v -0.110475 -0.240370 -0.013710
v -0.032733 -0.227550 0.027689
v -0.030959 -0.235235 0.023031
v -0.088027 -0.271091 -0.030003
v -0.093823 -0.279701 -0.034945
v -0.030231 -0.301049 -0.053857
v -0.105889 -0.221547 0.001812
v -0.105452 -0.221470 0.002556
v -0.122974 -0.411079 -0.171810
v -0.105024 -0.339835 -0.103552
v -0.110313 -0.401591 -0.162810
v -0.092909 -0.313970 -0.071730
v -0.087431 -0.230062 -0.006728
v -0.114008 -0.411880 -0.178868
v -0.125801 -0.340027 -0.115322
v -0.127133 -0.312745 -0.092855
v -0.127133 -0.312745 -0.092855
v -0.122907 -0.287481 -0.068198
v -0.122907 -0.287481 -0.068198
v -0.121958 -0.270597 -0.052356
v -0.115132 -0.234475 -0.022213
v -0.027672 -0.261370 0.000115
v -0.092644 -0.315931 -0.072394
v -0.006604 -0.354060 -0.069698
v -0.087130 -0.231516 -0.007209
v -0.082467 -0.207284 0.008223
v -0.111268 -0.411224 -0.181244
v -0.079076 -0.383095 -0.090753
v -0.111430 -0.216135 -0.006932
v -0.110862 -0.215388 -0.005636
v -0.122556 -0.411034 -0.181864
v -0.081739 -0.412161 -0.108182
v -0.122027 -0.298351 -0.080400
v -0.122429 -0.283273 -0.064353
v -0.127982 -0.335284 -0.115659
v -0.118020 -0.328729 -0.127816
v -0.124698 -0.315060 -0.096361
v -0.050172 -0.372779 -0.125939
v -0.018586 -0.247851 0.017448
v -0.081543 -0.298265 -0.028952
v -0.081543 -0.298265 -0.028952
v -0.076396 -0.242510 0.009576
v -0.076396 -0.242510 0.009576
v -0.074457 -0.373141 -0.113591
v -0.081525 -0.286188 -0.021899
v -0.081525 -0.286188 -0.021899
v -0.079457 -0.262213 -0.005057
v 0.021229 -0.395846 -0.101148
v -0.076722 -0.236670 0.012956
v -0.076722 -0.236670 0.012956
v -0.082738 -0.291652 -0.026776
v -0.082738 -0.291652 -0.026776
v -0.075129 -0.221261 0.023295
v -0.023413 -0.310193 -0.057469
v -0.075129 -0.221261 0.023295
v -0.076415 -0.225584 0.019937
v -0.089584 -0.355499 -0.084345
v -0.089756 -0.360351 -0.089171
v -0.089419 -0.345648 -0.076199
v -0.088548 -0.321804 -0.054170
v -0.089703 -0.353159 -0.085181
v -0.090011 -0.351701 -0.083200
v -0.011787 -0.267507 0.003644
v -0.091194 -0.293588 -0.023965
v -0.099268 -0.407860 -0.164400
v -0.086237 -0.253963 -0.006233
v -0.003890 -0.301692 -0.026986
v -0.102257 -0.398765 -0.152885
v -0.106212 -0.392864 -0.142184
v -0.106063 -0.387063 -0.140050
v -0.106063 -0.387063 -0.140050
v -0.101373 -0.231699 0.009437
v -0.100556 -0.230824 0.010680
v -0.107267 -0.251662 -0.006790
v -0.113136 -0.272718 -0.025026
v -0.113136 -0.272718 -0.025026
v 0.009031 -0.331132 -0.042318
v -0.117083 -0.286556 -0.037041
v -0.120878 -0.308529 -0.055881
v -0.123075 -0.316295 -0.062728
v -0.112342 -0.359968 -0.135536
v -0.131544 -0.389757 -0.131115
v -0.123454 -0.321814 -0.066662
v -0.129327 -0.367827 -0.111649
v -0.129959 -0.367684 -0.109934
v -0.137634 -0.367469 -0.106892
v 0.001959 -0.311170 -0.029138
v -0.114809 -0.307027 -0.062000
v -0.026587 -0.225486 0.032138
v -0.088789 -0.326465 -0.058836
v -0.080652 -0.264598 -0.007396
v -0.080652 -0.264598 -0.007396
v -0.104928 -0.261378 -0.018243
v 0.032360 -0.387661 -0.102103
v -0.105942 -0.286871 -0.061587
v -0.018586 -0.246912 0.017650
v -0.128336 -0.359063 -0.143974
v -0.035380 -0.228186 0.027433
v -0.073069 -0.364887 -0.112048
v -0.092408 -0.318632 -0.054110
v -0.091493 -0.297003 -0.038378
v -0.090369 -0.275126 -0.021993
v -0.090369 -0.275126 -0.021993
v -0.092968 -0.319372 -0.056101
v -0.093640 -0.361793 -0.099435
v -0.095050 -0.340094 -0.078588
v -0.094022 -0.352872 -0.092096
v -0.093100 -0.357032 -0.098372
v -0.096109 -0.337739 -0.077099
v -0.096109 -0.337739 -0.077099
v -0.081360 -0.356690 -0.132111
v -0.091235 -0.232813 0.003656
v -0.089393 -0.215540 0.016580
v -0.096051 -0.258228 -0.019505
v -0.096473 -0.256766 -0.019333
v -0.096473 -0.256766 -0.019333
v -0.111825 -0.227701 0.002350
v -0.112270 -0.232774 -0.001658
v -0.110510 -0.370279 -0.133823
v -0.117564 -0.248816 -0.015314
v -0.120662 -0.268340 -0.033788
v -0.130620 -0.410565 -0.168400
v -0.131597 -0.414377 -0.173837
v -0.126547 -0.289348 -0.052256
v -0.126547 -0.289348 -0.052256
v -0.128444 -0.302915 -0.063484
v -0.128657 -0.305016 -0.066011
v -0.134669 -0.377596 -0.133894
v -0.129338 -0.311787 -0.070967
v -0.133887 -0.355891 -0.113080
v -0.137286 -0.340269 -0.098280
v -0.137286 -0.340269 -0.098280
v -0.133955 -0.353879 -0.115295
v -0.134597 -0.383785 -0.140198
v -0.129095 -0.342487 -0.126380
v -0.089805 -0.304448 -0.039375
v -0.069921 -0.350111 -0.101215
v -0.094109 -0.357421 -0.104052
v -0.088847 -0.287579 -0.027511
v -0.099362 -0.253484 -0.021759
v -0.098715 -0.236863 -0.009190
v -0.112287 -0.330989 -0.082227
v -0.043518 -0.228735 0.025005
v -0.043518 -0.228735 0.025005
v -0.115095 -0.413409 -0.183437
v -0.120206 -0.223399 -0.006165
v -0.119831 -0.223777 -0.006099
v -0.119673 -0.223343 -0.005735
v -0.119875 -0.223633 -0.005565
v -0.127381 -0.253382 -0.032887
v -0.130592 -0.266096 -0.044770
v -0.038971 -0.243274 0.015490
v -0.094538 -0.361224 -0.105358
v -0.044301 -0.267590 -0.030215
v -0.110708 -0.311475 -0.088625
v -0.096691 -0.416410 -0.118874
v -0.098779 -0.365100 -0.122777
v -0.094173 -0.349445 -0.075827
v -0.090858 -0.359458 -0.110518
v -0.104838 -0.328643 -0.092006
v -0.105192 -0.327448 -0.092064
v -0.093909 -0.395359 -0.105238
v -0.101795 -0.253327 -0.030937
v -0.101875 -0.241922 -0.022364
v -0.103141 -0.213409 0.002592
v -0.108673 -0.318193 -0.082738
v -0.124766 -0.215446 -0.012902
v -0.124230 -0.214767 -0.011545
v -0.123366 -0.407370 -0.188824
v -0.123366 -0.407370 -0.188824
v -0.127888 -0.232872 -0.028166
v -0.127040 -0.395961 -0.177444
v -0.127040 -0.395961 -0.177444
v -0.127490 -0.387515 -0.171209
v -0.133644 -0.282366 -0.072981
v -0.133924 -0.285756 -0.076480
v -0.134524 -0.331336 -0.118238
v -0.137183 -0.307956 -0.098600
v -0.137183 -0.307956 -0.098600
v -0.123245 -0.334846 -0.145621
v -0.137141 -0.329543 -0.121137
v -0.133993 -0.307377 -0.099691
v -0.133982 -0.307264 -0.099581
v -0.137409 -0.290442 -0.081010
v -0.093672 -0.430080 -0.135598
v -0.092549 -0.406926 -0.123471
v -0.095724 -0.338741 -0.089602
v -0.050960 -0.246857 0.006394
v -0.092297 -0.402494 -0.117921
v -0.098406 -0.401876 -0.143492
v -0.092297 -0.402494 -0.117921
v -0.098967 -0.329232 -0.100752
v -0.098967 -0.329232 -0.100752
v -0.090992 -0.437071 -0.139888
v -0.103509 -0.218306 -0.010610
v -0.052110 -0.240614 0.010585
v -0.104296 -0.408902 -0.199955
v -0.114955 -0.391330 -0.183258
v -0.116605 -0.382137 -0.176150
v -0.126312 -0.216048 -0.028105
v -0.120324 -0.370560 -0.165492
v -0.120324 -0.370560 -0.165492
v -0.127447 -0.238761 -0.048301
v -0.129448 -0.251040 -0.060322
v -0.129448 -0.251040 -0.060322
v -0.120471 -0.351477 -0.154133
v -0.129921 -0.262705 -0.069771
v -0.130031 -0.265932 -0.073027
v -0.127412 -0.327060 -0.127727
v -0.130184 -0.271536 -0.076965
v -0.129088 -0.308961 -0.111421
v -0.131786 -0.284270 -0.091644
v -0.113132 -0.368081 -0.163661
v -0.130914 -0.305283 -0.112747
v -0.129242 -0.287627 -0.095324
v -0.058878 -0.278051 -0.027473
v -0.129237 -0.287532 -0.095230
v -0.110235 -0.392446 -0.187256
v -0.123390 -0.299325 -0.124235
v -0.115379 -0.375536 -0.173502
v -0.111952 -0.390540 -0.184575
v -0.113432 -0.313858 -0.110708
v -0.059615 -0.410008 -0.201290
v -0.102933 -0.274419 -0.039915
v -0.043110 -0.258162 -0.009235
v -0.059994 -0.323596 -0.090860
v -0.091282 -0.221320 0.017058
v -0.047140 -0.233355 0.014817
v -0.102502 -0.336361 -0.075545
v -0.103154 -0.327166 -0.070312
v -0.103406 -0.326940 -0.071856
v -0.103160 -0.310197 -0.057541
v -0.101887 -0.272408 -0.026676
v -0.103356 -0.294084 -0.044490
v -0.103356 -0.294084 -0.044490
v -0.102684 -0.279699 -0.034308
v -0.100592 -0.346835 -0.098646
v -0.098815 -0.348618 -0.102934
v -0.102836 -0.338870 -0.088806
v -0.102836 -0.338870 -0.088806
v -0.103266 -0.277720 -0.034078
v -0.123265 -0.223346 -0.002571
v -0.121573 -0.222494 -0.001898
v -0.128906 -0.245339 -0.021709
v -0.103093 -0.226323 0.002692
v -0.104949 -0.247374 -0.016258
v -0.106516 -0.275545 -0.043613
v -0.106516 -0.275545 -0.043613
v -0.136781 -0.292996 -0.065459
v -0.137455 -0.296434 -0.068913
v -0.137455 -0.296434 -0.068913
v -0.102088 -0.214156 0.011642
v -0.138070 -0.302144 -0.075877
v -0.136931 -0.301079 -0.072881
v -0.104105 -0.232046 -0.004091
v -0.104388 -0.230198 -0.002038
v -0.103350 -0.221450 0.004378
v -0.106820 -0.262803 -0.033488
v -0.139862 -0.343541 -0.114227
v -0.103858 -0.220983 0.004053
v -0.103858 -0.220983 0.004053
v -0.139943 -0.364779 -0.134791
v -0.113615 -0.361836 -0.137305
v -0.113615 -0.361836 -0.137305
v -0.135126 -0.399675 -0.172747
v -0.134909 -0.409964 -0.178449
v -0.061329 -0.248408 -0.020094
v -0.114695 -0.312380 -0.082816
v -0.099791 -0.354826 -0.105274
v -0.107751 -0.264003 -0.035723
v -0.107751 -0.264003 -0.035723
v -0.107330 -0.261686 -0.033759
v -0.107330 -0.261686 -0.033759
v -0.056324 -0.266922 -0.034106
v -0.130300 -0.404169 -0.177782
v -0.058298 -0.297276 -0.061924
v -0.057901 -0.309131 -0.070769
v -0.057981 -0.308715 -0.070510
v -0.102531 -0.304128 -0.045196
v -0.102531 -0.304128 -0.045196
v -0.004641 -0.398555 -0.100168
v -0.004641 -0.398555 -0.100168
v -0.107474 -0.318938 -0.071596
v -0.051227 -0.237473 0.016205
v -0.106260 -0.335194 -0.088142
v -0.107256 -0.323270 -0.077463
v -0.100338 -0.343700 -0.104708
v -0.103857 -0.341796 -0.098975
v -0.098058 -0.343944 -0.107100
v -0.108844 -0.293169 -0.056033
v -0.131411 -0.218390 -0.010527
v -0.104403 -0.333869 -0.094060
v -0.131235 -0.218978 -0.010170
v -0.137391 -0.246992 -0.037029
v -0.110939 -0.259003 -0.036137
v -0.088070 -0.231784 -0.022852
v -0.088458 -0.229559 -0.020686
v -0.111173 -0.244600 -0.024737
v -0.111499 -0.233312 -0.016538
v -0.111499 -0.233312 -0.016538
v -0.130382 -0.405532 -0.188074
v -0.067404 -0.214837 0.005379
v -0.059435 -0.278793 -0.043870
v -0.077090 -0.286191 -0.075853
v -0.066176 -0.217491 0.003640
v -0.121339 -0.372070 -0.157527
v -0.054700 -0.293143 -0.053840
v -0.117440 -0.338832 -0.127282
v -0.105833 -0.386034 -0.108276
v -0.108557 -0.411649 -0.126337
v -0.045290 -0.284372 -0.022122
v -0.107591 -0.330414 -0.088519
v -0.106612 -0.205804 -0.002697
v -0.097438 -0.338697 -0.105897
v -0.095022 -0.337728 -0.106476
v -0.112370 -0.340380 -0.113345
v -0.112370 -0.340380 -0.113345
v -0.135495 -0.208772 -0.015627
v -0.113387 -0.340222 -0.112659
v -0.134986 -0.208043 -0.014141
v -0.137961 -0.225080 -0.030508
v -0.117783 -0.332375 -0.107523
v -0.141892 -0.271629 -0.074074
v -0.141892 -0.271629 -0.074074
v -0.141971 -0.277819 -0.081290
v -0.138110 -0.287323 -0.089656
v -0.112736 -0.252508 -0.040762
v -0.141854 -0.297997 -0.098500
v -0.140915 -0.311652 -0.113120
v -0.140870 -0.317037 -0.116855
v -0.116477 -0.219373 -0.010173
v -0.113542 -0.240854 -0.032628
v -0.131356 -0.378073 -0.172849
v -0.131356 -0.378073 -0.172849
v -0.144146 -0.320005 -0.124148
v -0.144168 -0.320155 -0.124295
v -0.048919 -0.406024 -0.185147
v -0.070342 -0.262109 -0.025287
v -0.070389 -0.261886 -0.025187
v -0.103325 -0.397020 -0.123592
v -0.104687 -0.376686 -0.110686
v -0.104687 -0.376686 -0.110686
v -0.050279 -0.282222 -0.022288
v -0.050279 -0.282222 -0.022288
v -0.066505 -0.228479 0.014680
v -0.107627 -0.355731 -0.064811
v -0.100592 -0.332308 -0.098386
v -0.135906 -0.205391 -0.027244
v -0.137506 -0.214881 -0.036786
v -0.136199 -0.225707 -0.046064
v -0.086684 -0.249534 -0.039846
v -0.138026 -0.249015 -0.067494
v -0.137796 -0.254936 -0.074189
v -0.137945 -0.256721 -0.073828
v -0.104731 -0.267475 -0.048236
v -0.137288 -0.274192 -0.090253
v -0.135955 -0.287628 -0.104050
v -0.135707 -0.291892 -0.106825
v -0.086890 -0.211449 0.008722
v -0.115692 -0.216709 -0.018124
v -0.133524 -0.308888 -0.122284
v -0.123482 -0.390760 -0.194554
v -0.119612 -0.370257 -0.175093
v -0.124225 -0.358822 -0.164688
v -0.125386 -0.350020 -0.157942
v -0.125386 -0.350020 -0.157942
v -0.039400 -0.396421 -0.169217
v -0.072641 -0.242763 -0.008275
v -0.137733 -0.290910 -0.110488
v -0.137742 -0.291014 -0.110593
v -0.075351 -0.282548 -0.071842
v -0.034176 -0.412179 -0.181321
v -0.068636 -0.249564 -0.011190
v -0.070744 -0.245926 -0.009667
v -0.118120 -0.342724 -0.151156
v -0.134942 -0.300077 -0.114031
v -0.132074 -0.305923 -0.122294
v -0.077806 -0.233902 -0.001419
v -0.078303 -0.236928 -0.003065
v -0.097382 -0.393964 -0.126394
v -0.098155 -0.358182 -0.104273
v -0.099807 -0.385939 -0.122227
v -0.094626 -0.320215 -0.090563
v -0.131584 -0.190446 -0.028740
v -0.102417 -0.284327 -0.078689
v -0.131237 -0.223172 -0.057193
v -0.131237 -0.223172 -0.057193
v -0.131061 -0.225480 -0.059490
v -0.131061 -0.230532 -0.063073
v -0.129997 -0.246911 -0.077904
v -0.128122 -0.263723 -0.092964
v -0.129513 -0.262918 -0.094671
v -0.105763 -0.264677 -0.055418
v -0.106905 -0.353845 -0.165746
v -0.125751 -0.279666 -0.106810
v -0.108991 -0.333977 -0.146279
v -0.113870 -0.330021 -0.148314
v -0.117034 -0.324134 -0.142616
v -0.117679 -0.319198 -0.139269
v -0.117679 -0.319198 -0.139269
v -0.118388 -0.315421 -0.136292
v -0.080082 -0.223829 0.007970
v -0.126893 -0.260014 -0.092595
v -0.126895 -0.260086 -0.092667
v -0.078929 -0.224661 0.007957
v -0.044480 -0.386553 -0.170995
v -0.106425 -0.357897 -0.168099
v -0.124287 -0.277284 -0.106890
v -0.121987 -0.318119 -0.119382
v -0.078499 -0.297237 -0.072129
v -0.112912 -0.325859 -0.070158
v -0.065713 -0.280307 -0.049767
v -0.065713 -0.280307 -0.049767
v -0.065838 -0.279744 -0.049390
v -0.065838 -0.279744 -0.049390
v -0.111272 -0.351508 -0.105646
v -0.111272 -0.351508 -0.105646
v -0.101165 -0.354502 -0.118774
v -0.100880 -0.337387 -0.109659
v -0.100929 -0.328100 -0.104417
v -0.111705 -0.326505 -0.092849
v -0.103639 -0.328418 -0.103008
v -0.113431 -0.319697 -0.086163
v -0.116778 -0.298031 -0.066595
v -0.108638 -0.324514 -0.098057
v -0.116057 -0.292784 -0.067069
v -0.105405 -0.310220 -0.099954
v -0.141138 -0.212414 -0.015872
v -0.114227 -0.273286 -0.063636
v -0.139940 -0.209885 -0.012660
v -0.118485 -0.259154 -0.047862
v -0.118485 -0.259154 -0.047862
v -0.114901 -0.268738 -0.060686
v -0.119581 -0.246807 -0.037981
v -0.119983 -0.266475 -0.046176
v -0.120177 -0.242764 -0.033970
v -0.068394 -0.275892 -0.052374
v -0.120384 -0.236104 -0.030232
v -0.130141 -0.392892 -0.187247
v -0.132163 -0.385741 -0.181744
v -0.143237 -0.331605 -0.132113
v -0.077129 -0.211328 0.007372
v -0.133272 -0.377237 -0.174348
v -0.067104 -0.326449 -0.116436
v -0.067242 -0.310857 -0.063334
v -0.113109 -0.371007 -0.101439
v -0.044771 -0.328213 -0.075466
v -0.108231 -0.318786 -0.094786
v -0.108231 -0.318786 -0.094786
v -0.098498 -0.353871 -0.118751
v -0.120792 -0.234266 -0.026326
v -0.120788 -0.234282 -0.026339
v -0.111543 -0.342024 -0.101040
v -0.078262 -0.349588 -0.150289
v -0.123450 -0.334130 -0.143950
v -0.079095 -0.293467 -0.067716
v -0.116718 -0.406723 -0.135216
v -0.073502 -0.254529 -0.027548
v -0.111277 -0.342234 -0.106919
v -0.110465 -0.322756 -0.097654
v -0.101564 -0.317491 -0.099513
v -0.112641 -0.317899 -0.093070
v -0.116266 -0.351998 -0.134517
v -0.116266 -0.351998 -0.134517
v -0.117672 -0.348229 -0.131993
v -0.115859 -0.292850 -0.076103
v -0.084660 -0.423427 -0.080492
v -0.144527 -0.200151 -0.018277
v -0.118448 -0.258613 -0.056872
v -0.145797 -0.213673 -0.031006
v -0.147983 -0.246957 -0.064017
v -0.147983 -0.246957 -0.064017
v -0.120087 -0.247240 -0.048280
v -0.147993 -0.257566 -0.073076
v -0.147993 -0.257566 -0.073076
v -0.126037 -0.219418 -0.020906
v -0.148267 -0.261831 -0.077579
v -0.147861 -0.263833 -0.080451
v -0.147861 -0.263833 -0.080451
v -0.121276 -0.236780 -0.041077
v -0.145585 -0.301425 -0.114864
v -0.134307 -0.358557 -0.166908
v -0.135440 -0.353664 -0.164300
v -0.121979 -0.242825 -0.041798
v -0.075638 -0.287224 -0.043883
v -0.146198 -0.279583 -0.097654
v -0.143431 -0.255070 -0.073519
v -0.113827 -0.350727 -0.103810
v -0.113827 -0.350727 -0.103810
v -0.114783 -0.333804 -0.093977
v -0.114021 -0.374963 -0.121474
v -0.096290 -0.428712 -0.184638
v -0.106961 -0.307551 -0.090984
v -0.109034 -0.329315 -0.122853
v -0.110490 -0.325993 -0.120829
v -0.110490 -0.325993 -0.120829
v -0.143448 -0.190713 -0.023883
v -0.116892 -0.242234 -0.049744
v -0.144397 -0.207978 -0.038699
v -0.144340 -0.221368 -0.053916
v -0.144340 -0.221368 -0.053916
v -0.146019 -0.220887 -0.051577
v -0.081122 -0.235002 -0.015317
v -0.144206 -0.231498 -0.062460
v -0.124640 -0.210919 -0.024221
v -0.144242 -0.235141 -0.066277
v -0.118121 -0.228993 -0.042537
v -0.118121 -0.228993 -0.042537
v -0.144149 -0.239923 -0.069696
v -0.123150 -0.345026 -0.162865
v -0.140809 -0.272383 -0.100458
v -0.138158 -0.287972 -0.114617
v -0.129292 -0.326950 -0.148198
v -0.122219 -0.316515 -0.138173
v -0.083531 -0.214144 0.007293
v -0.136486 -0.283317 -0.112623
v -0.072059 -0.284862 -0.078308
v -0.084806 -0.266154 -0.028133
v -0.113221 -0.359859 -0.112507
v -0.079664 -0.222355 0.004179
v -0.141923 -0.253954 -0.086397
v -0.133659 -0.272261 -0.120507
v -0.141013 -0.237119 -0.069534
v -0.097042 -0.358808 -0.189067
v -0.102359 -0.289092 -0.078816
v -0.095359 -0.280069 -0.072332
v -0.100824 -0.339234 -0.122766
v -0.107384 -0.266540 -0.065674
v -0.107600 -0.271109 -0.080096
v -0.135597 -0.200566 -0.045618
v -0.139541 -0.190091 -0.036486
v -0.138009 -0.203051 -0.048840
v -0.138009 -0.203051 -0.048840
v -0.135690 -0.210701 -0.055796
v -0.112515 -0.218238 -0.038284
v -0.113062 -0.242266 -0.050869
v -0.114874 -0.301147 -0.128309
v -0.134116 -0.241476 -0.083309
v -0.118922 -0.304165 -0.135394
v -0.122047 -0.298969 -0.130474
v -0.131437 -0.256161 -0.096080
v -0.122891 -0.293690 -0.126862
v -0.073497 -0.220369 0.006145
v -0.123593 -0.289157 -0.123014
v -0.075493 -0.252761 -0.049156
v -0.112093 -0.230747 -0.044243
v -0.132760 -0.237462 -0.082266
v -0.120714 -0.249769 -0.105599
v -0.133166 -0.223966 -0.068866
v -0.114028 -0.218596 -0.037635
v -0.114022 -0.218633 -0.037664
v -0.107779 -0.237763 -0.046369
v -0.086979 -0.254916 -0.070573
v -0.079206 -0.228263 -0.022616
v -0.101673 -0.331704 -0.098171
v -0.090264 -0.284822 -0.083239
v -0.096517 -0.265762 -0.074229
v -0.097063 -0.297470 -0.091279
v -0.090977 -0.323011 -0.144095
v -0.096739 -0.317163 -0.148083
v -0.125851 -0.209416 -0.063954
v -0.122456 -0.222273 -0.075270
v -0.123304 -0.223655 -0.075713
v -0.107409 -0.237385 -0.098494
v -0.159896 -0.335134 -0.151175
v -0.077863 -0.231197 -0.024111
v -0.121908 -0.221478 -0.075150
v -0.110074 -0.277470 -0.116831
v -0.110875 -0.218548 -0.079716
v -0.111366 -0.215839 -0.077008
v -0.125296 -0.196151 -0.053224
v -0.069575 -0.280842 -0.086801
v -0.103855 -0.287548 -0.118439
v -0.125797 -0.186901 -0.044028
v -0.113630 -0.202607 -0.063620
v -0.102582 -0.232359 -0.037141
v -0.097310 -0.242451 -0.049293
v -0.083975 -0.222742 -0.006953
v -0.083814 -0.225183 -0.008619
v -0.082544 -0.273216 -0.055473
v -0.101309 -0.320204 -0.104960
v -0.152002 -0.202538 -0.032967
v -0.152002 -0.202538 -0.032967
v -0.100974 -0.303103 -0.094675
v -0.112961 -0.327201 -0.105393
v -0.112961 -0.327201 -0.105393
v -0.100964 -0.295007 -0.090018
v -0.100964 -0.295007 -0.090018
v -0.114217 -0.324677 -0.104013
v -0.103616 -0.296966 -0.091388
v -0.107694 -0.301147 -0.092711
v -0.113514 -0.311379 -0.097444
v -0.112907 -0.306711 -0.095252
v -0.106495 -0.293201 -0.089211
v -0.107249 -0.294718 -0.089862
v -0.117022 -0.304880 -0.091404
v -0.080272 -0.408004 -0.205791
v -0.108547 -0.297675 -0.091842
v -0.108212 -0.293237 -0.089655
v -0.120739 -0.290393 -0.080953
v -0.120739 -0.290393 -0.080953
v -0.118998 -0.286471 -0.080363
v -0.119039 -0.280774 -0.077469
v -0.114748 -0.255746 -0.066793
v -0.115550 -0.252230 -0.064997
v -0.121641 -0.248863 -0.060039
v -0.121641 -0.248863 -0.060039
v -0.124976 -0.240841 -0.051457
v -0.124976 -0.240841 -0.051457
v -0.123770 -0.238227 -0.052276
v -0.125150 -0.231156 -0.046917
v -0.125150 -0.231156 -0.046917
v -0.125211 -0.229153 -0.046359
v -0.130925 -0.349087 -0.169504
v -0.135976 -0.314876 -0.145723
v -0.115346 -0.303773 -0.092556
v -0.107498 -0.299683 -0.092255
v -0.121415 -0.250910 -0.060924
v -0.121003 -0.356338 -0.110391
v -0.119600 -0.368177 -0.117869
v -0.123136 -0.365353 -0.183784
v -0.085908 -0.255688 -0.023296
v -0.081937 -0.225401 0.004926
v -0.081937 -0.225401 0.004926
v -0.091140 -0.206525 0.000875
v -0.088502 -0.245155 -0.033486
v -0.100227 -0.272147 -0.074215
v -0.111443 -0.287912 -0.084640
v -0.108006 -0.343781 -0.144359
v -0.108006 -0.343781 -0.144359
v -0.110869 -0.283641 -0.082504
v -0.106513 -0.271295 -0.075970
v -0.118508 -0.270887 -0.072907
v -0.116770 -0.267269 -0.072065
v -0.104043 -0.246851 -0.062479
v -0.122449 -0.244636 -0.056926
v -0.122449 -0.244636 -0.056926
v -0.122603 -0.214702 -0.041950
v -0.122603 -0.214702 -0.041950
v -0.130443 -0.307098 -0.139523
v -0.138217 -0.263757 -0.090652
v -0.089581 -0.359291 -0.171082
v -0.113232 -0.281761 -0.081420
v -0.126231 -0.306452 -0.142144
v -0.119717 -0.327785 -0.098720
v -0.119717 -0.327785 -0.098720
v -0.118304 -0.339008 -0.105657
v -0.125455 -0.319521 -0.150070
v -0.121635 -0.383505 -0.209414
v -0.117605 -0.382919 -0.209766
v -0.127945 -0.364590 -0.192959
v -0.095929 -0.231098 -0.007790
v -0.118720 -0.336181 -0.106497
v -0.079519 -0.325383 -0.128362
v -0.079067 -0.260470 -0.062231
v -0.099422 -0.248943 -0.056257
v -0.104226 -0.290310 -0.101474
v -0.103969 -0.286790 -0.100084
v -0.107988 -0.260146 -0.066967
v -0.113075 -0.240975 -0.056612
v -0.118170 -0.210020 -0.038614
v -0.118170 -0.210020 -0.038614
v -0.118934 -0.229613 -0.049766
v -0.118934 -0.229613 -0.049766
v -0.118181 -0.199074 -0.033720
v -0.117993 -0.218370 -0.043646
v -0.115045 -0.303676 -0.139387
v -0.122062 -0.277688 -0.121856
v -0.091924 -0.355140 -0.136585
v -0.121816 -0.271158 -0.117715
v -0.111155 -0.299325 -0.136876
v -0.115832 -0.298293 -0.135876
v -0.119322 -0.270750 -0.110033
v -0.119810 -0.199965 -0.033677
v -0.082974 -0.230844 -0.036617
v -0.084383 -0.226926 -0.034265
v -0.098653 -0.228342 -0.039032
v -0.101282 -0.247083 -0.068789
v -0.110327 -0.231335 -0.048796
v -0.100331 -0.250429 -0.069718
v -0.128458 -0.193964 -0.059520
v -0.116502 -0.235888 -0.092603
v -0.101932 -0.290197 -0.133142
v -0.106899 -0.264749 -0.111482
v -0.108714 -0.255772 -0.099838
v -0.115625 -0.250803 -0.101621
v -0.117340 -0.231966 -0.085637
v -0.079054 -0.275377 -0.102437
v -0.104541 -0.205852 -0.029972
v -0.104944 -0.232515 -0.087306
v -0.154829 -0.328246 -0.177984
v -0.134240 -0.304082 -0.155248
v -0.135203 -0.299183 -0.151645
v -0.110313 -0.203411 -0.069156
v -0.107565 -0.215367 -0.072980
v -0.103450 -0.227989 -0.080202
v -0.105144 -0.232193 -0.094336
v -0.072864 -0.243628 -0.050863
v -0.123102 -0.284800 -0.078929
v -0.114572 -0.216328 -0.046756
v -0.116025 -0.211062 -0.044424
v -0.119182 -0.243051 -0.061963
v -0.116667 -0.211892 -0.045365
v -0.096798 -0.217121 -0.016544
v -0.121003 -0.245752 -0.062520
v -0.121003 -0.245752 -0.062520
v -0.121022 -0.213239 -0.045724
v -0.120080 -0.249176 -0.064267
v -0.120080 -0.249176 -0.064267
v -0.123396 -0.202886 -0.039691
v -0.119857 -0.203511 -0.042159
v -0.125705 -0.199107 -0.036342
v -0.126472 -0.201015 -0.037890
v -0.126472 -0.201015 -0.037890
v -0.124843 -0.195723 -0.035691
v -0.124843 -0.195723 -0.035691
v -0.113596 -0.255919 -0.068899
v -0.080061 -0.246013 -0.002218
v -0.114216 -0.259355 -0.070659
v -0.109305 -0.245514 -0.062488
v -0.123579 -0.286967 -0.128843
v -0.125076 -0.288849 -0.129947
v -0.128889 -0.275226 -0.120507
v -0.132944 -0.263810 -0.110917
v -0.132944 -0.263810 -0.110917
v -0.115203 -0.267935 -0.074992
v -0.113884 -0.272549 -0.077686
v -0.113884 -0.272549 -0.077686
v -0.108460 -0.256164 -0.068058
v -0.103121 -0.265417 -0.070503
v -0.144880 -0.214050 -0.068697
v -0.147377 -0.200270 -0.055899
v -0.122053 -0.301580 -0.088808
v -0.149017 -0.184992 -0.041294
v -0.148775 -0.184088 -0.041961
v -0.123514 -0.290912 -0.082223
v -0.103654 -0.252916 -0.063776
v -0.103722 -0.245851 -0.059444
v -0.103722 -0.245851 -0.059444
v -0.144530 -0.222420 -0.077889
v -0.103999 -0.253506 -0.064293
v -0.146572 -0.201695 -0.060021
v -0.115785 -0.255212 -0.069129
v -0.145330 -0.212717 -0.068504
v -0.123704 -0.289438 -0.083209
v -0.112304 -0.219517 -0.048455
v -0.112304 -0.219517 -0.048455
v -0.120226 -0.244428 -0.061197
v -0.088587 -0.217016 0.010533
v -0.126268 -0.205382 -0.040265
v -0.117254 -0.214043 -0.044797
v -0.114922 -0.192162 -0.032396
v -0.122048 -0.187217 -0.029987
v -0.122048 -0.187217 -0.029987
v -0.122231 -0.202169 -0.038294
v -0.122873 -0.200670 -0.037799
v -0.112495 -0.230471 -0.052746
v -0.112993 -0.234151 -0.054986
v -0.113162 -0.404794 -0.145301
v -0.130198 -0.228912 -0.088018
v -0.130198 -0.228912 -0.088018
v -0.113925 -0.240985 -0.058753
v -0.112782 -0.245034 -0.060762
v -0.141522 -0.181140 -0.048661
v -0.120364 -0.271278 -0.073534
v -0.106015 -0.223612 -0.045071
v -0.104596 -0.221357 -0.041989
v -0.104596 -0.221357 -0.041989
v -0.115856 -0.229844 -0.052799
v -0.120478 -0.249682 -0.104405
v -0.105254 -0.222173 -0.043741
v -0.104672 -0.242981 -0.054671
v -0.138552 -0.314030 -0.036953
v -0.114402 -0.194310 -0.031723
v -0.115831 -0.202263 -0.036741
v -0.111436 -0.355032 -0.117478
v -0.104028 -0.231148 -0.063642
v -0.127147 -0.187394 -0.059700
v -0.102920 -0.235110 -0.064937
v -0.118219 -0.185679 -0.068205
v -0.117334 -0.244096 -0.058469
v -0.118590 -0.235106 -0.053384
v -0.113284 -0.209130 -0.039164
v -0.097681 -0.251464 -0.095820
v -0.094957 -0.226040 -0.052059
v -0.113076 -0.186975 -0.060105
v -0.085845 -0.244539 -0.083131
v -0.057424 -0.303115 -0.092666
v -0.119045 -0.333354 -0.107899
v -0.108462 -0.209708 -0.036328
v -0.108999 -0.209522 -0.037465
v -0.112209 -0.197770 -0.033160
v -0.112285 -0.194397 -0.031261
v -0.112583 -0.198914 -0.034457
v -0.116144 -0.214307 -0.045216
v -0.116144 -0.214307 -0.045216
v -0.117025 -0.213931 -0.045078
v -0.120860 -0.197610 -0.037614
v -0.120860 -0.197610 -0.037614
v -0.121565 -0.195280 -0.036767
v -0.121565 -0.195280 -0.036767
v -0.121566 -0.194881 -0.036488
v -0.132490 -0.194178 -0.066336
v -0.132490 -0.194178 -0.066336
v -0.108779 -0.200485 -0.031351
v -0.108897 -0.194890 -0.027764
v -0.108897 -0.194890 -0.027764
v -0.123758 -0.234689 -0.056318
v -0.125317 -0.223470 -0.049522
v -0.116097 -0.205859 -0.040792
v -0.115787 -0.201931 -0.038251
v -0.120350 -0.190445 -0.033811
v -0.131588 -0.196939 -0.068735
v -0.133013 -0.183002 -0.059594
v -0.117860 -0.207569 -0.041906
v -0.072845 -0.275346 -0.084991
v -0.127948 -0.201637 -0.073204
v -0.115000 -0.216212 -0.046044
v -0.132543 -0.184583 -0.061082
v -0.118910 -0.195559 -0.036364
v -0.115728 -0.193185 -0.032749
v -0.121949 -0.208160 -0.042434
v -0.123162 -0.200149 -0.037979
v -0.123162 -0.200149 -0.037979
v -0.076095 -0.273885 -0.115445
v -0.092604 -0.227891 -0.057081
v -0.118625 -0.187262 -0.030746
v -0.085879 -0.185161 -0.036943
v -0.083505 -0.192200 -0.040970
v -0.081846 -0.215885 -0.057057
v -0.094873 -0.193102 -0.025038
v -0.073249 -0.213907 -0.027110
v -0.105182 -0.292817 -0.066216
v -0.118082 -0.214616 -0.054889
v -0.119044 -0.221695 -0.052714
v -0.105036 -0.283572 -0.060855
v -0.078352 -0.221717 -0.052032
v -0.078341 -0.198697 -0.047833
v -0.081817 -0.189723 -0.045448
v -0.047784 -0.293642 -0.114870
v -0.056159 -0.267056 -0.049435
v -0.058422 -0.259682 -0.046571
v -0.104773 -0.277154 -0.058176
v -0.076785 -0.188818 -0.050479
v -0.107147 -0.183507 -0.037316

vn 0.006619 0.627947 -0.778228
vn 0.006619 0.627947 -0.778228
vn 0.947341 0.276695 -0.161198
vn 0.161940 -0.984766 0.063334
vn -0.588470 0.807511 0.040363
vn -0.816960 0.574769 0.047076
vn 0.981981 0.005956 0.188885
vn 0.455791 -0.833184 0.313143
vn 0.971626 -0.172261 -0.162077
vn 0.477031 -0.445186 0.757793
vn 0.844050 -0.223851 0.487309
vn 0.214500 -0.969259 0.120530
vn 0.245591 -0.684751 0.686149
vn 0.605013 -0.577281 0.548367
vn -0.402508 0.885185 0.233312
vn 0.815832 -0.060224 0.575145
vn 0.316858 0.082719 0.944859
vn 0.316858 0.082719 0.944859
vn 0.446163 -0.069013 0.892287
vn 0.930945 0.326946 0.162630
vn -0.597114 -0.313646 -0.738296
vn 0.907219 -0.132552 0.399228
vn 0.754847 0.325863 -0.569227
vn 0.037536 0.872015 0.488038
vn 0.208704 -0.720136 0.661700
vn -0.362662 0.478785 -0.799526
vn 0.806841 -0.087971 0.584181
vn 0.340279 -0.147594 0.928669
vn -0.349163 0.910735 -0.220562
vn 0.212974 -0.782253 -0.585424
vn 0.680637 -0.084545 0.727726
vn 0.680637 -0.084545 0.727726
vn 0.973577 -0.227822 -0.015629
vn 0.624258 0.293063 -0.724165
vn 0.571124 -0.081569 -0.816801
vn 0.877345 -0.015256 0.479618
vn 0.916087 -0.291729 0.275098
vn 0.759024 -0.133501 0.637228
vn 0.759024 -0.133501 0.637228
vn 0.548778 -0.024160 -0.835619
vn 0.694992 -0.682153 -0.227272
vn -0.056332 -0.035614 -0.997777
vn 0.122879 0.065758 0.990241
vn 0.122879 0.065758 0.990241
vn -0.528872 0.646498 0.549850
vn 0.586128 -0.695699 -0.415279
vn 0.723364 -0.319478 -0.612110
vn 0.593676 -0.239743 0.768161
vn 0.474838 0.643525 -0.600336
vn 0.891252 -0.424527 0.159518
vn 0.367096 0.334856 0.867820
vn 0.192086 0.492368 -0.848927
vn -0.088282 0.342401 -0.935397
vn -0.155549 -0.934737 -0.319486
vn 0.452917 0.760861 -0.464712
vn 0.226050 -0.660914 0.715608
vn 0.719374 -0.648270 -0.249492
vn 0.719374 -0.648270 -0.249492
vn -0.250833 0.401817 -0.880696
vn 0.501252 0.599439 0.624034
vn 0.890650 -0.397633 0.220522
vn 0.563767 -0.390920 -0.727563
vn 0.634780 -0.011921 -0.772601
vn 0.680579 -0.378194 0.627521
vn -0.056533 -0.576426 0.815191
vn 0.978478 -0.023545 -0.205004
vn 0.424955 -0.904958 0.021550
vn 0.759602 -0.618986 0.199651
vn -0.020596 0.420488 -0.907064
vn 0.620694 -0.606437 0.496963
vn 0.560732 0.539936 0.627733
vn 0.560732 0.539936 0.627733
vn 0.953773 -0.119850 -0.275596
vn -0.339843 -0.569461 0.748479
vn 0.850782 0.106690 -0.514574
vn 0.625250 -0.539969 0.563468
vn 0.858318 -0.467326 0.211891
vn 0.858318 -0.467326 0.211891
vn -0.056992 0.350773 -0.934725
vn 0.277562 -0.524736 0.804743
vn 0.311616 0.082870 0.946587
vn 0.655550 0.216687 -0.723396
vn 0.934867 0.269022 -0.231627
vn 0.953588 0.194500 -0.229868
vn 0.746055 -0.149618 -0.648858
vn 0.812134 0.469813 -0.345998
vn 0.249785 0.695480 0.673733
vn 0.344261 0.926655 -0.150979
vn 0.260027 0.004806 0.965589
vn -0.485859 0.254139 -0.836274
vn 0.577695 -0.185382 0.794923
vn -0.496275 0.255264 -0.829790
vn -0.654332 0.657364 0.373794
vn -0.340097 0.485186 -0.805561
vn -0.175508 0.401724 -0.898785
vn -0.175508 0.401724 -0.898785
vn -0.257917 0.271802 -0.927148
vn -0.274443 0.317476 -0.907684
vn 0.307768 0.782412 -0.541396
vn 0.861868 -0.093129 0.498508
vn -0.200436 -0.778226 -0.595138
vn -0.242001 0.353170 -0.903718
vn 0.355129 0.332138 -0.873824
vn -0.259159 0.311809 0.914118
vn 0.795415 0.041415 -0.604648
vn 0.856415 -0.209069 0.472063
vn -0.131274 0.393741 -0.909800
vn -0.279970 0.160338 -0.946525
vn -0.572896 -0.818073 -0.050473
vn -0.209299 0.012384 -0.977773
vn 0.594013 -0.581144 -0.556256
vn 0.538931 -0.456497 -0.707929
vn 0.280968 0.609982 -0.740931
vn 0.334033 -0.632290 0.699021
vn -0.572896 -0.818073 -0.050473
vn 0.659729 -0.169789 -0.732072
vn 0.372733 0.163753 -0.913375
vn 0.976404 -0.089788 -0.196401
vn 0.984876 -0.012568 -0.172806
vn 0.731941 0.242328 -0.636820
vn 0.773269 0.256561 -0.579855
vn 0.987058 0.089435 -0.133109
vn 0.248439 -0.209365 0.945751
vn 0.163532 0.937955 -0.305773
vn 0.036248 -0.959306 -0.280032
vn 0.930945 0.326946 0.162630
vn 0.940108 -0.275924 -0.200159
vn 0.770954 0.237414 -0.590986
vn 0.713680 -0.052375 -0.698511
vn 0.350033 0.456007 0.818251
vn 0.422192 0.021482 -0.906252
vn 0.907219 -0.132552 0.399228
vn 0.818606 0.385831 -0.425463
vn -0.361117 0.644124 0.674314
vn 0.163532 0.937955 -0.305773
vn -0.056255 -0.808095 -0.586359
vn 0.810754 0.210080 -0.546393
vn 0.930945 0.326946 0.162630
vn -0.361117 0.644124 0.674314
vn 0.597145 -0.555569 0.578585
vn -0.219176 -0.760801 0.610855
vn 0.755325 0.037159 0.654296
vn 0.577695 -0.185382 0.794923
vn -0.065127 0.299761 -0.951789
vn -0.962157 -0.180383 -0.204245
vn 0.108462 -0.500471 -0.858933
vn -0.698625 -0.070584 -0.711998
vn 0.562524 -0.195380 0.803364
vn -0.378492 0.018131 -0.925427
vn -0.065127 0.299761 -0.951789
vn 0.616567 -0.700406 -0.359550
vn 0.399562 -0.056328 0.914974
vn 0.644136 0.506047 -0.573590
vn 0.859957 -0.017145 0.510078
vn -0.112701 0.985905 0.123651
vn -0.699310 -0.581994 0.415029
vn 0.806841 -0.087971 0.584181
vn 0.265032 -0.630110 0.729877
vn 0.423698 -0.815450 0.394362
vn -0.236581 0.295123 -0.925706
vn 0.147812 0.542984 -0.826632
vn 0.146515 -0.979276 0.139828
vn -0.065127 0.299761 -0.951789
vn 0.574608 0.296709 -0.762751
vn 0.129119 0.754281 -0.643730
vn -0.498959 -0.857960 0.122249
vn 0.088223 -0.320962 0.942974
vn 0.713680 -0.052375 -0.698511
vn 0.266775 0.207000 0.941266
vn 0.950401 -0.279321 0.136812
vn 0.945283 -0.294247 -0.140918
vn 0.779668 -0.493391 0.385595
vn 0.944900 0.279161 0.170975
vn 0.577695 -0.185382 0.794923
vn 0.722490 -0.470367 0.506718
vn 0.722490 -0.470367 0.506718
vn 0.371948 -0.284014 0.883737
vn 0.907219 -0.132552 0.399228
vn 0.930945 0.326946 0.162630
vn 0.992073 0.071966 0.103018
vn 0.909290 0.342585 0.236277
vn 0.968806 -0.191849 0.156874
vn 0.634331 0.732794 0.246248
vn 0.262914 0.641241 -0.720893
vn 0.450446 -0.637230 0.625329
vn 0.866499 0.270746 0.419376
vn 0.767682 0.088961 0.634627
vn 0.168680 -0.703207 -0.690685
vn 0.907551 0.399910 0.128154
vn 0.907551 0.399910 0.128154
vn -0.160915 -0.589102 0.791875
vn 0.086960 0.369137 -0.925298
vn -0.063266 0.941206 -0.331855
vn -0.487969 0.683141 -0.543327
vn -0.089032 -0.926080 0.366674
vn -0.685129 0.020758 -0.728126
vn -0.065127 0.299761 -0.951789
vn 0.846429 -0.380047 0.372990
vn 0.914999 -0.396652 -0.073784
vn 0.914999 -0.396652 -0.073784
vn 0.466388 0.453040 -0.759761
vn 0.971794 -0.200303 -0.124478
vn 0.906876 -0.104109 0.408336
vn 0.944692 -0.085251 0.316685
vn 0.711283 -0.666057 0.224599
vn 0.843916 -0.036038 0.535264
vn 0.095147 0.995379 0.012944
vn 0.670931 -0.525860 0.522803
vn 0.201000 0.052264 0.978196
vn -0.871408 0.414105 -0.262994
vn 0.439254 0.128109 -0.889182
vn 0.359987 -0.853826 0.376018
vn 0.584553 -0.790059 0.184674
vn -0.147745 -0.168181 0.974621
vn 0.437115 -0.631475 0.640445
vn 0.952915 -0.240282 0.184978
vn -0.045879 -0.708122 0.704598
vn 0.165742 0.018890 0.985988
vn 0.876160 -0.154984 0.456425
vn 0.087746 -0.739447 0.667472
vn 0.101928 0.956826 0.272202
vn 0.815284 -0.222214 -0.534727
vn 0.053103 0.804014 0.592234
vn 0.659955 -0.750730 -0.029392
vn -0.013350 -0.011225 0.999848
vn 0.761245 -0.377205 0.527467
vn 0.660558 0.227497 0.715478
vn 0.660558 0.227497 0.715478
vn 0.033276 -0.996213 -0.080330
vn -0.124697 -0.196388 0.972565
vn 0.593231 -0.698868 0.399575
vn 0.634469 -0.636697 -0.438254
vn 0.627372 -0.778689 -0.006884
vn 0.735763 -0.379177 -0.561140
vn 0.063488 -0.516253 0.854080
vn 0.598236 -0.056091 0.799354
vn 0.492750 -0.254883 0.832005
vn 0.153133 -0.116955 0.981260
vn 0.153133 -0.116955 0.981260
vn 0.992854 -0.020172 -0.117617
vn -0.132474 0.634592 -0.761409
vn -0.121780 0.871162 0.475654
vn 0.082744 -0.705745 0.703618
vn 0.546880 -0.738921 0.393597
vn 0.692918 0.198652 -0.693111
vn 0.583567 -0.396286 -0.708807
vn 0.661497 -0.022973 0.749596
vn 0.262215 -0.285925 0.921678
vn 0.905110 -0.087448 0.416086
vn 0.572832 0.503359 0.646911
vn 0.030564 -0.044667 0.998534
vn 0.861354 -0.140077 0.488311
vn 0.861354 -0.140077 0.488311
vn 0.221002 -0.607815 0.762705
vn -0.414279 0.813767 -0.407622
vn 0.957213 -0.289323 0.005955
vn -0.299091 0.806957 0.509279
vn 0.245453 -0.496560 0.832575
vn 0.245453 -0.496560 0.832575
vn 0.891534 -0.211152 0.400726
vn 0.907534 -0.394559 -0.143892
vn 0.227153 0.929726 -0.289846
vn 0.092030 0.586666 -0.804582
vn 0.710162 -0.009460 -0.703975
vn 0.350512 0.212516 -0.912129
vn 0.792883 -0.137166 0.593736
vn 0.888793 -0.366564 -0.275095
vn -0.317918 -0.305147 0.897671
vn -0.317918 -0.305147 0.897671
vn -0.326706 -0.159966 0.931490
vn 0.302221 0.726518 -0.617118
vn -0.029988 -0.386315 0.921879
vn 0.190947 0.441834 -0.876540
vn -0.161993 -0.486727 0.858402
vn -0.388286 0.332831 -0.859335
vn -0.317918 -0.305147 0.897671
vn 0.085907 0.564783 -0.820756
vn 0.073564 -0.159071 0.984523
vn 0.382415 0.731765 -0.564163
vn 0.382415 0.731765 -0.564163
vn -0.265139 -0.270696 0.925432
vn -0.033217 -0.496978 0.867127
vn 0.023071 0.781705 -0.623222
vn 0.096137 0.557533 -0.824569
vn 0.957893 -0.227068 -0.175732
vn 0.106592 -0.512564 0.852007
vn 0.225632 -0.081086 0.970832
vn 0.967263 0.035451 0.251288
vn 0.268558 0.536471 -0.800047
vn 0.536624 -0.630046 0.561316
vn 0.317471 -0.655096 -0.685610
vn 0.317471 -0.655096 -0.685610
vn 0.972221 0.214087 0.094618
vn 0.134680 0.116311 -0.984039
vn -0.441019 0.832319 -0.335779
vn -0.204933 0.757295 -0.620085
vn 0.849406 0.046594 0.525679
vn 0.808950 -0.550555 0.206129
vn 0.760820 -0.488783 -0.426900
vn 0.760820 -0.488783 -0.426900
vn 0.894929 -0.159585 0.416696
vn 0.621077 -0.221553 0.751783
vn -0.140976 0.944504 0.296711
vn 0.750651 -0.171843 0.637961
vn 0.407011 -0.449496 0.795171
vn 0.659422 -0.375352 0.651362
vn 0.678316 0.282334 -0.678362
vn -0.052534 0.084422 -0.995044
vn 0.899070 -0.021913 0.437256
vn -0.030444 0.397729 -0.916998
vn 0.899070 -0.021913 0.437256
vn 0.179170 -0.554016 0.812997
vn 0.550337 -0.610093 0.570013
vn 0.590007 0.750023 0.298927
vn 0.234687 0.744676 -0.624803
vn 0.218590 0.846220 -0.485933
vn 0.599223 0.548379 -0.583277
vn 0.624705 0.760430 -0.177454
vn -0.065791 0.467289 0.881653
vn 0.624705 0.760430 -0.177454
vn 0.640900 -0.723267 -0.257160
vn 0.972212 0.231187 0.036835
vn 0.577387 -0.551273 0.602264
vn 0.833971 -0.311063 0.455777
vn 0.963758 -0.256012 0.075027
vn 0.264871 -0.075626 0.961314
vn 0.436607 0.397166 0.807239
vn 0.466244 -0.602669 0.647616
vn 0.469066 -0.524805 0.710322
vn 0.184702 0.480288 -0.857443
vn 0.899704 0.051257 -0.433481
vn 0.651210 -0.199905 0.732095
vn 0.857017 -0.366609 0.362105
vn 0.480106 -0.529492 0.699383
vn 0.759042 0.424301 -0.493786
vn 0.744054 0.226202 -0.628662
vn 0.899744 -0.089051 0.427236
vn 0.991738 -0.127099 0.017346
vn 0.092062 -0.814387 0.572973
vn 0.305396 -0.290982 0.906677
vn 0.139231 -0.429020 0.892500
vn 0.129067 0.374769 -0.918090
vn 0.902427 -0.430832 -0.003123
vn -0.120834 0.577070 -0.807706
vn 0.190947 0.441834 -0.876540
vn -0.092062 0.814387 -0.572973
vn -0.459614 -0.695376 0.552456
vn -0.081066 -0.863713 -0.497421
vn 0.283723 -0.662823 0.692941
vn 0.875774 0.280626 0.392771
vn 0.901120 0.246879 0.356416
vn 0.901120 0.246879 0.356416
vn 0.480160 -0.856319 0.190167
vn 0.848137 -0.474744 0.235119
vn -0.480160 0.856319 -0.190167
vn 0.732548 -0.612785 -0.296427
vn 0.732548 -0.612785 -0.296427
vn 0.852957 0.500474 -0.148291
vn 0.623377 -0.521112 0.582961
vn -0.221729 -0.120270 0.967663
vn 0.948133 -0.307725 0.079679
vn 0.307028 -0.634960 0.708914
vn 0.619098 -0.694286 0.366993
vn 0.670171 -0.484104 0.562596
vn 0.922726 0.224584 -0.313270
vn 0.588952 -0.594813 0.547113
vn -0.196874 0.903065 -0.381726
vn 0.972050 0.225975 -0.063670
vn 0.805611 0.577964 0.130188
vn 0.628483 -0.482590 -0.610013
vn 0.628483 -0.482590 -0.610013
vn 0.133874 0.316630 -0.939054
vn 0.197427 0.594839 -0.779223
vn 0.619098 -0.694286 0.366993
vn 0.619098 -0.694286 0.366993
vn 0.537589 -0.701781 0.467441
vn 0.715631 -0.376021 0.588626
vn -0.119053 -0.726357 0.676928
vn 0.664598 -0.435572 0.607113
vn 0.491867 -0.592197 0.638255
vn 0.748524 -0.492329 0.444212
vn 0.451283 -0.572645 0.684413
vn 0.608808 -0.111468 -0.785448
vn 0.120703 0.318880 -0.940078
vn 0.302469 -0.451616 0.839378
vn 0.718663 -0.691964 0.068626
vn 0.239745 0.013388 -0.970744
vn 0.376120 -0.437152 0.816965
vn 0.798147 -0.044390 0.600825
vn 0.070473 -0.552464 0.830553
vn -0.004591 -0.510131 0.860085
vn 0.079408 -0.847395 0.524991
vn -0.403213 -0.571989 0.714316
vn 0.622452 0.450793 -0.639796
vn 0.341146 -0.539564 0.769734
vn 0.959283 -0.211602 -0.187083
vn 0.471422 -0.860422 -0.193483
vn 0.945809 -0.324184 -0.018683
vn 0.038565 -0.993860 -0.103704
vn 0.354794 0.900946 -0.249833
vn 0.934902 0.251208 0.250703
vn 0.765310 0.085437 -0.637966
vn 0.335284 -0.474943 0.813642
vn 0.341146 -0.539564 0.769734
vn 0.341146 -0.539564 0.769734
vn 0.021356 0.819495 0.572688
vn 0.185178 -0.707869 0.681639
vn 0.744058 -0.451629 0.492350
vn 0.744058 -0.451629 0.492350
vn 0.870940 -0.402614 0.281717
vn 0.870940 -0.402614 0.281717
vn 0.335979 -0.229191 -0.913559
vn 0.999567 0.022042 -0.019500
vn 0.999567 0.022042 -0.019500
vn 0.951524 0.204142 -0.230063
vn 0.816655 -0.447077 -0.364962
vn 0.338336 0.440682 -0.831461
vn 0.510411 0.364605 -0.778809
vn 0.816074 -0.553436 -0.166527
vn 0.517805 0.706661 -0.482191
vn 0.913555 0.192945 -0.358035
vn 0.533822 0.422253 -0.732623
vn 0.588952 -0.594813 0.547113
vn 0.717886 -0.544174 0.434183
vn 0.734683 -0.459944 0.498690
vn 0.739289 -0.412237 0.532458
vn -0.210474 0.375652 -0.902544
vn 0.630813 0.181070 -0.754512
vn -0.225013 0.285005 -0.931741
vn -0.333041 -0.830649 -0.446213
vn 0.533822 0.422253 -0.732623
vn 0.637450 -0.559264 0.529983
vn 0.688425 -0.302294 0.659310
vn 0.607638 -0.598532 0.522050
vn 0.913555 0.192945 -0.358035
vn 0.425769 -0.738995 0.522118
vn 0.427209 0.715610 0.552625
vn 0.657152 -0.654350 0.374134
vn -0.254778 0.215561 0.942667
vn -0.254778 0.215561 0.942667
vn 0.985927 0.131694 -0.102975
vn 0.329685 -0.417693 0.846664
vn 0.661188 -0.695014 0.282464
vn 0.957619 0.121479 0.261168
vn 0.957619 0.121479 0.261168
vn 0.425755 -0.554701 0.714870
vn 0.957619 0.121479 0.261168
vn 0.826404 0.505145 0.248768
vn 0.758937 -0.504180 0.412088
vn 0.881184 0.472708 0.007844
vn 0.976375 0.076118 -0.202234
vn 0.968771 0.010062 -0.247754
vn 0.912501 -0.408713 -0.017198
vn 0.898239 0.374234 -0.230468
vn 0.727612 -0.027553 0.685436
vn 0.926304 -0.322674 0.194531
vn 0.590911 -0.169922 0.788639
vn 0.349267 0.192313 -0.917076
vn 0.482002 -0.529936 0.697741
vn 0.266528 -0.534365 0.802133
vn 0.179952 -0.333653 0.925361
vn 0.179952 -0.333653 0.925361
vn 0.738017 -0.591908 0.323999
vn 0.437863 -0.527374 0.728116
vn 0.566662 -0.347412 0.747127
vn -0.441567 0.886648 0.137381
vn 0.336797 0.266780 0.902993
vn 0.621371 -0.388769 0.680262
vn 0.967842 -0.201092 0.151144
vn 0.478323 -0.738053 0.475904
vn 0.115004 -0.480720 0.869300
vn 0.566662 -0.347412 0.747127
vn -0.134826 0.378550 -0.915709
vn 0.298762 -0.620887 0.724735
vn 0.969532 -0.236008 0.065641
vn 0.256132 -0.439891 0.860751
vn 0.334153 0.669964 -0.662940
vn 0.451283 -0.572645 0.684413
vn 0.604389 -0.764508 -0.224146
vn 0.944286 -0.183467 -0.273246
vn 0.944286 -0.183467 -0.273246
vn 0.459772 -0.589289 0.664340
vn 0.280670 -0.723837 0.630305
vn 0.972050 0.225975 -0.063670
vn 0.353239 -0.820819 0.448863
vn 0.353239 -0.820819 0.448863
vn 0.855931 -0.442546 0.267459
vn 0.223306 -0.079065 0.971536
vn 0.147311 0.060115 0.987262
vn 0.651210 -0.199905 0.732095
vn 0.737103 -0.618323 -0.272683
vn 0.958856 0.228369 0.168651
vn 0.902407 -0.230941 0.363768
vn 0.906319 0.031818 0.421394
vn 0.838257 -0.367833 0.402522
vn 0.838257 -0.367833 0.402522
vn 0.624705 0.760430 -0.177454
vn 0.386368 -0.922221 0.015104
vn 0.608808 -0.111468 -0.785448
vn 0.697393 0.456897 -0.552167
vn 0.697393 0.456897 -0.552167
vn 0.859982 -0.187204 -0.474749
vn 0.859982 -0.187204 -0.474749
vn 0.062362 -0.781279 0.621059
vn 0.943285 -0.331112 -0.024036
vn 0.943285 -0.331112 -0.024036
vn -0.151549 -0.450820 0.879656
vn 0.130470 -0.401232 -0.906637
vn 0.790176 -0.608097 -0.076419
vn 0.565019 -0.777208 0.276951
vn 0.062362 -0.781279 0.621059
vn 0.925102 0.377680 0.039290
vn 0.057787 -0.966636 0.249549
vn 0.667808 -0.533192 0.519363
vn -0.175330 0.316859 -0.932127
vn 0.735434 -0.637583 0.229401
vn 0.367099 -0.548250 0.751438
vn 0.667808 -0.533192 0.519363
vn 0.994113 -0.108314 0.002792
vn 0.784248 -0.217683 0.581008
vn 0.948924 -0.221052 -0.225120
vn 0.762232 -0.426195 0.487196
vn 0.211886 -0.584525 0.783221
vn 0.930630 -0.350491 0.105281
vn 0.691805 0.685166 -0.227933
vn 0.867516 -0.230135 -0.440970
vn 0.576663 -0.731719 -0.363384
vn -0.397227 0.131857 -0.908198
vn 0.306593 -0.401672 0.862937
vn 0.459772 -0.589289 0.664340
vn 0.621371 -0.388769 0.680262
vn 0.422678 -0.461540 0.779951
vn 0.432733 -0.537355 0.723873
vn 0.234768 0.439421 -0.867060
vn 0.123655 -0.703149 0.700208
vn -0.251893 0.440507 0.861687
vn 0.965613 -0.218831 0.140374
vn 0.507445 -0.119666 0.853334
vn -0.087692 0.891302 0.444848
vn 0.477280 -0.087840 -0.874350
vn 0.241661 -0.949245 -0.201330
vn 0.938666 -0.344530 0.014334
vn -0.377215 -0.279447 -0.882960
vn 0.351150 -0.652174 0.671836
vn 0.318394 -0.035292 0.947301
vn 0.424804 -0.476135 0.769959
vn 0.670360 0.306040 -0.675986
vn 0.017516 -0.999541 -0.024718
vn 0.005967 -0.980488 0.196486
vn -0.099016 -0.903406 0.417197
vn 0.172135 -0.285879 0.942678
vn 0.046031 0.315687 -0.947746
vn 0.747030 -0.362970 0.556955
vn 0.607090 0.138866 0.782405
vn 0.999379 -0.029273 0.019601
vn 0.995908 0.075403 0.049821
vn 0.111381 -0.554684 0.824573
vn 0.257561 -0.528723 0.808774
vn 0.302658 -0.659500 0.688083
vn 0.199072 -0.602457 0.772927
vn 0.123185 -0.508588 0.852153
vn -0.233579 0.261213 -0.936594
vn -0.122811 0.989034 0.082030
vn -0.122811 0.989034 0.082030
vn 0.903393 0.029434 0.427802
vn 0.207234 -0.449904 0.868700
vn 0.365751 -0.494971 0.788182
vn 0.365751 -0.494971 0.788182
vn 0.111949 0.865988 -0.487373
vn 0.885253 -0.460142 0.067797
vn 0.409351 0.177810 0.894883
vn 0.696353 -0.213561 0.685189
vn -0.144385 -0.989065 0.030044
vn 0.702873 0.020497 -0.711020
vn 0.452311 -0.843095 -0.290869
vn 0.594086 0.122802 0.794973
vn 0.307937 -0.883829 0.352166
vn 0.724806 0.050421 -0.687106
vn 0.683103 -0.001306 0.730321
vn 0.201717 -0.954770 0.218459
vn 0.769410 -0.172085 0.615138
vn 0.123628 -0.797538 0.590466
vn 0.334422 -0.520310 0.785773
vn -0.111346 0.312541 -0.943356
vn 0.644327 -0.704875 0.296638
vn -0.171760 -0.503366 0.846830
vn -0.230030 0.822267 0.520542
vn 0.919755 -0.392458 -0.005175
vn -0.043306 0.679467 -0.732427
vn -0.043306 0.679467 -0.732427
vn 0.919755 -0.392458 -0.005175
vn 0.601263 -0.797006 0.057130
vn -0.442009 0.551813 0.707199
vn -0.442009 0.551813 0.707199
vn 0.803290 0.164657 0.572375
vn 0.899008 -0.031882 -0.436770
vn 0.877895 0.473986 0.068093
vn 0.748016 -0.203402 -0.631743
vn 0.379090 -0.821369 0.426197
vn 0.032098 -0.755737 0.654088
vn 0.032098 -0.755737 0.654088
vn 0.575488 -0.514918 0.635353
vn 0.721545 -0.629731 0.287771
vn 0.721545 -0.629731 0.287771
vn 0.614800 -0.596474 0.515984
vn 0.614800 -0.596474 0.515984
vn 0.210961 -0.349721 0.912793
vn -0.029693 0.665291 -0.745994
vn 0.134577 -0.637877 0.758289
vn 0.347043 -0.398582 0.848937
vn 0.224502 -0.349039 0.909819
vn -0.167285 -0.492822 0.853898
vn 0.972128 0.195077 0.130049
vn 0.572832 0.503358 0.646911
vn 0.572832 0.503358 0.646911
vn 0.481425 0.311714 0.819185
vn 0.977250 -0.164083 -0.134384
vn 0.886116 0.413488 -0.209350
vn -0.474464 -0.316276 0.821495
vn 0.783212 -0.621139 -0.027659
vn 0.628833 -0.174288 0.757755
vn -0.188319 -0.517080 0.834964
vn 0.030956 0.473332 -0.880340
vn 0.743438 -0.402330 0.534256
vn 0.419862 -0.541243 0.728541
vn 0.930231 -0.261132 0.257836
vn 0.819135 -0.203022 0.536470
vn 0.815110 -0.171317 0.553396
vn 0.689256 -0.170633 0.704139
vn 0.909752 -0.063277 -0.410302
vn 0.908528 -0.274495 0.315007
vn 0.964488 -0.033168 0.262037
vn 0.964488 -0.033168 0.262037
vn 0.980730 -0.114950 0.157973
vn 0.959518 -0.270907 -0.077031
vn 0.959518 -0.270907 -0.077031
vn 0.959518 -0.270907 -0.077031
vn 0.772377 -0.147983 0.617684
vn 0.772377 -0.147983 0.617684
vn -0.099892 -0.965765 -0.239416
vn -0.014085 -0.424954 -0.905105
vn 0.732530 0.313653 -0.604171
vn 0.732530 0.313653 -0.604171
vn 0.371619 -0.925946 -0.067252
vn 0.594217 0.768411 0.237595
vn 0.594217 0.768411 0.237595
vn 0.375874 0.374576 -0.847592
vn 0.075682 -0.667023 0.741183
vn 0.648484 -0.314649 0.693155
vn 0.126659 -0.720004 0.682314
vn 0.398486 -0.458715 0.794223
vn 0.237589 -0.672591 0.700837
vn 0.387891 -0.885790 0.254789
vn -0.075251 0.033884 -0.996589
vn -0.075251 0.033884 -0.996589
vn 0.366769 -0.510379 0.777813
vn 0.804474 0.117189 0.582314
vn 0.979465 -0.185237 -0.079592
vn 0.641222 -0.276659 0.715747
vn 0.815724 -0.142565 0.560597
vn 0.712602 -0.021886 0.701227
vn 0.712602 -0.021886 0.701227
vn 0.559545 0.090289 0.823867
vn 0.405577 0.249107 0.879462
vn 0.726215 -0.675035 -0.130152
vn 0.449139 0.780582 -0.434701
vn 0.051899 0.656169 -0.752827
vn 0.051899 0.656169 -0.752827
vn 0.894852 -0.389772 0.217528
vn 0.919628 -0.304773 0.247785
vn 0.799268 -0.427340 0.422553
vn 0.447958 -0.889599 -0.089149
vn 0.769368 0.020215 0.638485
vn 0.952534 -0.018706 -0.303857
vn 0.711962 -0.290005 -0.639537
vn 0.609550 0.314009 -0.727906
vn -0.314812 0.604340 0.731893
vn -0.314812 0.604340 0.731893
vn -0.222717 0.117672 -0.967755
vn -0.648374 -0.700953 -0.297111
vn 0.104283 -0.521963 0.846569
vn 0.104283 -0.521963 0.846569
vn 0.238138 -0.582654 0.777048
vn 0.108604 -0.638637 0.761805
vn 0.730405 -0.173670 -0.660566
vn 0.170238 -0.505552 0.845835
vn 0.170238 -0.505552 0.845835
vn 0.981488 0.179491 0.066810
vn 0.859827 0.205457 0.467424
vn 0.716391 0.267547 0.644362
vn 0.619450 -0.503030 0.602696
vn 0.396410 -0.400686 0.826021
vn 0.475072 -0.331269 0.815210
vn 0.979261 0.121592 0.162059
vn -0.383292 0.914487 -0.129621
vn -0.199994 -0.163223 -0.966106
vn -0.604058 -0.355986 -0.713013
vn 0.245591 -0.684751 0.686149
vn 0.516587 -0.804374 0.293461
vn -0.178962 -0.500445 0.847070
vn 0.743438 -0.402330 0.534256
vn 0.085431 -0.626855 0.774438
vn 0.670851 -0.679836 0.296282
vn 0.565337 0.221455 -0.794577
vn -0.033953 -0.561398 0.826849
vn 0.798649 -0.557658 -0.226225
vn 0.036352 -0.555571 0.830674
vn 0.369740 -0.805071 0.463846
vn 0.350417 -0.168707 -0.921274
vn 0.694400 -0.560639 0.451102
vn 0.230342 -0.955311 -0.185266
vn 0.634148 -0.132237 0.761820
vn 0.731765 0.016031 0.681369
vn -0.544434 -0.300748 0.783034
vn -0.544434 -0.300748 0.783034
vn 0.680735 -0.593578 0.429261
vn 0.041848 -0.756132 0.653080
vn 0.544434 0.300748 -0.783034
vn 0.938553 0.296529 0.176604
vn 0.677628 -0.511640 0.528247
vn 0.968541 0.090635 -0.231762
vn 0.546034 -0.699126 0.461595
vn 0.990402 0.109550 0.084282
vn 0.634190 0.535171 -0.558027
vn 0.804818 -0.423438 0.415895
vn 0.804818 -0.423438 0.415895
vn 0.924785 0.321729 0.203132
vn 0.674148 -0.737463 0.040901
vn -0.374604 0.197441 -0.905919
vn 0.312181 0.758115 -0.572543
vn 0.911490 0.145347 0.384787
vn 0.684640 -0.006306 0.728854
vn 0.715255 -0.618486 0.325399
vn 0.398010 0.215463 0.891720
vn 0.895425 0.088252 -0.436377
vn 0.736605 -0.651964 0.179878
vn 0.659955 -0.665670 -0.348344
vn 0.659955 -0.665670 -0.348344
vn -0.192280 -0.513645 0.836180
vn 0.847846 0.233735 -0.475946
vn 0.915140 -0.394435 0.083306
vn 0.766285 -0.262737 0.586325
vn 0.919262 0.356294 -0.167368
vn 0.759265 -0.598800 0.254864
vn 0.759265 -0.598800 0.254864
vn -0.728561 -0.636942 -0.251999
vn 0.759140 0.391960 0.519686
vn 0.528474 0.481819 0.698975
vn 0.528474 0.481819 0.698975
vn 0.171148 0.436827 -0.883114
vn 0.133622 0.460219 -0.877692
vn 0.833538 -0.146070 0.532802
vn 0.517897 0.723910 -0.455782
vn 0.276364 0.528142 -0.802926
vn 0.361720 0.851080 -0.380554
vn 0.897451 -0.417025 0.143776
vn 0.635538 -0.572519 0.517990
vn 0.665982 -0.674249 0.319149
vn 0.589552 0.402579 0.700256
vn 0.506131 -0.725657 0.466105
vn -0.737224 -0.667989 -0.101450
vn -0.737224 -0.667989 -0.101450
vn 0.407636 -0.635289 -0.655927
vn 0.649101 0.356609 0.671936
vn 0.299292 -0.953326 0.039921
vn 0.766728 -0.575433 0.284615
vn 0.844440 -0.420673 0.331596
vn 0.817277 -0.520529 0.247201
vn 0.620957 0.210775 -0.754975
vn 0.506131 -0.725657 0.466105
vn 0.545158 0.622138 0.561913
vn 0.008213 -0.562026 0.827079
vn 0.596579 0.274698 0.754078
vn 0.350818 -0.788087 0.505813
vn -0.167661 -0.956562 -0.238492
vn 0.591218 0.098794 -0.800438
vn 0.591218 0.098794 -0.800438
vn 0.941952 -0.227137 -0.247254
vn -0.101777 -0.599790 0.793658
vn 0.715769 0.628324 0.304770
vn -0.905394 0.210482 -0.368727
vn -0.059745 -0.667447 0.742257
vn 0.080791 -0.459876 0.884300
vn 0.484559 -0.865352 0.127936
vn 0.079431 -0.208842 0.974718
vn 0.975138 0.026015 0.220067
vn -0.102483 0.196332 -0.975167
vn 0.727612 -0.027553 0.685436
vn -0.172058 -0.945890 -0.275115
vn -0.215090 -0.273945 0.937385
vn 0.792024 0.468299 0.391655
vn 0.721325 -0.366217 0.587857
vn 0.581512 0.401185 0.707739
vn 0.139537 -0.377792 0.915315
vn -0.085622 -0.688029 0.720615
vn 0.513754 -0.739243 0.435403
vn -0.393865 -0.753424 0.526519
vn 0.596368 0.598088 -0.535384
vn 0.367654 -0.580150 0.726812
vn 0.757229 -0.018839 0.652878
vn 0.777802 0.020752 0.628167
vn 0.525786 -0.840331 0.131878
vn -0.256322 -0.337102 0.905904
vn -0.256322 -0.337102 0.905904
vn -0.071560 -0.749470 0.658160
vn 0.757229 -0.018839 0.652878
vn 0.727535 0.335609 -0.598380
vn 0.979149 0.105316 0.173714
vn 0.555449 -0.721839 0.412826
vn 0.510816 -0.841227 0.177212
vn 0.498657 -0.854548 0.145218
vn -0.528681 -0.648807 0.547308
vn 0.980558 -0.195920 -0.011008
vn 0.734170 0.616143 0.285241
vn 0.751997 -0.426568 0.502534
vn 0.714704 -0.662251 0.224993
vn -0.061446 -0.613255 0.787492
vn -0.019885 -0.612092 0.790536
vn 0.327404 -0.834409 0.443361
vn -0.358039 -0.597127 0.717808
vn 0.250563 -0.748769 0.613647
vn 0.044026 -0.338624 0.939891
vn 0.405785 -0.570226 0.714270
vn 0.302658 -0.659500 0.688083
vn -0.690306 -0.669561 0.274165
vn 0.035603 -0.880352 -0.472984
vn 0.993605 -0.088310 0.070353
vn 0.870432 -0.203263 0.448367
vn -0.233449 -0.950864 -0.203370
vn 0.779910 -0.584712 0.223278
vn -0.062451 -0.374289 0.925207
vn -0.012844 0.912470 0.408941
vn 0.384872 -0.646908 0.658319
vn 0.384872 -0.646908 0.658319
vn -0.232826 0.429425 0.872575
vn 0.576612 0.816250 0.035423
vn 0.988636 -0.150134 0.007611
vn 0.318695 0.717788 0.619043
vn 0.348117 -0.796577 0.494247
vn 0.513098 -0.559055 0.651297
vn 0.266016 -0.585658 0.765663
vn -0.591119 -0.521940 0.614944
vn -0.591119 -0.521940 0.614944
vn -0.749561 -0.320830 0.578987
vn 0.136238 -0.523898 0.840815
vn 0.531097 -0.258111 0.807040
vn 0.500349 -0.345856 0.793747
vn 0.024729 -0.523431 0.851709
vn 0.328020 -0.515282 0.791762
vn 0.193972 -0.852654 0.485136
vn 0.482474 -0.872787 -0.073898
vn 0.385049 -0.477117 0.789998
vn 0.071185 -0.441481 0.894442
vn 0.095483 -0.578364 0.810172
vn -0.544234 -0.496831 0.675994
vn -0.544234 -0.496831 0.675994
vn 0.177678 0.843079 -0.507591
vn 0.265948 0.841042 0.471084
vn -0.990143 0.092184 0.105448
vn -0.990143 0.092184 0.105448
vn 0.137119 -0.417003 0.898502
vn -0.745609 -0.662783 0.069189
vn 0.343733 -0.348622 0.871958
vn -0.252174 -0.756649 0.603233
vn 0.253191 -0.537641 0.804262
vn -0.099908 -0.822411 0.560052
vn -0.191166 -0.939841 0.283114
vn 0.058894 -0.947506 -0.314267
vn 0.041886 -0.515294 0.855989
vn -0.523731 0.602537 0.602209
vn 0.173243 -0.590267 0.788398
vn 0.328331 0.725091 -0.605345
vn -0.300085 -0.855840 0.421293
vn 0.273198 -0.487589 0.829228
vn -0.068177 -0.585356 0.807905
vn -0.068177 -0.585356 0.807905
vn 0.058715 -0.608374 0.791476
vn -0.141672 -0.572508 0.807566
vn -0.141672 -0.572508 0.807566
vn -0.517470 -0.732213 0.442820
vn 0.854250 0.053797 0.517072
vn 0.269977 -0.254901 0.928514
vn 0.301565 -0.602275 0.739137
vn -0.456497 -0.320953 0.829819
vn 0.249244 -0.364861 -0.897081
vn -0.286348 -0.657167 0.697235
vn 0.740791 -0.050249 -0.669853
vn -0.440965 -0.287861 0.850110
vn -0.667166 -0.563305 0.487418
vn -0.300085 -0.855840 0.421293
vn 0.220117 -0.737517 0.638449
vn -0.998043 0.029994 -0.054877
vn 0.297846 -0.732501 0.612152
vn -0.013635 -0.860109 0.509928
vn -0.013635 -0.860109 0.509928
vn 0.025845 -0.761872 0.647211
vn -0.034040 -0.360966 0.931957
vn -0.845641 -0.085785 0.526813
vn -0.845641 -0.085785 0.526813
vn -0.663739 -0.388094 0.639401
vn -0.116603 -0.876109 0.467800
vn -0.749561 -0.320830 0.578987
vn 0.179770 -0.710200 0.680660
vn 0.098888 -0.608651 0.787252
vn -0.682362 -0.608048 0.405782
vn -0.013399 -0.996577 -0.081574
vn -0.013399 -0.996577 -0.081574
vn -0.030660 -0.389752 0.920409
vn 0.058715 -0.608374 0.791476
vn -0.599190 -0.473604 0.645501
vn 0.109673 -0.049718 0.992724
vn 0.355081 -0.051244 -0.933430
vn 0.216065 -0.549078 0.807359
vn 0.171747 -0.407211 -0.897041
vn -0.117084 -0.409216 0.904894
vn 0.120173 -0.551037 0.825782
vn -0.267281 -0.593504 0.759153
vn -0.776161 -0.247454 0.579948
vn -0.456399 -0.103035 0.883789
vn -0.456399 -0.103035 0.883789
vn -0.055475 -0.264537 0.962779
vn -0.055475 -0.264537 0.962779
vn -0.274792 -0.401069 0.873861
vn -0.494631 -0.462402 0.735883
vn -0.494631 -0.462402 0.735883
vn 0.374022 0.289165 0.881187
vn -0.166649 0.504723 -0.847043
vn -0.325598 -0.750168 0.575529
vn -0.430081 -0.273325 0.860420
vn -0.359441 -0.631277 0.687235
vn -0.629973 -0.630898 0.452881
vn 0.928003 0.232387 0.291216
vn -0.053202 -0.728221 -0.683275
vn 0.060520 -0.585409 0.808476
vn -0.616543 -0.771793 0.155595
vn 0.083967 -0.647086 0.757779
vn -0.842473 0.452057 0.293059
vn -0.842473 0.452057 0.293059
vn -0.554158 -0.539005 0.634336
vn -0.554158 -0.539005 0.634336
vn -0.269244 -0.461006 0.845566
vn -0.778389 0.388313 -0.493279
vn -0.778389 0.388313 -0.493279
vn -0.192629 -0.402203 0.895057
vn -0.266731 -0.414381 0.870140
vn -0.584958 -0.628934 0.512119
vn -0.998149 0.059647 0.011850
vn -0.628917 -0.663713 0.404906
vn -0.886392 -0.089936 0.454115
vn -0.779380 -0.596294 0.192354
vn -0.764398 0.640724 0.071886
vn 0.123013 -0.386948 0.913859
vn 0.123013 -0.386948 0.913859
vn 0.303446 0.942614 -0.139281
vn -0.384297 -0.922009 0.047067
vn 0.576766 0.318113 0.752426
vn 0.576766 0.318113 0.752426
vn -0.521805 -0.245050 0.817111
vn -0.479754 -0.209859 0.851937
vn -0.487214 -0.709709 0.508858
vn -0.471616 -0.598451 0.647638
vn 0.180853 -0.501391 0.846108
vn 0.180853 -0.501391 0.846108
vn 0.366158 0.768283 0.525042
vn 0.366158 0.768283 0.525042
vn -0.222227 -0.796936 0.561701
vn -0.222227 -0.796936 0.561701
vn -0.515706 -0.628785 0.581959
vn -0.132743 -0.552283 0.823021
vn -0.725657 0.487883 -0.485173
vn -0.991970 -0.089193 -0.089669
vn 0.366158 0.768283 0.525042
vn -0.515706 -0.628785 0.581959
vn 0.435622 -0.734227 -0.520716
vn -0.969265 0.053449 -0.240143
vn -0.954190 0.293483 0.058220
vn 0.003387 0.133909 0.990988
vn 0.137119 -0.417003 0.898502
vn 0.137119 -0.417003 0.898502
vn 0.136347 -0.354223 0.925168
vn 0.003111 -0.249141 0.968462
vn -0.545333 -0.578617 0.606477
vn 0.263761 0.949310 -0.171000
vn 0.018225 -0.535668 0.844232
vn 0.000968 -0.906813 0.421531
vn 0.000968 -0.906813 0.421531
vn -0.147566 -0.967963 0.203156
vn -0.040683 -0.672034 0.739402
vn -0.160265 -0.664467 0.729931
vn 0.631456 -0.337609 0.698057
vn 0.631456 -0.337609 0.698057
vn -0.565329 0.641471 -0.518573
vn 0.287798 0.942844 -0.167978
vn -0.252174 -0.756649 0.603233
vn -0.442776 0.548256 -0.709482
vn -0.490622 -0.275069 0.826818
vn -0.577274 -0.246429 0.778478
vn -0.305484 -0.534068 0.788322
vn 0.237672 -0.866800 -0.438371
vn 0.373083 -0.722621 0.581918
vn -0.280698 -0.603214 0.746553
vn 0.784499 -0.246397 0.569077
vn 0.288276 -0.520723 0.803582
vn -0.270750 -0.552415 0.788373
vn -0.614394 -0.510110 0.601920
vn 0.083339 -0.374449 0.923495
vn 0.976519 -0.191646 -0.098402
vn 0.300416 -0.356505 0.884678
vn -0.141800 -0.580059 0.802137
vn -0.097435 -0.704167 0.703317
vn -0.097435 -0.704167 0.703317
vn -0.145069 -0.554066 0.819735
vn 0.424955 -0.904958 0.021550
vn 0.424955 -0.904958 0.021550
vn 0.424955 -0.904958 0.021550
vn -0.556295 -0.544793 0.627484
vn -0.505039 -0.505699 0.699431
vn -0.673491 -0.253902 0.694222
vn -0.507717 0.851619 -0.130260
vn -0.507717 0.851619 -0.130260
vn -0.965118 0.260401 0.027192
vn -0.965118 0.260401 0.027192
vn -0.382110 -0.771920 0.508066
vn -0.244296 -0.507662 0.826195
vn -0.066983 -0.219562 0.973296
vn -0.832441 -0.489828 -0.259059
vn -0.082843 0.163498 -0.983059
vn -0.192517 -0.980135 -0.047679
vn -0.093099 -0.421070 0.902237
vn -0.137767 -0.701906 -0.698820
vn 0.002765 0.406546 0.913626
vn -0.436483 -0.291767 0.851090
vn -0.111648 -0.771582 0.626256
vn -0.598183 -0.626826 0.499266
vn -0.769931 0.587872 -0.248220
vn -0.532915 -0.716214 0.450599
vn -0.494625 -0.829540 -0.259247
vn 0.624912 -0.384600 0.679388
vn 0.347043 -0.398582 0.848937
vn 0.366612 -0.518959 0.772190
vn 0.109741 -0.752122 0.649822
vn -0.929304 0.217744 -0.298298
vn -0.929304 0.217744 -0.298298
vn -0.467437 0.020529 0.883788
vn -0.467437 0.020529 0.883788
vn -0.473195 -0.359453 0.804289
vn -0.473195 -0.359453 0.804289
vn -0.473195 -0.359453 0.804289
vn -0.892735 -0.449219 0.035011
vn 0.312943 0.926528 -0.208836
vn -0.128325 0.777336 0.615858
vn -0.871614 0.344300 -0.348922
vn -0.078521 0.751309 0.655262
vn 0.064216 -0.572413 0.817447
vn -0.411913 0.053042 -0.909678
vn -0.563761 0.236074 -0.791481
vn -0.563761 0.236074 -0.791481
vn 0.087891 -0.517385 0.851228
vn -0.083479 0.996050 -0.030257
vn -0.083479 0.996050 -0.030257
vn 0.409479 -0.389838 0.824835
vn -0.644849 0.655678 0.392754
vn -0.782767 0.570873 -0.247748
vn -0.001047 -0.536840 0.843683
vn -0.001764 0.534968 -0.844870
vn 0.179424 0.911440 0.370249
vn 0.074299 -0.953875 0.290865
vn -0.987479 0.156543 -0.019467
vn -0.987479 0.156543 -0.019467
vn -0.296519 -0.344167 0.890857
vn -0.850395 -0.491039 0.188969
vn -0.611647 -0.662408 0.432554
vn -0.354597 -0.785781 0.506764
vn -0.419926 -0.738935 0.526913
vn -0.419926 -0.738935 0.526913
vn -0.556295 -0.544793 0.627484
vn -0.753199 -0.366575 0.546181
vn -0.789324 0.550321 -0.272240
vn -0.466200 -0.470373 0.749271
vn -0.983557 0.164990 -0.073444
vn -0.983557 0.164990 -0.073444
vn -0.138072 -0.550095 0.823609
vn 0.347043 -0.398582 0.848937
vn -0.148112 -0.572106 0.806695
vn -0.148112 -0.572106 0.806695
vn -0.148112 -0.572106 0.806695
vn 0.637754 -0.242303 0.731136
vn -0.385128 -0.623020 0.680825
vn -0.027896 -0.490342 0.871084
vn 0.347043 -0.398582 0.848937
vn 0.083329 -0.851801 0.517196
vn -0.222025 -0.569735 0.791269
vn 0.030069 -0.631177 0.775056
vn -0.408421 -0.889304 0.205745
vn -0.319473 -0.915212 0.245610
vn 0.098573 -0.559549 0.822914
vn -0.334551 -0.681701 -0.650661
vn 0.641361 -0.693122 -0.328995
vn -0.307987 -0.688524 0.656566
vn -0.276304 -0.830026 0.484472
vn -0.282786 -0.644259 0.710607
vn 0.007959 -0.585315 0.810767
vn 0.003777 -0.593314 0.804962
vn 0.589590 0.722876 0.360325
vn -0.445358 -0.511737 0.734698
vn -0.445358 -0.511737 0.734698
vn -0.987845 0.099080 0.119773
vn -0.586463 -0.653470 0.478579
vn 0.024660 -0.625927 0.779491
vn -0.680476 -0.415958 0.603268
vn -0.625719 -0.511749 0.588718
vn 0.034247 -0.917818 0.395522
vn -0.479437 -0.313448 0.819689
vn -0.452352 -0.428915 0.781927
vn -0.850942 0.292894 -0.436016
vn -0.850942 0.292894 -0.436016
vn -0.570461 -0.743917 -0.348083
vn -0.570461 -0.743917 -0.348083
vn 0.443208 0.895660 0.036873
vn 0.283723 -0.662823 0.692941
vn -0.662457 -0.515970 0.543071
vn 0.125289 -0.990672 0.053593
vn -0.624395 -0.466095 0.626806
vn -0.063293 -0.741175 0.668322
vn -0.337057 -0.862529 -0.377408
vn -0.182572 -0.407927 0.894574
vn -0.432464 -0.785242 0.443137
vn -0.041192 -0.546272 0.836594
vn -0.252646 -0.290989 0.922765
vn -0.078521 0.751309 0.655262
vn -0.252646 -0.290989 0.922765
vn -0.263295 0.196847 0.944419
vn -0.571782 -0.037394 0.819553
vn -0.640079 -0.676844 0.363568
vn -0.952375 -0.244408 0.182335
vn -0.636629 -0.558582 0.531685
vn 0.463577 -0.596828 0.654899
vn -0.251002 0.043602 -0.967004
vn -0.364986 -0.803367 -0.470518
vn 0.029529 -0.739747 0.672237
vn -0.639237 -0.484974 0.596805
vn -0.233399 -0.836739 0.495372
vn -0.727327 0.186086 -0.660581
vn 0.368839 -0.865454 0.339040
vn -0.661973 0.608435 0.437720
vn -0.889158 -0.304003 -0.342025
vn -0.889158 -0.304003 -0.342025
vn -0.635228 -0.232287 0.736565
vn -0.645222 0.025707 0.763562
vn -0.539205 -0.160763 0.826688
vn -0.539205 -0.160763 0.826688
vn -0.026851 -0.127589 0.991464
vn -0.026851 -0.127589 0.991464
vn -0.731306 -0.289282 -0.617663
vn -0.306420 -0.575183 0.758467
vn -0.120074 -0.696611 0.707329
vn -0.043060 -0.673488 0.737943
vn -0.543872 -0.818361 0.185710
vn -0.740582 -0.625899 0.244515
vn -0.523038 0.821088 0.228574
vn -0.792154 -0.311446 0.524875
vn -0.398958 -0.117238 0.909444
vn -0.398958 -0.117238 0.909444
vn 0.174942 0.854854 -0.488488
vn 0.340380 0.918928 -0.199281
vn -0.783642 -0.498994 0.370013
vn -0.614192 0.339937 0.712187
vn -0.094966 -0.700441 0.707363
vn 0.086839 -0.893688 -0.440206
vn -0.851943 0.371692 0.368834
vn -0.851943 0.371692 0.368834
vn 0.320411 -0.876217 -0.359973
vn 0.271509 0.653225 0.706810
vn -0.845348 0.032860 -0.533204
vn -0.768946 -0.598673 0.224305
vn -0.448542 0.286970 0.846438
vn -0.309857 -0.393546 0.865511
vn -0.749561 -0.320830 0.578987
vn -0.585419 0.224449 0.779043
vn -0.406092 -0.906001 0.119379
vn -0.533244 -0.843633 -0.062728
vn -0.747437 0.082084 0.659242
vn -0.839833 -0.026822 0.542181
vn -0.392380 -0.181544 -0.901710
vn -0.316863 0.522352 -0.791673
vn 0.080158 -0.946221 0.313432
vn -0.518753 0.854879 0.008787
vn 0.112997 0.838222 0.533494
vn 0.077812 -0.988346 0.130831
vn -0.405096 -0.756245 0.513800
vn -0.245302 -0.335761 0.909446
vn -0.245302 -0.335761 0.909446
vn -0.697112 -0.691857 -0.188067
vn -0.697112 -0.691857 -0.188067
vn -0.283317 0.663159 -0.692785
vn -0.500402 -0.769972 0.395905
vn -0.003705 -0.631651 0.775244
vn -0.509245 -0.649088 0.565115
vn 0.866393 -0.206748 -0.454554
vn 0.093186 0.571315 0.815423
vn 0.526571 0.549581 0.648601
vn -0.676992 -0.038221 -0.734998
vn -0.611908 0.067090 -0.788079
vn -0.607578 0.715016 0.345835
vn -0.581766 0.510689 0.633044
vn -0.200933 -0.921310 -0.332886
vn -0.591119 -0.521940 0.614944
vn -0.935515 -0.260733 0.238390
vn -0.857648 0.503742 0.103363
vn 0.546423 -0.585938 -0.598414
vn -0.966767 -0.204995 0.152771
vn 0.191475 0.160134 -0.968346
vn 0.244457 -0.924973 0.290974
vn -0.090375 -0.655465 0.749799
vn -0.655894 -0.042342 0.753665
vn -0.655894 -0.042342 0.753665
vn -0.815709 -0.158188 0.556413
vn -0.815709 -0.158188 0.556413
vn -0.713485 -0.116774 0.690871
vn -0.625551 -0.073406 0.776722
vn -0.625551 -0.073406 0.776722
vn -0.674430 0.475919 -0.564487
vn 0.070473 -0.552464 0.830553
vn -0.877258 -0.061146 0.476109
vn -0.877258 -0.061146 0.476109
vn -0.210423 -0.513456 0.831916
vn -0.210423 -0.513456 0.831916
vn -0.075047 -0.096954 0.992455
vn 0.678167 -0.483878 0.553129
vn -0.075047 -0.096954 0.992455
vn 0.434741 0.329531 0.838099
vn -0.877223 0.200812 -0.436067
vn -0.371366 -0.796330 0.477437
vn -0.627717 -0.578784 0.520557
vn -0.349998 -0.687975 0.635760
vn -0.373865 -0.768335 0.519506
vn -0.755886 -0.618978 0.213315
vn -0.161559 -0.670722 0.723899
vn -0.507717 0.851619 -0.130260
vn -0.305400 -0.891016 0.335889
vn -0.542058 -0.220436 0.810914
vn -0.006164 -0.466917 0.884280
vn -0.578613 -0.679555 0.451013
vn 0.640361 -0.768017 -0.009383
vn -0.883955 -0.427131 0.190216
vn -0.883955 -0.427131 0.190216
vn -0.715723 -0.399992 0.572493
vn -0.721234 -0.372562 0.583969
vn 0.042992 -0.244477 0.968702
vn 0.138645 0.541980 0.828876
vn 0.138645 0.541980 0.828876
vn 0.369740 -0.805071 0.463846
vn -0.406482 -0.243070 0.880732
vn -0.589483 -0.366189 0.720011
vn -0.458852 -0.446622 0.768104
vn -0.913009 0.293191 0.283644
vn -0.663438 -0.747371 0.035865
vn -0.354256 -0.528515 0.771475
vn 0.013190 -0.420964 -0.906982
vn -0.554605 0.077042 0.828540
vn -0.554605 0.077042 0.828540
vn -0.129761 -0.563253 0.816032
vn -0.597280 0.076757 0.798352
vn -0.301489 -0.386491 0.871624
vn -0.258606 -0.619996 0.740762
vn -0.172820 -0.103201 0.979532
vn -0.172820 -0.103201 0.979532
vn -0.718029 -0.120218 0.685553
vn -0.122869 -0.141664 -0.982260
vn -0.520143 0.293630 -0.802018
vn -0.024491 -0.663567 0.747716
vn 0.335429 -0.866048 -0.370741
vn -0.445596 -0.721884 0.529460
vn -0.352822 -0.552410 0.755221
vn -0.409648 -0.553132 0.725419
vn -0.472751 -0.061020 0.879081
vn -0.186185 -0.838793 0.511626
vn -0.186185 -0.838793 0.511626
vn -0.873322 -0.342946 0.345973
vn -0.569969 -0.814895 0.105274
vn -0.773989 0.050677 0.631167
vn -0.703075 -0.622942 0.342970
vn -0.581961 -0.766105 0.272772
vn -0.773989 0.050677 0.631167
vn -0.773989 0.050677 0.631167
vn -0.404970 -0.784227 -0.470093
vn -0.739688 -0.082167 -0.667915
vn 0.067853 0.831991 0.550624
vn -0.084865 0.804060 0.588460
vn 0.330644 0.556104 0.762510
vn 0.330644 0.556104 0.762510
vn -0.161167 -0.444395 0.881214
vn -0.443353 -0.299902 0.844687
vn -0.958569 -0.265448 -0.103355
vn -0.496010 -0.061558 0.866132
vn -0.507846 0.710195 0.487561
vn -0.506281 -0.380255 -0.774006
vn -0.421267 -0.868446 -0.261412
vn -0.820010 -0.005611 0.572322
vn -0.820010 -0.005611 0.572322
vn -0.444366 -0.181749 0.877215
vn -0.530255 -0.021086 0.847576
vn -0.757469 0.241752 0.606462
vn -0.640965 -0.322708 0.696436
vn -0.270042 -0.341448 -0.900273
vn -0.424538 0.897106 -0.122348
vn -0.424538 0.897106 -0.122348
vn 0.226976 -0.337244 -0.913646
vn -0.379141 -0.692395 -0.613874
vn -0.589110 -0.113103 -0.800099
vn -0.534665 -0.478536 0.696517
vn -0.156797 -0.963541 0.216805
vn -0.517566 -0.815015 0.260530
vn -0.696480 0.633571 -0.336903
vn 0.082087 0.000653 0.996625
vn -0.168695 0.765782 -0.620580
vn -0.436217 0.740652 -0.511027
vn 0.177678 0.843079 -0.507591
vn 0.177678 0.843079 -0.507591
vn -0.252451 -0.919037 -0.302719
vn -0.263123 0.635215 0.726133
vn -0.146042 0.691643 0.707320
vn -0.263123 0.635215 0.726133
vn -0.146042 0.691643 0.707320
vn -0.226705 -0.389858 0.892533
vn -0.803170 -0.574798 -0.156604
vn -0.466813 -0.218189 0.857017
vn 0.406531 -0.017331 -0.913472
vn -0.913785 0.123096 0.387097
vn -0.943660 -0.309865 -0.116142
vn -0.505156 -0.366509 0.781338
vn 0.663114 -0.097461 -0.742147
vn -0.707821 -0.123847 -0.695450
vn -0.372547 -0.916271 -0.147160
vn -0.832176 -0.538029 -0.134197
vn -0.832176 -0.538029 -0.134197
vn -0.714107 -0.691699 0.107720
vn -0.808384 0.046732 0.586798
vn -0.597970 -0.602647 0.528439
vn -0.866835 -0.011044 0.498473
vn -0.820900 -0.566499 0.072129
vn 0.130909 0.885105 0.446601
vn 0.130909 0.885105 0.446601
vn -0.329729 -0.495022 -0.803886
vn -0.329729 -0.495022 -0.803886
vn -0.786417 -0.389542 0.479380
vn -0.602072 0.193251 -0.774702
vn -0.602072 0.193251 -0.774702
vn -0.094119 0.266481 -0.959234
vn -0.178793 0.227158 0.957305
vn -0.205304 -0.745957 -0.633561
vn -0.836342 -0.485229 0.255116
vn -0.590175 -0.806203 0.041606
vn -0.590175 -0.806203 0.041606
vn 0.312551 0.223447 -0.923246
vn -0.836342 -0.485229 0.255116
vn -0.590175 -0.806203 0.041606
vn -0.590175 -0.806203 0.041606
vn -0.915187 -0.184463 -0.358337
vn -0.658314 -0.734092 0.166529
vn -0.930297 -0.272589 0.245443
vn 0.033108 -0.930789 -0.364054
vn 0.855333 0.430256 0.288592
vn -0.889588 -0.090094 0.447791
vn -0.586463 -0.653470 0.478579
vn -0.889588 -0.090094 0.447791
vn -0.904179 -0.194549 -0.380278
vn -0.904179 -0.194549 -0.380278
vn -0.394585 -0.914590 -0.088478
vn 0.087440 0.973459 0.211500
vn 0.023381 -0.335807 0.941641
vn -0.462608 -0.254260 -0.849321
vn -0.302818 0.773586 -0.556657
vn -0.297505 0.508702 -0.807907
vn -0.217782 0.961574 0.167174
vn 0.021504 0.675385 -0.737151
vn 0.021504 0.675385 -0.737151
vn -0.996758 -0.077204 0.022666
vn -0.434217 0.663437 -0.609350
vn -0.434217 0.663437 -0.609350
vn 0.325902 -0.932435 0.156056
vn -0.251050 -0.530016 0.809973
vn 0.043505 0.095833 -0.994446
vn -0.734994 -0.156439 -0.659781
vn 0.066416 0.266619 -0.961511
vn -0.689608 -0.714886 -0.115667
vn -0.486467 -0.871071 0.067714
vn -0.604590 0.432511 -0.668883
vn -0.916624 0.305252 -0.258112
vn -0.380854 0.886542 0.262666
vn -0.231799 0.751587 0.617565
vn -0.380854 0.886542 0.262666
vn 0.095091 0.197943 -0.975590
vn -0.630369 0.075625 -0.772603
vn -0.789756 0.595409 0.147558
vn -0.502361 0.616552 -0.606215
vn -0.919640 -0.220793 0.324828
vn 0.742148 -0.257173 -0.618933
vn -0.865944 -0.460044 0.196214
vn 0.346655 0.831534 0.434030
vn -0.941776 0.336033 0.011843
vn -0.642191 0.427686 0.636141
vn -0.169109 -0.669066 0.723708
vn -0.615732 -0.658342 0.432966
vn -0.595187 -0.690722 -0.410678
vn -0.595187 -0.690722 -0.410678
vn -0.414821 -0.608411 0.676579
vn -0.255165 -0.778311 0.573692
vn -0.871614 0.344300 -0.348922
vn -0.871614 0.344300 -0.348922
vn -0.597154 -0.786385 0.158131
vn -0.513172 -0.597479 -0.616177
vn -0.841603 -0.320592 -0.434655
vn -0.841959 -0.527428 -0.113685
vn -0.841959 -0.527428 -0.113685
vn -0.597154 -0.786385 0.158131
vn 0.062263 0.756960 0.650488
vn -0.130533 0.691520 0.710466
vn -0.646901 0.095382 0.756585
vn -0.767367 -0.267509 0.582741
vn -0.404279 -0.845630 0.348522
vn -0.978159 0.204520 -0.037105
vn -0.978159 0.204520 -0.037105
vn -0.480324 0.263940 0.836436
vn -0.666111 0.269163 0.695591
vn -0.666111 0.269163 0.695591
vn -0.618125 0.186943 0.763527
vn -0.718195 -0.517822 -0.464819
vn -0.718195 -0.517822 -0.464819
vn 0.157232 0.932200 -0.326008
vn -0.065813 -0.580553 0.811558
vn -0.706833 0.033662 0.706579
vn -0.906583 -0.138777 0.398557
vn -0.978191 -0.197952 -0.062912
vn -0.720201 -0.137648 0.679974
vn -0.720201 -0.137648 0.679974
vn -0.972519 0.116430 -0.201621
vn 0.310057 -0.461506 -0.831190
vn 0.310057 -0.461506 -0.831190
vn -0.924556 0.123563 0.360455
vn -0.866792 -0.332994 -0.371196
vn 0.124055 0.859357 -0.496101
vn -0.902481 -0.016923 0.430397
vn -0.732479 -0.161030 0.661471
vn -0.979446 -0.200714 0.020002
vn -0.979446 -0.200714 0.020002
vn -0.906583 -0.138777 0.398557
vn -0.906583 -0.138777 0.398557
vn -0.767107 -0.641412 0.011745
vn -0.925893 -0.130134 -0.354664
vn -0.386844 -0.558173 0.734027
vn -0.734340 -0.604260 0.309217
vn -0.734340 -0.604260 0.309217
vn -0.850942 0.292894 -0.436016
vn -0.850942 0.292894 -0.436016
vn 0.530935 -0.365469 0.764553
vn 0.530935 -0.365469 0.764553
vn -0.479766 -0.726924 -0.491331
vn 0.035166 -0.389348 0.920419
vn -0.432007 -0.632245 -0.643146
vn -0.851943 0.371692 0.368834
vn -0.163791 -0.299747 -0.939853
vn -0.483709 0.312385 -0.817583
vn -0.163791 -0.299747 -0.939853
vn -0.617287 0.663078 0.423421
vn 0.467187 0.827718 0.310837
vn -0.915850 -0.067118 -0.395872
vn 0.551317 0.791518 0.263722
vn -0.882203 0.467833 -0.053392
vn -0.601409 0.494274 0.627695
vn -0.011951 0.999709 0.020935
vn 0.569524 0.794759 0.209762
vn -0.841488 -0.105294 0.529916
vn -0.443651 -0.815964 0.370642
vn -0.443651 -0.815964 0.370642
vn -0.868103 -0.056206 -0.493192
vn -0.483100 -0.045588 0.874377
vn -0.856071 0.516758 -0.010165
vn 0.013490 0.999697 -0.020602
vn -0.153022 0.252228 0.955492
vn -0.409464 0.696838 -0.588860
vn -0.869317 -0.418092 0.263602
vn -0.966016 0.253510 0.050457
vn -0.755383 -0.368348 0.541956
vn -0.471086 -0.415256 0.778229
vn 0.396785 0.362095 0.843474
vn -0.719608 -0.389159 0.575082
vn -0.737535 0.524038 0.425941
vn -0.813822 0.172512 -0.554917
vn -0.909633 0.066058 -0.410127
vn -0.305746 -0.951397 -0.036928
vn -0.305746 -0.951397 -0.036928
vn 0.380187 0.759020 0.528532
vn -0.423573 -0.833911 0.353806
vn 0.380187 0.759020 0.528532
vn -0.724454 -0.627813 0.284634
vn -0.645953 0.388108 -0.657356
vn -0.346169 -0.248442 0.904679
vn -0.346169 -0.248442 0.904679
vn -0.842676 -0.425380 0.330074
vn -0.888878 -0.438773 0.131807
vn -0.795961 -0.364663 0.483184
vn -0.993527 0.033978 0.108392
vn -0.731251 0.656267 -0.185975
vn 0.331945 0.186076 -0.924764
vn -0.266433 0.775702 0.572102
vn -0.876635 -0.333311 0.347008
vn 0.689639 -0.490674 -0.532576
vn 0.689639 -0.490674 -0.532576
vn -0.194268 0.298050 -0.934573
vn -0.194268 0.298050 -0.934573
vn 0.143403 0.457675 -0.877479
vn -0.440172 0.665928 -0.602320
vn -0.440172 0.665928 -0.602320
vn -0.513188 0.194496 -0.835948
vn 0.195401 -0.860571 0.470357
vn 0.195401 -0.860571 0.470357
vn -0.918926 0.128521 -0.372904
vn -0.918926 0.128521 -0.372904
vn -0.109376 -0.713655 0.691905
vn -0.429255 -0.499739 0.752330
vn -0.920528 0.226326 -0.318442
vn 0.072116 0.996085 -0.051126
vn 0.392687 0.465218 0.793328
vn 0.440366 0.873873 -0.205971
vn -0.089476 0.844281 0.528378
vn -0.443942 -0.739659 0.505786
vn -0.206411 0.352262 0.912856
vn -0.206411 0.352262 0.912856
vn -0.792254 -0.570008 0.217772
vn -0.901722 0.192972 0.386859
vn -0.733319 0.643522 0.219367
vn -0.962212 -0.089833 0.257056
vn -0.451316 0.725523 0.519548
vn -0.188206 0.867485 0.460488
vn -0.304143 0.484341 -0.820312
vn 0.649011 -0.651515 -0.392826
vn 0.141564 0.542086 -0.828313
vn 0.485575 0.342368 -0.804364
vn -0.908316 0.338299 0.245999
vn -0.908316 0.338299 0.245999
vn 0.698743 0.245654 -0.671873
vn -0.824993 -0.377251 -0.420796
vn -0.876683 0.374142 -0.302398
vn -0.876683 0.374142 -0.302398
vn -0.244000 0.946825 -0.209730
vn 0.618746 0.042693 -0.784430
vn -0.822326 0.524156 -0.221451
vn 0.746750 0.345398 0.568388
vn 0.434459 0.416499 -0.798608
vn 0.144346 0.346285 -0.926958
vn -0.615199 0.036020 -0.787549
vn -0.868971 -0.403782 0.286092
vn 0.707092 0.697395 0.116878
vn -0.859351 -0.464186 0.214587
vn -0.755063 -0.634367 0.165706
vn -0.805062 -0.024521 -0.592684
vn -0.871606 -0.097705 -0.480372
vn -0.147149 0.674154 -0.723784
vn -0.244303 -0.434693 0.866809
vn 0.177983 0.942382 -0.283264
vn 0.177983 0.942382 -0.283264
vn -0.189589 0.981860 0.002689
vn -0.637795 -0.013926 0.770080
vn -0.600563 0.447596 0.662557
vn -0.909858 0.408566 0.072334
vn -0.763036 0.607549 -0.220590
vn -0.970005 0.115286 -0.214007
vn -0.282645 0.209499 -0.936067
vn -0.653527 0.715004 0.248338
vn -0.172602 0.185992 -0.967272
vn 0.257618 0.318393 -0.912282
vn 0.284633 0.429427 -0.857074
vn -0.962068 -0.161586 0.219806
vn -0.962068 -0.161586 0.219806
vn -0.835265 -0.105351 0.539660
vn 0.430486 0.902114 -0.029529
vn -0.520979 -0.143351 -0.841446
vn -0.520979 -0.143351 -0.841446
vn 0.430486 0.902114 -0.029529
vn -0.092659 0.480277 -0.872209
vn -0.228867 0.377191 -0.897411
vn -0.694466 0.652705 0.302808
vn -0.455894 -0.610777 0.647389
vn -0.298360 0.258756 0.918709
vn -0.025664 -0.999665 -0.003268
vn -0.104446 -0.032389 0.994003
vn -0.104446 -0.032389 0.994003
vn -0.104446 -0.032389 0.994003
vn -0.104446 -0.032389 0.994003
vn -0.220210 -0.557340 0.800550
vn -0.220210 -0.557340 0.800550
vn -0.790030 0.291386 0.539395
vn -0.197243 0.193525 -0.961064
vn -0.901168 -0.303582 -0.309410
vn -0.881509 -0.128245 -0.454416
vn -0.062247 -0.571383 -0.818320
vn -0.916971 -0.380948 0.118506
vn 0.077318 -0.617901 -0.782445
vn -0.756107 -0.492468 0.431018
vn -0.442440 -0.854994 0.270614
vn -0.583231 0.243034 -0.775098
vn -0.680915 -0.706343 0.193483
vn 0.038611 0.861218 0.506766
vn 0.535534 0.753806 0.380762
vn -0.852650 0.398656 0.337731
vn -0.852650 0.398656 0.337731
vn -0.654621 -0.735166 -0.176075
vn -0.952325 -0.288070 -0.100464
vn -0.113100 0.992490 -0.046596
vn -0.752039 -0.376631 0.540912
vn -0.388094 0.321952 0.863557
vn -0.634909 -0.655808 0.408418
vn -0.822471 0.086713 -0.562159
vn -0.893941 0.170158 -0.414626
vn -0.824456 -0.489466 -0.284070
vn 0.267979 -0.094590 0.958770
vn 0.689639 -0.490674 -0.532576
vn -0.400732 0.547924 -0.734298
vn -0.444462 0.456557 0.770720
vn -0.260357 -0.837533 0.480367
vn -0.217131 -0.490811 -0.843777
vn -0.808387 -0.158508 -0.566908
vn -0.808387 -0.158508 -0.566908
vn -0.929521 -0.057282 0.364292
vn -0.212838 -0.774314 0.595935
vn -0.212838 -0.774314 0.595935
vn -0.405264 -0.334183 0.850931
vn -0.482742 -0.576751 0.659028
vn -0.738237 -0.389729 0.550561
vn -0.687963 -0.715189 -0.123334
vn -0.850056 0.488693 -0.196426
vn -0.561028 0.462889 0.686281
vn -0.888496 0.212993 0.406459
vn -0.834793 -0.300939 0.461039
vn 0.163939 0.477259 -0.863336
vn -0.988059 -0.153796 0.009254
vn -0.552713 0.254782 -0.793470
vn -0.552713 0.254782 -0.793470
vn -0.869467 -0.201865 -0.450864
vn -0.484212 0.720393 0.496562
vn -0.789515 -0.192548 0.582745
vn -0.692806 0.365630 0.621559
vn -0.909568 -0.358237 -0.210601
vn -0.805328 -0.526987 0.271535
vn -0.471615 0.307807 -0.826338
vn -0.471615 0.307807 -0.826338
vn 0.325602 0.940711 0.095107
vn -0.138993 0.684591 -0.715553
vn -0.138993 0.684591 -0.715553
vn -0.431274 -0.780099 0.453264
vn -0.785780 0.172792 0.593879
vn -0.948228 -0.099445 -0.301618
vn -0.948228 -0.099445 -0.301618
vn -0.871527 0.161310 0.463054
vn -0.503382 0.271576 -0.820276
vn 0.538513 0.276872 -0.795830
vn -0.913596 -0.302858 0.271330
vn -0.774988 -0.583528 0.242671
vn -0.109181 0.870681 0.479577
vn -0.771431 -0.626044 0.113859
vn -0.484507 0.728726 -0.483954
vn -0.053475 0.284261 -0.957254
vn -0.053475 0.284261 -0.957254
vn -0.538660 -0.178625 0.823370
vn -0.751487 -0.509576 0.419046
vn -0.324687 -0.945692 0.015652
vn -0.282186 0.358212 -0.889975
vn 0.544156 -0.104234 -0.832484
vn -0.974181 -0.129336 0.185048
vn -0.974181 -0.129336 0.185048
vn -0.476394 0.539378 0.694349
vn -0.068522 0.769348 -0.635144
vn -0.451515 0.818605 -0.354993
vn 0.029883 0.805805 0.591426
vn 0.029883 0.805805 0.591426
vn -0.163207 0.772532 -0.613643
vn 0.605473 0.774700 0.182326
vn -0.477912 0.521750 -0.706666
vn 0.488153 0.764601 0.420823
vn -0.598713 0.330252 0.729710
vn -0.007260 0.952467 0.304555
vn -0.007260 0.952467 0.304555
vn -0.817046 0.075080 -0.571663
vn 0.062187 0.720838 -0.690308
vn -0.964058 0.264808 -0.021667
vn -0.778229 0.489796 -0.393014
vn 0.361424 0.361601 -0.859429
vn -0.978122 -0.010609 -0.207761
vn 0.487587 -0.212917 0.846715
vn -0.793728 0.439432 0.420589
vn -0.118216 -0.850988 -0.511707
vn 0.350035 -0.054238 0.935165
vn -0.384354 0.708935 -0.591340
vn -0.003597 -0.648595 0.761125
vn -0.762835 0.524816 -0.377691
vn 0.068459 0.059668 -0.995868
vn -0.767318 0.409399 -0.493575
vn 0.516239 -0.825931 -0.226574
vn -0.281825 -0.680986 0.675894
vn -0.885246 -0.116058 -0.450412
vn -0.783087 -0.456895 -0.421927
vn -0.847875 0.510577 0.142897
vn 0.004984 0.548568 -0.836091
vn -0.388704 0.919772 0.054111
vn 0.429861 0.876776 0.215598
vn -0.278474 0.929007 0.243718
vn -0.278474 0.929007 0.243718
vn -0.404397 0.191732 -0.894261
vn -0.930584 0.085407 0.355976
vn -0.407732 0.876350 -0.256448
vn -0.839218 -0.227987 -0.493695
vn -0.915382 0.105715 -0.388458
vn -0.250166 0.618178 -0.745166
vn -0.839218 -0.227987 -0.493695
vn -0.651324 0.725335 -0.222860
vn -0.650109 0.019358 -0.759595
vn 0.401820 -0.270903 0.874730
vn -0.641301 0.043064 -0.766080
vn -0.467134 -0.812463 0.348840
vn 0.016189 0.630771 -0.775800
vn -0.699016 0.474829 -0.534709
vn -0.710057 0.694369 -0.116920
vn -0.383424 0.920124 0.079739
vn -0.885187 -0.457709 0.083346
vn -0.885187 -0.457709 0.083346
vn -0.466901 -0.600147 0.649482
vn -0.495896 -0.160842 -0.853356
vn -0.843499 0.526893 -0.104372
vn -0.920938 0.031595 -0.388427
vn 0.115233 0.657526 -0.744568
vn -0.096590 0.287948 -0.952762
vn -0.000400 0.448990 -0.893537
vn 0.352111 -0.194335 -0.915561
vn -0.223257 0.260095 -0.939418
vn -0.029791 0.379430 0.924741
vn -0.464438 0.852916 -0.238392
vn -0.541904 0.788136 -0.291857
vn 0.267164 0.539089 -0.798753
vn -0.374683 -0.822486 0.427937
vn -0.809322 0.582313 -0.076877
vn -0.253384 0.769470 -0.586270
vn 0.450962 0.421793 -0.786590
vn -0.268489 0.562155 -0.782237
vn -0.230734 0.544995 -0.806066
vn -0.565630 0.717351 0.406779
vn -0.463755 -0.621740 -0.631166
vn -0.460876 -0.774343 0.433575
vn -0.942709 -0.234658 0.237140
vn -0.712668 0.019946 -0.701217
vn -0.672791 0.042495 -0.738611
vn -0.582564 -0.555093 0.593710
vn -0.483137 -0.622794 0.615391
vn -0.702633 -0.621983 0.345607
vn -0.224683 0.872071 0.434753
vn -0.611179 -0.008867 -0.791442
vn -0.968024 -0.140651 0.207720
vn -0.968024 -0.140651 0.207720
vn -0.106766 0.450264 -0.886490
vn -0.222925 0.752317 -0.619938
vn -0.222925 0.752317 -0.619938
vn -0.000400 0.448990 -0.893537
vn -0.000400 0.448990 -0.893537
vn -0.222491 0.897710 -0.380282
vn -0.000400 0.448990 -0.893537
vn -0.053748 0.296247 -0.953598
vn -0.623718 -0.012580 -0.781548
vn -0.413783 0.215450 -0.884514
vn -0.029810 0.507532 -0.861117
vn -0.029810 0.507532 -0.861117
vn -0.270118 -0.226753 -0.935745
vn -0.218575 -0.261758 -0.940057
vn -0.083886 0.411029 -0.907755
vn -0.029810 0.507532 -0.861117
vn -0.115939 0.085248 -0.989591
vn -0.115939 0.085248 -0.989591
vn -0.184901 0.160469 -0.969568
vn -0.403424 0.352071 -0.844568
vn -0.703177 -0.586466 -0.401994
vn -0.146859 0.613775 -0.775702
vn -0.914230 0.154835 -0.374445
vn -0.914230 0.154835 -0.374445
vn -0.940560 -0.334597 -0.058246
vn -0.940560 -0.334597 -0.058246
vn -0.517211 0.359903 -0.776506
vn -0.761861 0.198438 0.616596
vn -0.761861 0.198438 0.616596
vn -0.761861 0.198438 0.616596
vn -0.634787 -0.508383 0.581886
vn -0.714919 -0.185028 0.674281
vn -0.106695 0.217266 -0.970264
vn -0.096363 0.253456 -0.962535
vn -0.876904 -0.104448 -0.469180
vn -0.073490 -0.711404 0.698930
vn -0.717763 0.482530 -0.501977
vn -0.920916 0.254113 0.295534
vn 0.276150 0.689551 0.669523
vn 0.115601 -0.398477 0.909864
vn 0.115601 -0.398477 0.909864
vn -0.294475 0.475464 0.828986
vn -0.169900 0.472223 0.864951
vn -0.278924 -0.447909 0.849458
vn -0.243736 0.636249 -0.731970
vn -0.809150 0.339618 0.479515
vn -0.809150 0.339618 0.479515
vn -0.116800 0.498918 -0.858743
vn -0.075565 0.861035 -0.502901
vn 0.053348 0.456814 -0.887961
vn -0.331817 0.919329 -0.211499
vn 0.381094 0.858259 -0.343742
vn -0.754475 0.388131 -0.529265
vn -0.754475 0.388131 -0.529265
vn -0.175910 0.593959 -0.785027
vn -0.175910 0.593959 -0.785027
vn -0.720082 -0.154804 0.676400
vn -0.538162 0.408493 -0.737235
vn 0.469544 -0.882045 0.039041
vn -0.117445 0.270924 -0.955409
vn -0.609262 -0.144328 0.779724
vn -0.824501 0.564463 0.039746
vn -0.824501 0.564463 0.039746
vn -0.804938 -0.523590 0.279157
vn 0.432532 0.355870 -0.828416
vn -0.967922 -0.207887 -0.141100
vn -0.874050 -0.457967 -0.162182
vn -0.972564 0.192748 -0.130260
vn -0.212696 0.955587 0.203993
vn -0.980100 -0.197986 -0.014330
vn -0.213219 -0.848998 -0.483468
vn -0.529351 -0.410355 0.742561
vn -0.442427 -0.787126 0.429757
vn -0.743745 0.568137 0.352226
vn -0.060364 -0.780543 -0.622180
vn -0.261453 -0.321621 0.910056
vn 0.278381 0.812281 -0.512547
vn -0.383201 0.629385 -0.676041
vn -0.383201 0.629385 -0.676041
vn -0.569552 0.608947 -0.552082
vn -0.569552 0.608947 -0.552082
vn -0.485923 -0.460126 0.743077
vn -0.436545 -0.237738 -0.867703
vn 0.293516 0.219263 -0.930469
vn 0.320493 0.735160 -0.597348
vn 0.089003 -0.905813 -0.414225
vn 0.113382 0.619591 -0.776693
vn -0.417116 0.604783 -0.678418
vn 0.072952 0.671270 -0.737614
vn 0.113382 0.619591 -0.776693
vn -0.480476 -0.106988 0.870458
vn -0.743999 0.641969 0.185315
vn -0.586979 0.771483 0.245498
vn -0.413706 0.144840 0.898815
vn -0.992252 0.097680 0.076772
vn 0.238923 0.722857 -0.648377
vn -0.841218 0.477101 -0.254414
vn -0.993686 -0.095833 0.058351
vn -0.166488 0.656188 -0.736002
vn -0.100717 0.660596 -0.743955
vn 0.224467 0.459333 -0.859435
vn -0.427377 0.422852 -0.799091
vn -0.297716 0.325559 -0.897428
vn 0.018962 0.800040 -0.599647
vn -0.219287 0.975184 0.030480
vn -0.591968 -0.392961 0.703673
vn -0.814264 -0.468067 0.343349
vn 0.355088 0.349361 -0.867099
vn -0.673050 -0.036051 0.738718
vn -0.699153 -0.076047 0.710916
vn -0.170125 0.263130 -0.949642
vn 0.288420 0.567795 -0.770988
vn -0.808055 -0.488433 0.329364
vn 0.184792 0.540788 -0.820610
vn -0.817370 -0.569880 -0.084522
vn -0.382507 0.891511 -0.242685
vn -0.621277 0.018445 -0.783374
vn -0.341789 -0.549386 0.762466
vn -0.597731 0.689192 -0.409552
vn -0.219258 0.230242 -0.948111
vn 0.406325 0.881435 -0.240776
vn -0.899141 0.334513 -0.282219
vn -0.899141 0.334513 -0.282219
vn -0.401858 -0.040812 -0.914792
vn -0.586577 0.270219 -0.763484
vn -0.586577 0.270219 -0.763484
vn -0.249459 0.498531 -0.830203
vn 0.150119 0.588164 -0.794687
vn -0.190923 0.352728 -0.916041
vn -0.079766 0.444073 -0.892433
vn -0.079766 0.444073 -0.892433
vn -0.319343 0.301250 -0.898481
vn -0.319343 0.301250 -0.898481
vn 0.181305 0.563511 -0.805968
vn 0.692004 0.090892 0.716149
vn -0.418033 -0.262164 0.869781
vn 0.110124 0.619491 -0.777241
vn -0.908975 -0.125642 -0.397466
vn -0.908975 -0.125642 -0.397466
vn -0.920598 -0.350458 0.172273
vn -0.654366 -0.714882 0.246472
vn -0.654366 -0.714882 0.246472
vn -0.152228 0.887599 -0.434735
vn -0.349275 0.395659 -0.849388
vn -0.349275 0.395659 -0.849388
vn -0.140903 0.003000 0.990019
vn 0.120979 0.590514 -0.797908
vn -0.987860 -0.141645 -0.063795
vn -0.809181 0.587534 -0.005549
vn -0.354615 0.488302 -0.797376
vn -0.975834 0.216418 -0.030177
vn -0.975834 0.216418 -0.030177
vn -0.077765 0.388725 -0.918066
vn -0.841218 0.477101 -0.254414
vn 0.403020 0.802795 -0.439425
vn 0.403020 0.802795 -0.439425
vn -0.837263 -0.090670 -0.539231
vn -0.841218 0.477101 -0.254414
vn -0.786853 0.616939 -0.015781
vn -0.047009 0.463508 -0.884845
vn -0.987860 -0.141645 -0.063795
vn -0.552971 0.078659 0.829479
vn -0.426367 -0.617242 0.661228
vn -0.426367 -0.617242 0.661228
vn -0.819763 0.418638 -0.390808
vn 0.527631 -0.288151 0.799109
vn -0.249459 0.498531 -0.830203
vn -0.382346 -0.058051 -0.922194
vn -0.480085 -0.382810 0.789287
vn 0.001242 0.649211 -0.760607
vn 0.001242 0.649211 -0.760607
vn -0.301363 0.514497 -0.802791
vn 0.030740 0.589612 -0.807102
vn -0.702458 -0.445198 0.555294
vn -0.668413 0.120112 -0.734028
vn -0.855167 0.443679 -0.268026
vn -0.170200 0.690480 -0.703043
vn -0.170200 0.690480 -0.703043
vn 0.156272 0.679753 -0.716600
vn 0.042068 0.595305 -0.802398
vn -0.680749 0.362385 -0.636599
vn -0.286505 -0.717327 0.635104
vn -0.560059 -0.242933 0.792034
vn 0.506259 0.862154 0.019817
vn 0.506259 0.862154 0.019817
vn -0.466606 -0.673542 0.573254
vn -0.538064 0.256049 -0.803073
vn 0.513869 0.802922 -0.302083
vn 0.310558 0.862969 -0.398546
vn -0.788952 0.251024 -0.560840
vn -0.519616 -0.355159 0.777085
vn 0.252456 0.679553 -0.688820
vn -0.626491 0.091239 -0.774070
vn -0.299251 0.203859 -0.932143
vn -0.317206 0.931679 -0.177071
vn -0.681868 -0.093316 -0.725499
vn 0.107417 0.473337 -0.874308
vn -0.330009 0.859598 -0.390111
vn -0.206747 0.166525 -0.964119
vn -0.481459 -0.472589 0.738144
vn 0.399827 0.442187 -0.802876
vn -0.267891 0.744530 -0.611481
vn 0.559876 0.822778 -0.097853
vn -0.867055 -0.495479 0.052117
vn -0.846358 -0.257140 -0.466430
vn -0.645953 0.388108 -0.657356
vn -0.510638 -0.157273 0.845289
vn -0.569058 -0.230041 0.789465
vn -0.503296 -0.359602 0.785735
vn -0.528379 -0.343695 0.776331
vn -0.345326 -0.404540 0.846816
vn -0.355123 0.086000 -0.930855
vn -0.355123 0.086000 -0.930855
vn -0.382346 -0.058051 -0.922194
vn -0.733616 0.098572 0.672377
vn -0.733616 0.098572 0.672377
vn -0.193593 0.337227 -0.921303
vn -0.193593 0.337227 -0.921303
vn -0.178555 0.421471 -0.889089
vn -0.993686 -0.095833 0.058351
vn -0.993686 -0.095833 0.058351
vn -0.536020 -0.398752 0.744096
vn -0.516778 -0.316508 0.795464
vn -0.516778 -0.316508 0.795464
vn -0.648831 0.453999 -0.610658
vn -0.608169 0.327138 0.723264
vn -0.370245 -0.406990 0.835032
vn 0.316903 0.639634 -0.700314
vn 0.131225 0.589608 -0.796958
vn -0.993686 -0.095833 0.058351
vn 0.309687 0.893502 -0.325189
vn -0.571914 -0.401314 0.715445
vn -0.511905 -0.686796 -0.516008
vn 0.021513 0.301519 -0.953218
vn -0.621277 0.018445 -0.783374
vn 0.309687 0.893502 -0.325189
vn -0.518989 -0.100484 0.848854
vn -0.401776 -0.364269 0.840169
vn -0.139231 -0.194775 0.970916
vn -0.200474 0.394499 -0.896761
vn -0.200474 0.394499 -0.896761
vn 0.202974 0.872542 -0.444378
vn -0.558889 0.708960 -0.430138
vn 0.357458 0.578496 -0.733189
vn -0.149938 0.985719 -0.076654
vn 0.073845 0.603635 0.793833
vn -0.571530 0.785377 0.237773
vn 0.115264 0.388762 0.914100
vn -0.745080 0.652967 -0.135977
vn -0.683954 0.716215 -0.138721
vn -0.591351 -0.643129 0.486506
vn -0.408556 -0.075381 0.909615
vn -0.207887 -0.030293 -0.977684
vn -0.794604 0.246493 0.554839
vn -0.819318 -0.311991 0.481019
vn -0.173976 0.381042 -0.908041
vn -0.556883 0.072044 -0.827461
vn -0.620754 -0.126161 0.773788
vn -0.597424 -0.109842 0.794367
vn -0.974997 -0.068205 0.211493
vn 0.252623 0.517111 -0.817789
vn -0.045185 0.309815 0.949722
