ply
format ascii 1.0
element vertex 20542
property float x
property float y
property float z
property uchar red
property uchar green
property uchar blue
end_header
0.017616 0.012795 0.044660 159 168 121
0.018148 0.012493 0.044147 167 176 129
0.019907 0.011937 0.043724 166 176 124
0.017877 0.012720 0.044062 167 177 127
0.015846 0.013520 0.044465 162 171 126
0.020695 0.011525 0.043187 166 174 123
0.018667 0.012327 0.043498 173 183 133
0.016614 0.013404 0.044100 165 174 127
0.020175 0.011833 0.043103 164 174 121
0.018152 0.012542 0.043360 174 184 132
0.016118 0.013445 0.043803 166 175 128
0.022519 0.010435 0.042097 175 184 131
0.020433 0.011769 0.042804 165 175 122
0.018408 0.012475 0.043058 176 186 134
0.016372 0.013376 0.043499 170 179 132
0.021229 0.011051 0.042122 169 178 125
0.019153 0.012220 0.042762 172 182 129
0.017138 0.013230 0.043138 174 184 132
0.015144 0.013964 0.043353 169 178 133
0.022539 0.010474 0.041515 176 185 132
0.020440 0.011762 0.042250 167 177 124
0.018403 0.012520 0.042567 176 186 134
0.016382 0.013370 0.042914 172 181 134
0.022030 0.010697 0.041328 174 183 130
0.019920 0.011971 0.042123 164 174 121
0.017883 0.012810 0.042482 176 186 133
0.015877 0.013481 0.042685 172 181 134
0.024200 0.009233 0.040044 176 185 132
0.022044 0.010705 0.041012 175 184 131
0.019933 0.011980 0.041809 163 173 120
0.017895 0.012819 0.042169 177 187 134
0.015887 0.013491 0.042372 174 183 136
0.024562 0.008469 0.039075 174 183 128
0.022348 0.010610 0.040517 177 186 131
0.020225 0.011818 0.041317 164 175 119
0.018135 0.012631 0.041883 177 188 132
0.016120 0.013330 0.042115 175 185 135
0.025137 0.007986 0.038412 172 181 126
0.022905 0.010388 0.039990 178 187 132
0.020768 0.011524 0.040798 172 181 126
0.018657 0.012428 0.041473 176 187 131
0.016633 0.013316 0.041820 176 186 133
0.014661 0.014401 0.042102 173 182 135
0.024018 0.009297 0.038980 176 185 130
0.021826 0.010820 0.040118 178 187 132
0.019707 0.011976 0.040888 166 177 121
0.017632 0.012844 0.041418 177 187 134
0.015625 0.013400 0.041542 175 185 135
0.025443 0.007865 0.037672 169 178 123
0.023177 0.010281 0.039376 178 187 132
0.021025 0.011450 0.040247 178 187 132
0.018910 0.012302 0.040898 175 186 130
0.016879 0.013163 0.041244 175 185 132
0.014899 0.014184 0.041503 176 185 138
0.024885 0.008184 0.037693 171 180 125
0.022625 0.010428 0.039334 181 190 135
0.020479 0.011648 0.040214 173 184 126
0.018390 0.012401 0.040718 176 187 131
0.016380 0.013079 0.040883 175 185 133
0.014416 0.014434 0.041250 174 183 136
0.024046 0.009215 0.038064 175 184 129
0.021842 0.010754 0.039250 183 192 137
0.019721 0.011891 0.040004 170 181 123
0.017651 0.012752 0.040486 176 187 131
0.015647 0.013312 0.040576 175 185 133
0.013702 0.014662 0.040881 169 178 133
0.023473 0.009809 0.038268 178 187 130
0.021275 0.010969 0.039309 182 191 134
0.019181 0.011875 0.039854 176 187 129
0.017151 0.012900 0.040232 175 186 130
0.015160 0.013477 0.040282 174 184 132
0.024926 0.008010 0.036692 174 183 126
0.022650 0.010312 0.038411 180 189 132
0.020478 0.011542 0.039394 178 189 131
0.018410 0.012229 0.039752 179 190 134
0.016410 0.012975 0.039880 171 181 128
0.014443 0.014294 0.040217 172 182 132
0.024076 0.008902 0.037057 177 186 129
0.021852 0.010434 0.038305 180 189 132
0.019698 0.011584 0.039192 181 190 133
0.017665 0.012387 0.039444 178 187 132
0.015676 0.012992 0.039459 170 179 126
0.013733 0.014323 0.039713 175 183 132
0.022961 0.010069 0.037570 178 187 130
0.020748 0.011194 0.038675 181 190 133
0.018685 0.011845 0.038968 184 193 138
0.016682 0.012882 0.039217 171 180 125
0.014698 0.013769 0.039381 169 177 126
0.024123 0.008714 0.036269 179 188 133
0.021894 0.010275 0.037532 177 186 131
0.019711 0.011444 0.038547 186 195 140
0.017690 0.012202 0.038707 179 188 133
0.015699 0.012799 0.038706 167 176 121
0.013751 0.014173 0.038985 177 185 134
0.022708 0.010057 0.037023 178 187 132
0.020484 0.011255 0.038208 182 191 136
0.018449 0.011809 0.038321 184 193 138
0.016454 0.012660 0.038431 171 180 125
0.014478 0.013892 0.038726 171 180 127
0.023574 0.009402 0.036135 178 187 132
0.021379 0.010410 0.037056 176 185 130
0.019236 0.011376 0.037801 184 193 138
0.017223 0.012371 0.038029 181 190 135
0.015222 0.012753 0.037963 170 179 126
0.013296 0.014087 0.038118 180 189 136
0.024205 0.008522 0.035070 178 187 132
0.021964 0.010157 0.036391 176 185 130
0.019754 0.011335 0.037510 182 191 136
0.017735 0.012024 0.037609 185 194 139
0.015733 0.012592 0.037617 175 184 129
0.013775 0.014008 0.037938 177 186 133
0.022520 0.009973 0.035896 176 185 130
0.020301 0.011002 0.036968 179 188 133
0.018260 0.011488 0.037049 186 195 140
0.016241 0.012317 0.037232 180 189 134
0.014254 0.013371 0.037456 176 185 132
0.022785 0.009913 0.035591 177 186 131
0.020563 0.010941 0.036662 177 186 131
0.018521 0.011423 0.036741 186 195 140
0.016499 0.012249 0.036921 184 193 138
0.014509 0.013300 0.037142 178 187 134
0.022791 0.009801 0.035259 177 186 131
0.020590 0.010689 0.036172 174 183 128
0.018540 0.011190 0.036278 183 192 139
0.016505 0.011994 0.036493 183 192 139
0.014515 0.012988 0.036665 177 186 133
0.022555 0.009876 0.034916 179 188 133
0.020354 0.010766 0.035832 170 179 124
0.018303 0.011271 0.035941 181 190 137
0.016268 0.012079 0.036159 182 191 138
0.014278 0.013078 0.036335 177 186 133
0.019577 0.010780 0.035564 168 177 124
0.017548 0.011501 0.035667 183 192 139
0.015520 0.011931 0.035674 179 188 135
0.013570 0.013672 0.036090 174 182 131
0.020640 0.010389 0.035024 167 176 123
0.018577 0.010949 0.035185 173 182 129
0.016533 0.011756 0.035414 181 190 137
0.014544 0.012752 0.035556 176 185 132
0.012611 0.013863 0.035596 171 179 128
0.019347 0.010576 0.034797 162 171 118
0.017319 0.011271 0.034866 180 189 136
0.015287 0.011839 0.034945 177 186 133
0.013346 0.013729 0.035395 172 180 129
0.019611 0.010513 0.034488 159 168 115
0.017581 0.011205 0.034554 179 188 135
0.015545 0.011770 0.034630 177 186 133
0.013601 0.013656 0.035076 173 181 130
0.017333 0.010972 0.034109 178 186 135
0.015301 0.011718 0.034248 176 184 133
0.013361 0.013662 0.034709 174 182 131
0.016567 0.011268 0.033906 177 185 134
0.014583 0.012425 0.034057 175 183 132
0.012631 0.013813 0.034306 175 183 132
0.017082 0.010841 0.033448 177 185 134
0.015066 0.011783 0.033597 174 182 131
0.013096 0.013493 0.034061 175 183 132
0.017354 0.010710 0.033059 177 185 134
0.015322 0.011607 0.033243 174 182 131
0.013358 0.013401 0.033704 176 184 133
0.017092 0.010627 0.032741 179 187 136
0.015064 0.011620 0.032954 175 183 132
0.013063 0.013159 0.033432 178 186 137
0.011040 0.014694 0.034141 181 189 140
0.008946 0.016519 0.035476 179 187 138
0.016340 0.010908 0.032446 180 188 137
0.014326 0.012050 0.032692 176 184 133
0.012319 0.013394 0.033121 179 187 138
0.010277 0.015195 0.034107 189 197 148
0.017102 0.010463 0.032062 184 192 141
0.015068 0.011511 0.032308 177 185 136
0.013052 0.012959 0.032784 178 186 137
0.011024 0.014504 0.033498 182 190 141
0.008937 0.016382 0.034818 176 184 135
0.017113 0.010471 0.031732 188 196 145
0.015078 0.011519 0.031978 179 187 138
0.013061 0.012968 0.032456 180 188 139
0.011031 0.014514 0.033172 183 191 142
0.008944 0.016393 0.034494 174 182 133
0.016871 0.010467 0.031352 188 196 147
0.014845 0.011623 0.031610 179 187 138
0.012825 0.013034 0.032085 181 189 140
0.010790 0.014565 0.032824 184 192 143
0.008721 0.016291 0.033963 170 178 129
0.016116 0.010922 0.031141 184 192 141
0.014100 0.012300 0.031508 178 186 137
0.012061 0.013553 0.032024 182 190 141
0.010014 0.015255 0.032966 182 190 141
0.007925 0.017193 0.034387 163 171 120
0.016653 0.010669 0.030671 185 193 144
0.014637 0.012020 0.030996 177 185 136
0.012600 0.013262 0.031468 181 189 140
0.010542 0.014793 0.032317 183 191 140
0.008471 0.016429 0.033415 170 178 127
0.016412 0.010752 0.030326 183 191 142
0.014396 0.012108 0.030656 177 185 136
0.012360 0.013355 0.031132 180 188 139
0.010303 0.014891 0.031987 184 192 141
0.015692 0.011531 0.030123 178 186 137
0.013658 0.012838 0.030563 176 184 135
0.011582 0.013992 0.031209 181 189 140
0.009513 0.015497 0.032137 179 187 136
0.016207 0.011200 0.029711 181 189 142
0.014179 0.012541 0.030111 175 183 134
0.012113 0.013562 0.030600 180 188 139
0.010036 0.015095 0.031547 183 191 140
0.007971 0.016760 0.032647 172 180 129
0.016236 0.011327 0.029354 179 187 140
0.014186 0.012502 0.029761 174 182 133
0.012114 0.013418 0.030206 180 188 139
0.010025 0.014989 0.031224 183 191 140
0.007977 0.016532 0.032155 173 181 130
0.017526 0.010511 0.028781 182 190 143
0.015488 0.011715 0.029083 174 182 135
0.013427 0.012841 0.029541 176 184 135
0.011348 0.013941 0.030153 183 191 142
0.009270 0.015490 0.031143 176 184 133
0.018069 0.010246 0.028299 179 186 142
0.016016 0.011481 0.028658 175 182 138
0.013948 0.012475 0.029046 174 182 135
0.011877 0.013366 0.029462 182 190 141
0.009787 0.014935 0.030478 182 190 139
0.007750 0.016316 0.031237 173 182 129
0.017814 0.010485 0.028087 178 185 141
0.015770 0.011686 0.028399 172 180 133
0.013684 0.012634 0.028854 175 183 134
0.011610 0.013694 0.029391 184 192 143
0.009526 0.015241 0.030378 179 187 136
0.016552 0.011132 0.027854 174 181 137
0.014497 0.012160 0.028170 171 179 132
0.012405 0.013015 0.028630 182 190 141
0.010324 0.014401 0.029445 186 194 143
0.008285 0.015632 0.030065 170 179 126
0.016816 0.011063 0.027531 176 183 139
0.014758 0.012088 0.027844 171 179 132
0.012664 0.012941 0.028302 183 191 142
0.010579 0.014324 0.029115 185 193 142
0.008537 0.015552 0.029733 162 171 118
0.018400 0.010285 0.026874 181 188 144
0.016324 0.011457 0.027281 175 182 138
0.014236 0.012215 0.027603 174 182 135
0.012151 0.013176 0.028085 189 195 147
0.010070 0.014549 0.028892 180 187 136
0.008045 0.015597 0.029321 162 171 118
0.016848 0.011085 0.026818 180 187 143
0.014783 0.012050 0.027119 173 181 134
0.012672 0.012951 0.027667 187 193 145
0.010594 0.014207 0.028359 184 191 140
0.008556 0.015356 0.028887 150 159 106
0.018704 0.010085 0.026030 188 195 151
0.016616 0.011176 0.026424 181 187 143
0.014545 0.012139 0.026756 175 181 135
0.012416 0.013101 0.027427 192 198 150
0.010341 0.014264 0.028049 179 186 135
0.008304 0.015421 0.028582 147 154 102
0.017922 0.010590 0.025924 193 200 156
0.015850 0.011790 0.026336 178 184 140
0.013725 0.012509 0.026806 181 187 139
0.011643 0.013508 0.027302 199 205 157
0.009566 0.014888 0.028108 156 163 112
0.018206 0.010423 0.025469 189 196 152
0.016125 0.011593 0.025889 182 188 144
0.014020 0.012371 0.026283 178 184 136
0.011897 0.013454 0.027007 197 203 155
0.009819 0.014701 0.027714 157 164 113
0.007795 0.015742 0.028119 154 161 110
0.017693 0.010681 0.025226 185 192 148
0.015619 0.011925 0.025667 179 185 139
0.013485 0.012664 0.026189 185 188 141
0.011388 0.013696 0.026773 202 205 158
0.009309 0.015068 0.027583 148 152 102
0.018756 0.009942 0.024579 175 181 135
0.016659 0.011143 0.025046 196 199 152
0.014575 0.012309 0.025527 181 183 136
0.012413 0.013344 0.026380 198 200 153
0.010336 0.014413 0.026934 160 159 113
0.008287 0.015632 0.027549 157 159 110
0.018769 0.009950 0.024238 168 174 128
0.016670 0.011151 0.024706 200 202 155
0.014585 0.012318 0.025188 180 182 135
0.012421 0.013353 0.026043 200 199 153
0.010344 0.014423 0.026597 153 150 105
0.008293 0.015643 0.027214 162 161 113
0.017957 0.010670 0.024367 176 179 134
0.015891 0.011957 0.024770 192 194 147
0.013743 0.012763 0.025375 184 183 137
0.011626 0.013871 0.026085 204 201 156
0.009554 0.015120 0.026766 141 138 93
0.007540 0.016120 0.027091 181 183 134
0.018247 0.010433 0.023849 174 177 132
0.016167 0.011609 0.024236 195 197 150
0.014050 0.012584 0.024769 182 181 135
0.011901 0.013732 0.025636 200 197 152
0.009831 0.014842 0.026194 136 133 88
0.007795 0.015932 0.026667 181 180 132
0.017718 0.010869 0.023763 184 187 140
0.015656 0.012147 0.024145 186 188 141
0.013508 0.012916 0.024726 190 187 142
0.011384 0.014071 0.025500 190 187 142
0.009323 0.015200 0.026047 151 148 103
0.007304 0.016194 0.026390 189 191 144
0.018525 0.010422 0.023220 179 182 135
0.016438 0.011629 0.023633 194 196 149
0.014322 0.012581 0.024137 186 185 139
0.012162 0.013756 0.025052 192 189 144
0.010098 0.014769 0.025503 132 129 84
0.008055 0.015836 0.025972 181 180 134
0.018286 0.010585 0.022878 184 187 140
0.016192 0.011895 0.023395 188 190 143
0.014082 0.012726 0.023802 190 189 143
0.011915 0.013941 0.024785 184 181 136
0.009858 0.014877 0.025153 142 138 93
0.007817 0.015896 0.025585 191 190 144
0.019393 0.009318 0.021801 180 186 138
0.017228 0.011268 0.022897 189 192 145
0.015171 0.012564 0.023279 182 184 137
0.012994 0.013309 0.023984 193 190 145
0.010886 0.014425 0.024664 154 151 106
0.008839 0.015448 0.025080 177 173 128
0.019406 0.009566 0.021568 183 189 141
0.017245 0.011517 0.022657 188 191 144
0.015187 0.012681 0.022977 181 183 136
0.013003 0.013412 0.023698 189 186 141
0.010880 0.014580 0.024482 155 152 107
0.008847 0.015453 0.024730 187 183 138
0.018045 0.011160 0.022182 192 195 148
0.015964 0.012418 0.022620 183 185 138
0.013813 0.013020 0.023085 190 187 142
0.011656 0.014279 0.024052 162 159 114
0.009612 0.015161 0.024327 170 166 121
0.007582 0.016105 0.024644 211 210 164
0.018075 0.011346 0.021846 194 197 150
0.015975 0.012600 0.022376 180 183 136
0.013822 0.013147 0.022817 188 187 141
0.011644 0.014473 0.023927 154 151 106
0.009600 0.015307 0.024166 179 176 131
0.007579 0.016193 0.024401 214 216 169
0.019178 0.010225 0.020836 194 200 152
0.017023 0.012026 0.021844 183 186 139
0.014946 0.012739 0.021992 183 185 138
0.012729 0.013832 0.023083 176 173 128
0.010621 0.014910 0.023745 157 154 109
0.008594 0.015685 0.023889 215 212 167
0.019180 0.010410 0.020632 196 202 154
0.017034 0.012284 0.021637 183 186 139
0.014947 0.012885 0.021774 183 185 138
0.012721 0.014012 0.022928 171 168 123
0.010596 0.015165 0.023720 160 157 112
0.008579 0.015820 0.023735 222 219 174
0.018115 0.011515 0.020874 197 203 155
0.015998 0.012816 0.021497 179 182 135
0.013839 0.013341 0.021945 184 183 137
0.011643 0.014703 0.023148 139 136 91
0.009589 0.015545 0.023432 204 201 156
0.007579 0.016347 0.023546 225 227 180
0.018394 0.011190 0.020359 198 204 156
0.016255 0.012938 0.021312 180 183 136
0.014135 0.013320 0.021486 183 185 138
0.011911 0.014679 0.022811 146 145 99
0.009815 0.015696 0.023399 208 205 160
0.007812 0.016292 0.023325 222 224 177
0.017587 0.012171 0.020602 191 197 149
0.015485 0.013108 0.020974 179 182 135
0.013272 0.013921 0.021856 169 168 122
0.011099 0.015231 0.022946 150 147 102
0.009064 0.015904 0.023036 229 226 181
0.007071 0.016888 0.023216 203 206 159
0.017578 0.012446 0.020500 192 198 150
0.015474 0.013312 0.020841 181 184 137
0.013250 0.014170 0.021808 165 164 118
0.011078 0.015431 0.022868 152 151 105
0.009034 0.016116 0.023008 235 234 188
0.007043 0.017075 0.023158 204 206 159
0.018667 0.011376 0.019559 200 208 159
0.016514 0.013167 0.020584 185 188 141
0.014393 0.013484 0.020711 176 178 131
0.012156 0.014851 0.022089 146 145 99
0.010055 0.015823 0.022654 235 234 188
0.008043 0.016430 0.022609 226 228 181
0.018948 0.011133 0.019084 198 206 157
0.016789 0.013192 0.020258 186 189 142
0.014701 0.013560 0.020259 174 177 130
0.012438 0.014822 0.021676 155 154 108
0.010312 0.015828 0.022377 219 218 172
0.008273 0.016503 0.022503 222 224 177
0.006293 0.017686 0.022787 178 181 134
0.018146 0.012262 0.019366 197 205 156
0.015990 0.013612 0.020195 182 185 138
0.013829 0.014049 0.020591 165 164 118
0.011612 0.015354 0.021857 158 157 111
0.009540 0.016133 0.022173 235 234 188
0.007518 0.016947 0.022332 200 202 155
0.018478 0.011973 0.018625 196 204 155
0.016255 0.013857 0.020040 183 189 141
0.014172 0.013936 0.019859 160 163 116
0.011898 0.015347 0.021442 164 166 119
0.009806 0.016101 0.021824 236 238 191
0.007759 0.016862 0.022055 197 200 153
0.017653 0.012906 0.018927 190 198 149
0.015515 0.013704 0.019373 174 180 132
0.013283 0.014587 0.020372 157 159 112
0.011095 0.015728 0.021419 193 195 148
0.009033 0.016425 0.021637 218 220 173
0.007011 0.017439 0.021950 177 180 133
0.018003 0.012730 0.018159 192 200 151
0.015772 0.014162 0.019384 178 184 136
0.013639 0.014480 0.019578 154 157 110
0.011366 0.015829 0.021141 189 191 144
0.009284 0.016537 0.021459 223 225 178
0.007244 0.017355 0.021710 173 176 129
0.017158 0.013436 0.018440 187 193 145
0.015034 0.013849 0.018604 160 166 118
0.012737 0.015143 0.020174 162 164 117
0.010580 0.016056 0.020938 225 227 180
0.008522 0.016753 0.021142 194 197 150
0.006514 0.017915 0.021515 166 172 124
0.019361 0.011861 0.017042 188 198 148
0.017194 0.013601 0.018072 182 190 141
0.015045 0.014156 0.018438 157 163 115
0.012749 0.015360 0.019943 167 169 122
0.010569 0.016331 0.020861 225 227 180
0.008505 0.016980 0.021067 189 192 145
0.006480 0.018132 0.021516 164 170 122
0.018316 0.012837 0.017128 182 190 141
0.016062 0.014323 0.018467 167 175 126
0.013936 0.014639 0.018611 150 153 106
0.011630 0.016035 0.020346 206 208 161
0.009533 0.016753 0.020724 215 217 170
0.007479 0.017530 0.021000 159 165 117
0.018325 0.012994 0.016876 177 187 137
0.016070 0.014544 0.018258 164 172 123
0.013968 0.014824 0.018271 148 151 104
0.011650 0.016257 0.020079 215 218 171
0.009530 0.017025 0.020613 209 212 165
0.007460 0.017749 0.020929 154 160 112
0.019405 0.012071 0.016065 180 190 140
0.017235 0.013800 0.017101 173 181 132
0.015067 0.014542 0.017652 147 153 105
0.012802 0.015532 0.018871 178 181 134
0.010592 0.016626 0.020000 227 230 183
0.008507 0.017224 0.020264 170 176 128
0.006463 0.018339 0.020766 163 169 121
0.019160 0.012295 0.015777 178 188 138
0.017012 0.013988 0.016709 170 178 129
0.014831 0.014934 0.017444 146 152 104
0.012620 0.015654 0.018244 196 198 151
0.010384 0.016876 0.019579 222 224 177
0.008273 0.017466 0.019965 165 171 123
0.006225 0.018478 0.020418 165 171 123
0.017837 0.013505 0.016043 169 179 129
0.015612 0.014756 0.017122 147 155 106
0.013470 0.015184 0.017402 174 177 130
0.011185 0.016609 0.019057 229 231 184
0.009043 0.017329 0.019658 183 185 138
0.006974 0.018087 0.019994 158 164 116
0.019182 0.012461 0.015173 176 186 136
0.017064 0.014062 0.015916 166 174 125
0.014867 0.015196 0.016829 149 155 107
0.012710 0.015711 0.017241 207 209 162
0.010452 0.016992 0.018699 209 211 164
0.008311 0.017641 0.019260 166 172 124
0.006261 0.018515 0.019609 163 169 121
0.019453 0.012393 0.014835 177 187 137
0.017331 0.013991 0.015575 165 173 124
0.015132 0.015122 0.016487 150 156 108
0.012973 0.015636 0.016896 203 206 159
0.010711 0.016916 0.018356 211 213 166
0.008568 0.017563 0.018915 173 176 129
0.006516 0.018434 0.019261 162 168 120
0.018427 0.013397 0.014848 168 180 130
0.016221 0.014883 0.015955 149 157 110
0.014143 0.015235 0.015877 171 177 129
0.011878 0.016650 0.017383 228 231 184
0.009643 0.017520 0.018491 185 187 140
0.007552 0.018040 0.018732 160 166 118
0.018440 0.013407 0.014495 170 182 132
0.016233 0.014894 0.015605 151 159 112
0.014153 0.015246 0.015526 178 184 136
0.011886 0.016662 0.017034 226 229 182
0.009650 0.017533 0.018145 181 183 136
0.007558 0.018053 0.018386 160 166 118
0.019508 0.012696 0.013859 177 189 139
0.017408 0.014135 0.014408 165 175 125
0.015182 0.015533 0.015589 158 166 117
0.013064 0.016161 0.015890 221 224 177
0.010790 0.017362 0.017340 195 198 151
0.008613 0.018207 0.018194 174 177 130
0.006556 0.018798 0.018353 155 163 114
0.019263 0.012783 0.013491 178 190 140
0.017164 0.014228 0.014045 162 172 122
0.014939 0.015629 0.015232 169 177 128
0.012820 0.016261 0.015536 226 229 182
0.010545 0.017464 0.016990 180 183 136
0.008368 0.018312 0.017847 170 176 128
0.006311 0.018906 0.018010 150 158 109
0.017971 0.013940 0.013582 174 184 134
0.015747 0.015443 0.014791 151 159 110
0.013645 0.016092 0.015012 217 223 175
0.011384 0.017431 0.016466 206 212 164
0.009164 0.018368 0.017564 174 177 130
0.007090 0.018738 0.017621 158 166 117
0.019566 0.012827 0.012775 185 195 145
0.017451 0.014247 0.013372 169 179 127
0.015214 0.015711 0.014627 172 180 131
0.013087 0.016515 0.015071 236 242 194
0.010829 0.017651 0.016398 179 185 137
0.008643 0.018615 0.017371 172 180 131
0.006586 0.019068 0.017420 147 157 107
0.017992 0.014060 0.012951 172 182 132
0.015770 0.015512 0.014110 165 173 126
0.013656 0.016329 0.014487 222 229 185
0.011417 0.017631 0.015814 192 200 153
0.009190 0.018676 0.017014 169 177 130
0.007115 0.018992 0.017032 162 172 122
0.019344 0.013041 0.012073 180 190 140
0.017218 0.014418 0.012695 157 170 117
0.014979 0.015918 0.013988 203 210 166
0.012850 0.016830 0.014515 218 230 182
0.010611 0.017961 0.015751 161 173 125
0.008416 0.019046 0.016861 164 178 127
0.006361 0.019380 0.016812 163 180 128
0.019358 0.013176 0.011784 179 187 136
0.017231 0.014462 0.012354 156 166 116
0.014995 0.015974 0.013639 214 221 179
0.010648 0.018052 0.015328 160 173 127
0.008432 0.019245 0.016603 161 177 128
0.018025 0.014176 0.011953 156 166 116
0.015810 0.015555 0.013027 204 211 167
0.011471 0.017731 0.014677 164 177 133
0.009223 0.018886 0.016032 156 172 125
0.007136 0.019132 0.016039 173 191 139
0.019962 0.012736 0.010668 188 195 144
0.017778 0.014336 0.011636 152 160 111
0.015569 0.015667 0.012660 221 228 186
0.009009 0.019059 0.015594 152 172 123
0.018306 0.014129 0.011266 159 167 118
0.016144 0.015241 0.011926 203 210 166
0.009572 0.018626 0.014806 157 176 130
0.007439 0.019352 0.015368 171 191 138
0.019986 0.012850 0.010021 190 192 143
0.017798 0.014427 0.010988 165 173 124
0.015592 0.015710 0.011960 215 222 178
0.020574 0.012337 0.009249 190 194 143
0.018323 0.014252 0.010651 170 177 126
0.016171 0.015248 0.011184 203 210 166
0.019415 0.013568 0.009930 183 185 136
0.017293 0.014641 0.010330 182 190 141
0.015064 0.016142 0.011553 209 218 173
0.019428 0.013579 0.009570 185 187 138
0.017305 0.014652 0.009972 190 198 149
0.015074 0.016154 0.011197 202 211 166
0.020259 0.013077 0.008932 185 187 138
0.018036 0.014773 0.010099 188 194 146
0.015881 0.015842 0.010699 207 216 169
0.019689 0.013677 0.009067 179 181 132
0.017543 0.014833 0.009604 202 208 162
0.015344 0.016208 0.010598 194 203 158
0.019995 0.013363 0.008437 173 175 126
0.017745 0.015185 0.009810 203 209 161
0.015622 0.016185 0.010237 198 206 159
0.021169 0.012060 0.007075 178 177 129
0.018844 0.014517 0.009057 187 189 140
0.016730 0.015431 0.009334 216 222 176
0.014566 0.016774 0.010190 158 167 122
0.020800 0.013052 0.007729 174 170 125
0.018498 0.015174 0.009458 197 196 150
0.016412 0.016014 0.009591 217 220 175
0.019074 0.014729 0.008749 186 183 138
0.016959 0.015720 0.009076 228 229 185
0.014821 0.016987 0.009760 160 166 122
0.020172 0.014014 0.008009 167 160 116
0.017940 0.015767 0.009258 216 213 170
0.015862 0.016659 0.009407 203 204 160
0.020187 0.014024 0.007647 167 158 115
0.017953 0.015778 0.008898 220 215 173
0.015873 0.016671 0.009048 202 201 157
0.018722 0.015487 0.008628 203 196 154
0.016652 0.016384 0.008704 223 220 177
0.014573 0.017535 0.009063 154 157 112
0.020120 0.014469 0.007589 165 153 113
0.017933 0.016058 0.008535 226 217 176
0.015873 0.016878 0.008544 199 196 153
0.020400 0.014153 0.007080 167 151 115
0.018154 0.016139 0.008502 221 212 171
0.016116 0.016815 0.008311 200 195 153
0.014085 0.017905 0.008441 163 165 118
0.018960 0.015724 0.007997 204 190 151
0.016899 0.016533 0.007961 223 214 173
0.014851 0.017617 0.008119 171 168 123
0.020653 0.014219 0.006605 172 147 116
0.018394 0.016234 0.008086 223 208 169
0.016352 0.016915 0.007898 207 195 155
0.014350 0.017917 0.007823 174 170 125
0.018684 0.016002 0.007563 220 200 163
0.016616 0.016799 0.007547 208 194 155
0.014598 0.017827 0.007537 181 174 130
0.019787 0.015170 0.006729 193 169 135
0.017607 0.016601 0.007550 227 205 168
0.015575 0.017442 0.007435 185 173 133
0.019479 0.015712 0.006893 199 173 140
0.017370 0.016678 0.007125 214 194 157
0.015344 0.017655 0.007071 188 173 132
0.019779 0.015287 0.006222 194 163 134
0.017608 0.016645 0.006950 213 187 154
0.015576 0.017499 0.006825 186 171 130
0.018659 0.016240 0.006585 215 182 151
0.016604 0.017011 0.006469 192 170 133
0.014606 0.017973 0.006299 205 188 145
0.018646 0.016282 0.006362 210 175 147
0.016601 0.017040 0.006182 188 162 129
0.014607 0.018000 0.005990 211 192 152
0.019210 0.015944 0.005777 201 159 134
0.017122 0.016873 0.005871 188 155 124
0.015103 0.017811 0.005745 204 180 142
0.018398 0.016476 0.005736 203 161 136
0.016365 0.017132 0.005432 186 153 120
0.018411 0.016488 0.005372 198 152 128
0.016377 0.017145 0.005067 185 150 118
0.017144 0.016907 0.004841 180 139 111
0.015138 0.017826 0.004627 200 170 134
0.018440 0.016471 0.004604 186 134 112
0.016397 0.017120 0.004317 184 145 114
0.018206 0.016460 0.004092 177 125 104
0.016152 0.017165 0.003894 184 148 114
0.016930 0.016936 0.003626 178 133 104
0.014950 0.018074 0.003437 190 158 119
0.018256 0.016331 0.003152 176 119 100
0.016185 0.017166 0.003098 185 144 112
0.018001 0.016542 0.002869 177 120 101
0.015962 0.017453 0.002731 189 146 114
0.016481 0.017118 0.002321 187 135 111
0.017520 0.016706 0.002016 183 122 103
0.015512 0.017963 0.001982 179 129 102
0.017026 0.016881 0.001541 190 127 110
0.017562 0.016605 0.001115 191 124 108
0.015546 0.018031 0.001219 185 124 105
0.016553 0.017152 0.000714 196 126 114
0.016067 0.017600 0.000394 197 123 114
0.016326 0.017196 -0.000135 201 120 116
0.017116 0.016670 -0.000627 209 126 122
0.016619 0.017061 -0.000958 212 126 125
0.016631 0.017074 -0.001332 216 128 127
0.014603 0.018179 -0.001372 207 118 120
0.017164 0.016363 -0.002032 218 134 134
0.015110 0.018001 -0.001640 214 125 127
0.016393 0.017117 -0.002137 222 136 137
0.014350 0.018276 -0.002081 209 120 122
0.016142 0.017475 -0.002342 220 134 135
0.014087 0.018450 -0.002354 208 119 121
0.016409 0.017128 -0.002869 218 132 133
0.014350 0.018363 -0.002698 212 123 125
0.017474 0.015455 -0.004078 212 128 128
0.015372 0.017985 -0.002930 217 126 131
0.016952 0.016516 -0.003880 211 127 127
0.014866 0.018306 -0.003253 217 125 130
0.016950 0.016664 -0.004103 208 123 126
0.014856 0.018420 -0.003466 217 126 133
0.017762 0.015573 -0.005030 199 119 120
0.015650 0.018039 -0.003905 211 122 128
0.013554 0.018793 -0.003904 214 125 131
0.017213 0.016838 -0.004576 195 115 118
0.015120 0.018487 -0.004039 205 115 124
0.017225 0.016851 -0.004956 190 111 116
0.015131 0.018501 -0.004417 199 112 120
0.013015 0.018922 -0.004565 214 123 132
0.017736 0.016028 -0.005598 184 109 114
0.015634 0.018463 -0.004548 188 105 113
0.013551 0.019049 -0.004730 210 120 130
0.016688 0.017857 -0.005038 176 99 105
0.014608 0.018874 -0.004968 192 106 115
0.016139 0.018492 -0.004966 176 99 105
0.014068 0.019137 -0.005186 198 112 121
0.016150 0.018506 -0.005346 177 102 107
0.014078 0.019152 -0.005566 192 109 117
0.016657 0.018506 -0.005455 182 113 118
0.014566 0.019208 -0.005563 182 105 113
0.012500 0.019166 -0.006306 200 114 125
0.016141 0.018791 -0.005776 175 109 113
0.014056 0.019201 -0.006121 183 106 114
0.015862 0.019102 -0.005894 176 114 119
0.013765 0.019268 -0.006361 179 103 113
0.016137 0.019031 -0.006264 186 127 131
0.014038 0.019192 -0.006737 182 111 119
0.016928 0.018375 -0.006842 207 158 161
0.014811 0.019511 -0.006564 185 126 132
0.012722 0.018970 -0.007615 184 112 123
0.016136 0.019236 -0.006789 204 158 160
0.014032 0.019150 -0.007434 187 126 133
0.015859 0.019484 -0.006961 211 166 169
0.013759 0.019116 -0.007835 186 129 136
0.016134 0.019414 -0.007333 224 188 188
0.014032 0.019041 -0.008212 192 141 146
0.016913 0.018508 -0.008020 238 214 212
0.014815 0.019694 -0.007822 210 171 174
0.016132 0.019564 -0.007893 237 211 210
0.014037 0.018902 -0.009034 209 167 171
0.015853 0.019739 -0.008111 239 218 215
0.013773 0.018876 -0.009479 216 177 180
0.016129 0.019669 -0.008483 249 234 229
0.014047 0.018801 -0.009858 226 194 195
0.014829 0.019717 -0.009247 244 223 222
0.019259 0.003934 0.032871 171 182 140
0.017785 0.005371 0.010424 172 179 127
0.017798 0.005375 0.010060 168 175 123
0.018606 0.004058 0.009438 180 184 133
0.018373 0.004183 0.009057 168 172 121
0.018650 0.004154 0.008443 169 168 120
0.018426 0.004350 0.007796 162 148 109
0.018427 0.004410 0.007563 166 143 109
0.018819 0.003818 0.006968 168 132 108
0.017699 0.006068 0.007028 192 165 138
0.018821 0.003809 0.006326 172 129 110
0.017719 0.006110 0.006357 191 161 137
0.018457 0.004504 0.005667 171 130 110
0.018471 0.004508 0.005297 172 131 111
0.016902 0.007167 0.005743 212 188 160
0.017543 0.006503 0.005454 192 160 137
0.017139 0.006955 0.005014 202 170 147
0.017284 0.006556 0.004751 195 159 137
0.016494 0.007623 0.004356 209 179 155
0.016745 0.007524 0.003722 199 161 140
0.016332 0.007658 -0.005903 201 121 124
0.016113 0.009296 -0.005431 208 126 132
0.016089 0.007938 -0.006404 203 122 128
0.016711 0.006875 -0.007134 185 115 117
0.016408 0.008255 -0.006719 192 117 122
0.016420 0.008261 -0.007107 189 117 121
0.016891 0.008103 -0.007138 181 117 118
0.015498 0.012124 -0.005322 196 113 121
0.016273 0.009041 -0.007288 185 114 118
0.016272 0.010671 -0.006476 186 115 121
0.016365 0.009698 -0.007399 186 121 125
0.014826 0.012943 -0.006013 182 103 109
0.017234 0.008857 -0.007578 191 141 140
0.015720 0.012231 -0.006252 181 112 115
0.016815 0.009412 -0.007876 189 138 137
0.015303 0.012820 -0.006436 176 107 110
0.016841 0.009705 -0.007894 193 145 143
0.015284 0.012935 -0.006528 172 108 109
0.015984 0.012290 -0.007075 182 126 125
0.014067 0.013523 -0.007061 186 116 118
0.017157 0.009969 -0.008271 212 175 169
0.015546 0.012949 -0.007071 186 128 127
0.013550 0.013738 -0.007391 185 115 117
0.017169 0.009977 -0.008660 218 185 178
0.015558 0.012959 -0.007457 190 136 134
0.013560 0.013748 -0.007777 179 111 112
0.017741 0.010280 -0.008451 233 209 197
0.016047 0.012701 -0.007766 200 156 153
0.014061 0.013635 -0.007934 175 115 115
0.016803 0.010925 -0.008938 225 195 187
0.015097 0.013367 -0.008088 191 143 139
0.018375 0.010822 -0.008517 250 238 224
0.016469 0.012092 -0.008655 221 191 183
0.014614 0.013681 -0.008418 190 141 137
0.018388 0.010830 -0.008905 250 240 228
0.016481 0.012101 -0.009043 229 202 193
0.014625 0.013691 -0.008806 198 153 148
0.016910 0.011676 -0.009311 242 224 212
0.015174 0.013745 -0.008902 216 182 173
0.013124 0.014272 -0.009418 174 120 118
0.016550 0.012520 -0.009408 240 224 211
0.014672 0.013884 -0.009422 212 178 169
0.016359 0.013095 -0.009338 244 230 217
0.014467 0.014245 -0.009605 211 178 171
0.016619 0.012972 -0.009718 246 239 223
0.014722 0.014118 -0.009991 228 201 192
0.017141 0.011810 -0.010184 251 252 236
0.015503 0.014176 -0.009797 240 226 215
0.013453 0.014533 -0.010601 208 175 168
0.016648 0.013245 -0.010128 248 246 231
0.014751 0.014269 -0.010595 241 225 212
0.016352 0.013292 -0.010397 251 249 236
0.014480 0.014358 -0.010924 244 230 219
0.016612 0.013171 -0.010777 251 253 239
0.014736 0.014231 -0.011311 255 247 234
0.015405 0.013829 -0.011330 250 251 237
0.013438 0.014421 -0.012176 249 235 224
0.014688 0.014027 -0.012146 249 250 234
0.014394 0.013945 -0.012649 249 251 237
0.009789 0.012591 -0.015697 197 159 156
0.010044 0.012456 -0.016101 207 176 171
0.011007 0.013088 -0.015684 232 214 204
0.008300 0.010863 -0.018186 187 143 142
0.009588 0.011656 -0.017544 214 189 182
0.011720 0.012654 -0.016319 251 245 233
0.008971 0.010156 -0.019078 222 193 189
0.009295 0.010423 -0.019094 233 213 206
0.012041 0.009611 -0.017987 246 254 239
0.011345 0.010143 -0.018514 252 255 242
-0.003784 0.009128 0.038918 169 176 132
-0.004970 0.011497 0.039746 167 173 137
-0.006040 0.014112 0.040907 164 171 138
-0.007586 0.015554 0.041154 148 157 126
-0.003430 0.008690 0.038534 163 171 124
-0.004643 0.010989 0.039244 169 177 138
-0.005705 0.013641 0.040421 160 167 133
-0.007244 0.015120 0.040716 151 160 129
-0.008637 0.016872 0.041179 143 154 124
-0.002679 0.007734 0.037634 163 169 121
-0.004033 0.009756 0.038212 172 179 138
-0.005067 0.012532 0.039509 160 167 133
-0.006262 0.014849 0.040486 165 174 145
-0.007794 0.016305 0.040736 142 153 123
-0.003216 0.008454 0.037526 163 169 125
-0.004396 0.010885 0.038438 171 177 141
-0.005350 0.013820 0.039882 156 163 130
-0.006897 0.015294 0.040205 153 162 133
-0.008340 0.016933 0.040569 145 156 126
-0.002016 0.007296 0.036830 167 173 125
-0.003486 0.009082 0.037284 166 173 132
-0.004572 0.011739 0.038428 169 176 143
-0.005534 0.014628 0.039841 161 170 141
-0.007113 0.016014 0.040097 146 157 127
-0.008634 0.017473 0.040343 151 162 132
-0.002599 0.007899 0.036601 163 169 123
-0.003967 0.009909 0.037210 172 178 140
-0.004896 0.012928 0.038680 160 167 134
-0.006102 0.015222 0.039650 167 176 147
-0.007675 0.016599 0.039868 141 152 122
-0.002870 0.008610 0.036617 164 171 127
-0.004119 0.010890 0.037435 170 178 141
-0.004851 0.014333 0.039221 153 163 129
-0.006413 0.015776 0.039530 158 167 138
-0.007947 0.017218 0.039771 142 153 123
-0.001877 0.007688 0.036163 165 173 126
-0.003376 0.009399 0.036551 171 178 137
-0.004442 0.012097 0.037709 165 172 138
-0.005418 0.014949 0.039085 167 177 143
-0.007025 0.016268 0.039279 142 153 123
-0.008534 0.017752 0.039531 148 159 129
-0.002318 0.008564 0.035959 164 176 128
-0.003711 0.010513 0.036541 171 182 140
-0.004568 0.013698 0.038153 159 169 132
-0.005889 0.015736 0.038974 172 182 148
-0.007421 0.017197 0.039248 140 149 118
-0.001542 0.007788 0.035520 165 177 129
-0.003065 0.009433 0.035830 172 183 140
-0.004268 0.011818 0.036768 162 173 133
-0.005114 0.015008 0.038453 167 177 142
-0.006720 0.016351 0.038703 139 149 115
-0.008145 0.018018 0.039085 142 153 123
-0.000615 0.007310 0.035144 172 184 136
-0.002164 0.008897 0.035386 166 178 130
-0.003523 0.010923 0.036024 172 183 140
-0.004451 0.013935 0.037506 159 170 130
-0.005742 0.016028 0.038339 177 187 152
-0.007230 0.017595 0.038714 139 149 115
-0.001563 0.008371 0.035024 162 174 126
-0.003020 0.010172 0.035464 176 187 144
-0.004136 0.012756 0.036581 159 170 130
-0.005231 0.015341 0.037796 175 185 148
-0.006714 0.016949 0.038222 136 146 112
-0.000923 0.007934 0.034723 163 175 129
-0.002467 0.009527 0.034979 175 187 141
-0.003694 0.011875 0.035910 170 181 138
-0.004497 0.015170 0.037658 165 173 134
-0.006033 0.016663 0.037991 154 162 125
-0.000537 0.007533 0.034313 162 174 128
-0.002077 0.009149 0.034584 169 181 135
-0.003432 0.011197 0.035260 176 187 144
-0.004309 0.014342 0.036879 167 175 134
-0.005607 0.016407 0.037666 170 178 141
-0.007121 0.017915 0.037988 136 146 111
-0.000085 0.007294 0.034027 167 176 129
-0.001558 0.009064 0.034364 165 174 131
-0.002983 0.010911 0.034794 181 190 147
-0.003974 0.013779 0.036139 168 176 137
-0.005014 0.016480 0.037469 173 181 144
-0.006600 0.017866 0.037790 136 144 107
0.000118 0.007126 0.033691 166 175 128
-0.001359 0.008894 0.034025 164 173 130
-0.002787 0.010739 0.034453 183 192 149
-0.003784 0.013607 0.035797 169 177 138
-0.004828 0.016307 0.037127 172 180 143
-0.006418 0.017692 0.037445 134 142 105
0.000301 0.007615 0.033767 163 170 126
-0.001197 0.009319 0.034046 166 173 129
-0.002602 0.011198 0.034462 185 192 151
-0.003668 0.013844 0.035535 170 177 136
-0.004659 0.016634 0.036865 170 176 138
0.005129 0.003075 0.031300 167 179 131
0.003383 0.004512 0.031916 171 183 135
0.000098 0.007794 0.033434 161 168 124
-0.001398 0.009502 0.033717 173 180 136
-0.002800 0.011385 0.034138 183 190 149
-0.003863 0.014036 0.035217 171 178 137
-0.004850 0.016829 0.036554 164 170 132
0.004628 0.003904 0.031166 171 183 135
-0.000271 0.008943 0.033621 153 160 116
-0.001839 0.010439 0.033726 182 189 147
-0.003071 0.012703 0.034438 177 184 143
-0.003849 0.016006 0.036098 175 181 143
0.005463 0.003140 0.030624 171 183 135
0.003709 0.004579 0.031266 171 183 135
0.000487 0.008116 0.033162 157 164 120
-0.001073 0.009657 0.033299 172 179 135
-0.002454 0.011599 0.033777 184 191 150
-0.003585 0.014079 0.034689 172 179 138
-0.004539 0.016925 0.036003 160 166 128
0.006215 0.002794 0.030101 172 181 134
0.004624 0.004417 0.030364 175 184 137
0.002901 0.006224 0.031912 175 184 137
-0.000332 0.009486 0.033229 157 163 119
-0.001910 0.010940 0.033280 187 192 151
-0.003141 0.013195 0.033990 176 181 141
-0.003916 0.016502 0.035677 176 180 143
0.006430 0.002629 0.029767 171 180 133
0.004835 0.004249 0.030027 175 184 137
0.003110 0.006057 0.031576 174 183 136
-0.000131 0.009317 0.032890 156 162 118
-0.001712 0.010769 0.032938 186 191 150
-0.002948 0.013023 0.033646 175 180 140
-0.003728 0.016330 0.035333 175 179 142
0.006384 0.003046 0.029249 178 186 137
0.004813 0.004716 0.029546 174 183 136
0.003048 0.006505 0.031236 175 183 136
-0.000195 0.009832 0.032791 167 170 127
-0.001770 0.011291 0.032849 187 189 149
-0.002978 0.013593 0.033584 174 176 137
-0.003778 0.016842 0.035242 175 177 140
0.007415 0.002197 0.029040 166 174 125
0.005865 0.003780 0.028952 181 189 142
0.004063 0.005196 0.029753 167 176 129
0.000772 0.008843 0.032318 163 166 123
-0.000834 0.010270 0.032385 187 190 147
-0.002152 0.012351 0.032944 180 182 143
-0.003308 0.014763 0.033811 174 176 137
0.006379 0.003521 0.028373 184 192 143
0.004690 0.005094 0.029002 171 179 132
0.003110 0.007560 0.031604 178 184 138
0.001195 0.008455 0.031749 169 172 127
-0.000271 0.010295 0.032252 182 185 142
-0.001695 0.012136 0.032654 185 187 147
-0.002916 0.014399 0.033382 172 174 134
0.006519 0.003221 0.028057 184 192 143
0.004965 0.004933 0.028374 173 181 132
0.003179 0.006709 0.030089 175 183 136
0.001351 0.008154 0.031289 172 178 132
-0.000038 0.010207 0.031973 181 184 141
-0.001597 0.011721 0.032107 186 188 148
-0.002789 0.014071 0.032911 170 172 132
-0.003625 0.017231 0.034505 171 173 134
0.006490 0.003654 0.027527 187 195 144
0.004803 0.005246 0.028183 170 178 129
0.003206 0.007706 0.030819 180 186 140
0.001474 0.009057 0.031277 172 175 130
0.000005 0.010897 0.031818 188 191 148
-0.001433 0.012722 0.032272 178 180 140
-0.002654 0.014996 0.033064 169 171 131
0.007369 0.002601 0.027527 173 181 130
0.005928 0.004307 0.027248 181 189 140
0.004114 0.005749 0.028140 167 175 126
0.002553 0.008291 0.030879 187 193 147
0.001011 0.009996 0.031363 178 181 138
-0.000575 0.011487 0.031556 197 200 157
-0.001904 0.013565 0.032224 166 168 128
-0.003058 0.015988 0.033170 171 173 134
0.006606 0.003756 0.026594 185 193 142
0.004922 0.005360 0.027252 170 178 129
0.003364 0.007808 0.029597 182 188 142
0.001893 0.009826 0.030558 179 182 137
0.000448 0.011813 0.031433 193 196 153
-0.000962 0.013727 0.032049 169 171 131
-0.002285 0.015822 0.032880 166 168 128
0.006610 0.003758 0.026249 185 193 142
0.004925 0.005364 0.026909 170 178 129
0.003367 0.007814 0.029258 183 189 143
0.001895 0.009833 0.030220 182 185 140
0.000449 0.011822 0.031097 196 199 156
-0.000962 0.013736 0.031715 164 166 126
-0.002286 0.015833 0.032548 165 167 127
0.003419 0.008258 0.028394 184 190 142
0.002041 0.010531 0.029598 185 188 143
0.002832 0.008912 0.028297 182 188 142
0.003467 0.008933 0.027837 182 188 142
0.003269 0.009117 0.027502 182 185 140
0.007877 -0.002207 0.020775 182 189 138
0.007968 -0.002169 0.020119 181 188 136
0.007855 -0.001864 0.019307 182 186 135
0.008191 -0.002387 0.018679 180 185 131
0.008415 -0.002558 0.018329 179 184 130
0.008434 -0.001490 0.017682 179 183 132
0.008625 -0.002264 0.017418 177 181 130
0.008948 -0.006651 0.015228 187 194 142
0.008600 -0.001785 0.016957 175 182 131
0.008892 -0.004673 0.015489 181 188 136
0.008897 -0.005585 0.014415 186 193 141
0.008892 -0.004097 0.014777 187 195 144
0.009340 -0.005972 0.013682 185 199 148
0.008877 -0.001305 0.015556 183 195 145
0.009347 -0.005976 0.013314 184 201 149
0.008883 -0.001306 0.015193 186 200 151
0.009533 -0.003308 0.014164 191 207 158
0.009370 -0.004579 0.012989 185 201 152
0.010366 -0.006093 0.013142 176 194 142
0.009515 -0.002643 0.013753 185 201 154
0.009823 -0.004174 0.012643 169 187 137
0.009834 -0.003422 0.012628 169 185 136
0.010289 -0.005057 0.012050 166 184 134
0.009594 -0.000992 0.013536 187 200 154
0.010506 -0.004542 0.011940 168 184 135
0.009724 -0.000705 0.013306 186 199 153
0.010997 -0.005350 0.011770 174 190 141
0.010154 -0.001864 0.012474 174 187 141
0.011194 -0.004927 0.011522 176 190 141
0.010312 -0.001499 0.012303 176 188 142
0.010686 -0.003577 0.010997 173 185 139
0.010846 -0.003197 0.010844 176 185 140
0.011395 -0.004532 0.010548 180 187 143
0.010464 -0.001153 0.011452 182 191 146
0.011641 -0.004480 0.010648 190 196 152
0.010574 -0.001670 0.010798 189 196 152
0.011275 -0.003497 0.010020 182 188 144
0.010198 -0.000328 0.011145 181 188 146
0.011422 -0.003031 0.010114 185 188 145
0.010246 -0.000213 0.010866 181 187 143
0.012072 -0.004069 0.010084 204 202 161
0.010943 -0.001434 0.010094 208 214 170
0.011073 -0.001713 0.009904 202 205 162
0.011919 -0.003004 0.009758 192 190 149
0.010764 -0.000356 0.009987 190 193 150
0.012191 -0.002819 0.010048 199 195 157
0.010982 -0.000448 0.009837 194 197 154
0.011721 -0.002058 0.009379 191 188 147
0.010368 0.000036 0.009238 165 166 124
0.011955 -0.001991 0.009556 192 187 149
0.010653 0.000113 0.009190 171 172 130
0.011593 -0.000986 0.009007 192 187 149
0.012901 -0.003241 0.008807 210 195 162
0.011703 -0.000654 0.008960 188 183 145
0.009938 0.000321 0.008041 158 157 113
0.012275 -0.001967 0.008595 191 178 144
0.010910 0.000015 0.008189 175 172 131
0.012307 -0.001937 0.008189 190 175 142
0.010932 0.000101 0.007953 173 168 130
0.012932 -0.003270 0.007622 201 180 151
0.011790 -0.000442 0.008064 180 167 132
0.010002 0.000491 0.007134 167 164 121
0.012689 -0.003182 0.007170 192 171 142
0.011608 -0.000141 0.007852 177 167 132
0.009837 0.000859 0.007002 177 174 131
0.012058 -0.001216 0.007184 174 158 125
0.010533 0.000499 0.006873 179 171 132
0.011634 -0.000073 0.007223 176 163 129
0.009899 0.001042 0.006474 192 187 145
0.011864 -0.000244 0.006860 173 158 125
0.010124 0.000866 0.006103 195 190 148
0.012247 -0.002201 0.005857 162 141 114
0.011034 0.000376 0.006112 188 175 140
0.012255 -0.002202 0.005481 159 135 109
0.011042 0.000376 0.005737 191 178 143
0.011887 -0.000154 0.005955 170 154 121
0.010230 0.001224 0.005443 209 204 162
0.011674 0.000018 0.005570 180 164 131
0.010020 0.001402 0.005063 216 211 169
0.012014 -0.001286 0.004867 150 129 98
0.010697 0.001034 0.005007 211 202 163
0.011896 -0.000131 0.004956 175 152 121
0.010271 0.001364 0.004553 223 214 175
0.011970 -0.001364 0.004212 153 123 99
0.010712 0.001114 0.004439 219 203 169
0.011659 0.000047 0.004344 187 155 130
0.010072 0.001630 0.003977 225 207 171
0.011631 0.000030 0.004088 190 149 129
0.010086 0.001687 0.003702 227 202 171
0.011923 -0.001469 0.003165 167 117 106
0.010730 0.001148 0.003400 232 196 174
0.011634 -0.001414 0.002832 179 125 115
0.010521 0.001363 0.003094 240 202 181
0.010903 0.000877 0.002690 219 172 156
0.009456 0.003002 0.003039 200 170 144
0.011586 -0.001536 0.002085 176 116 108
0.010541 0.001443 0.002494 228 182 166
0.010912 0.000909 0.002032 203 154 139
0.009555 0.003307 0.002632 195 163 140
0.011584 -0.000111 0.001915 172 114 103
0.010229 0.002225 0.002247 205 164 144
0.011592 -0.000111 0.001534 167 107 97
0.010237 0.002226 0.001867 199 156 137
0.010743 0.001396 0.001489 192 140 126
0.009709 0.004709 0.002898 186 152 127
0.011767 -0.000427 0.000739 165 100 94
0.010496 0.002282 0.001550 191 142 125
0.010504 0.001591 0.000904 185 132 118
0.009619 0.005298 0.002629 183 149 124
0.011197 0.000314 0.000080 160 100 90
0.010105 0.003598 0.001549 183 136 118
0.010949 0.000470 -0.000213 162 102 92
0.010216 0.004713 0.002022 180 135 116
0.011357 -0.000013 -0.000683 159 94 88
0.010418 0.003731 0.001181 177 126 109
0.010716 0.001511 -0.000218 173 110 101
0.010074 0.005785 0.001782 179 136 117
0.010724 0.001512 -0.000602 172 109 100
0.010081 0.005790 0.001404 178 133 114
0.011041 -0.000107 -0.001976 174 107 101
0.010405 0.004551 0.000767 172 120 106
0.010728 0.001589 -0.001136 174 107 99
0.010241 0.006170 0.000925 175 128 112
0.010631 0.000464 -0.002344 177 108 103
0.010409 0.005947 0.000665 170 121 106
0.011272 -0.000360 -0.003234 188 114 113
0.010792 0.004804 0.000008 170 110 99
0.010912 0.000361 -0.003117 183 112 108
0.010824 0.006227 0.000207 169 111 100
0.011099 -0.000166 -0.004147 192 118 117
0.010779 0.005472 -0.000414 169 106 97
0.010864 0.002559 -0.002596 174 103 99
0.011520 -0.001622 -0.005900 199 123 125
0.011325 0.004556 -0.001560 175 106 99
0.011070 0.002884 -0.003433 178 104 101
0.011367 0.000181 -0.005930 198 122 122
0.011217 0.006293 -0.001732 175 106 99
0.011397 0.000246 -0.006263 199 123 123
0.011360 0.006470 -0.002257 176 107 100
0.011449 -0.001189 -0.007418 201 125 127
0.011505 0.005333 -0.003256 181 110 104
0.011305 0.000980 -0.006237 197 121 123
0.011313 0.000981 -0.006630 197 121 123
0.011442 -0.000936 -0.007835 199 120 125
0.011437 0.001312 -0.007095 200 121 124
0.011421 0.001991 -0.007171 203 123 126
0.011830 0.000757 -0.008021 201 122 125
0.011678 0.002573 -0.007613 202 123 126
0.012167 0.004406 -0.007049 204 124 127
0.012148 0.002972 -0.008006 200 124 128
0.012368 0.000522 -0.009526 180 109 115
0.012413 0.002177 -0.008970 188 117 121
0.012529 0.000936 -0.009963 178 113 119
0.012495 0.003911 -0.008696 182 119 127
0.012590 0.005498 -0.008405 181 120 127
0.012385 0.004440 -0.009076 173 116 123
0.012625 0.002807 -0.010188 162 113 117
0.012750 0.004654 -0.009465 164 115 119
0.012759 0.004657 -0.009860 162 116 119
0.012969 0.003780 -0.010434 156 115 119
0.012706 0.005271 -0.010275 158 113 118
0.012959 0.006577 -0.009941 168 119 125
0.012862 0.005671 -0.010707 176 131 136
0.013057 0.003498 -0.011510 198 168 170
0.012409 0.007369 -0.010540 177 128 131
0.013063 0.004857 -0.011478 195 161 162
0.013060 0.004994 -0.011492 204 174 174
0.012650 0.007296 -0.011481 197 157 158
0.013314 0.005006 -0.011878 228 209 205
0.012243 0.007807 -0.011641 196 154 156
0.013324 0.005010 -0.012276 237 222 217
0.012253 0.007813 -0.012038 204 164 165
0.012702 0.007652 -0.011963 226 194 195
0.013413 0.006639 -0.012282 250 235 232
0.011893 0.008423 -0.012527 203 163 164
0.013270 0.007711 -0.012221 247 227 226
0.013280 0.007717 -0.012618 249 231 229
0.013773 0.007571 -0.012674 254 245 240
0.012021 0.008910 -0.013007 220 190 188
0.013343 0.007917 -0.013140 253 242 238
0.011614 0.009274 -0.013516 213 179 178
0.013084 0.008104 -0.013340 255 246 242
0.011429 0.009634 -0.013607 211 180 178
0.013316 0.007930 -0.013734 255 250 244
0.011656 0.009456 -0.014008 226 198 195
0.013514 0.006501 -0.014191 251 254 245
0.012164 0.008756 -0.014132 244 231 225
0.013210 0.007781 -0.014385 254 251 244
0.011642 0.009516 -0.014569 237 216 213
0.012822 0.007691 -0.014706 255 255 247
0.011363 0.009649 -0.014828 240 221 217
0.013056 0.007519 -0.015100 252 255 246
0.011591 0.009472 -0.015229 250 235 232
0.011999 0.008462 -0.015662 255 253 248
0.010487 0.010339 -0.015705 232 208 206
0.012927 0.007283 -0.015854 245 255 244
0.011548 0.009408 -0.015974 252 243 238
0.012620 0.007299 -0.016274 245 255 246
0.011348 0.009634 -0.016338 252 244 241
0.012855 0.007127 -0.016669 240 255 245
0.011577 0.009457 -0.016741 254 251 246
0.011988 0.008357 -0.017398 250 255 248
0.010569 0.010533 -0.017123 255 241 238
0.012404 0.006769 -0.017759 239 255 245
0.011437 0.009779 -0.017507 251 252 246
0.012137 0.006663 -0.018699 240 253 243
0.011324 0.010181 -0.017800 251 250 245
0.011495 0.009880 -0.018276 249 250 244
0.011899 0.008764 -0.018958 238 245 237
0.010453 0.010931 -0.018578 252 245 237
0.011509 0.009913 -0.019029 243 246 237
0.011398 0.010386 -0.019160 242 248 238
0.011407 0.010394 -0.019567 240 248 237
0.007576 0.000237 0.038437 175 186 130
0.010123 -0.003934 0.036345 185 194 139
0.009016 -0.001479 0.037632 183 192 137
0.007582 0.000237 0.038109 174 185 129
0.010896 -0.005277 0.035546 201 210 155
0.009678 -0.003146 0.036249 174 183 128
0.008308 -0.001178 0.037143 176 185 130
0.006978 0.000738 0.037817 170 183 127
0.011237 -0.005732 0.035172 199 208 153
0.009918 -0.003835 0.035564 178 187 132
0.008763 -0.001458 0.036797 178 187 132
0.007326 0.000287 0.037356 171 182 126
0.011051 -0.005578 0.034767 194 203 148
0.009760 -0.003570 0.035370 175 184 129
0.008352 -0.001625 0.036317 177 186 133
0.007016 0.000319 0.037065 173 186 132
0.010976 -0.016363 0.028976 225 230 172
0.011777 -0.010312 0.032310 218 226 169
0.011541 -0.006290 0.034363 193 202 147
0.010114 -0.004642 0.034422 184 193 138
0.009044 -0.002088 0.035797 181 190 135
0.007529 -0.000410 0.036419 174 184 131
0.011641 -0.009420 0.032488 207 215 158
0.011163 -0.005887 0.034132 186 195 140
0.009665 -0.004358 0.034125 178 187 132
0.008466 -0.001991 0.035456 179 188 135
0.007075 -0.000098 0.036241 176 186 133
0.011836 -0.009620 0.032164 206 214 157
0.011353 -0.006087 0.033807 181 190 135
0.009850 -0.004560 0.033797 180 189 134
0.008649 -0.002193 0.035128 180 189 136
0.007254 -0.000300 0.035912 176 186 133
0.011645 -0.007033 0.033522 184 193 136
0.010311 -0.005205 0.033681 185 194 139
0.008946 -0.003335 0.034154 179 188 133
0.007589 -0.001342 0.035040 176 185 132
0.006434 0.000949 0.036126 186 199 145
0.011710 -0.009761 0.031682 197 205 146
0.011257 -0.006125 0.033483 176 185 130
0.009666 -0.004800 0.033205 180 189 134
0.008494 -0.002437 0.034394 181 190 137
0.007155 -0.000454 0.035213 177 187 134
0.011568 -0.008787 0.032129 183 193 133
0.010756 -0.005814 0.033466 178 187 132
0.009210 -0.004381 0.033321 178 187 132
0.008001 -0.002228 0.034047 180 189 136
0.006714 -0.000171 0.034886 179 192 138
0.011575 -0.008792 0.031790 178 188 128
0.010763 -0.005818 0.033130 176 185 130
0.009217 -0.004383 0.032984 178 187 132
0.008006 -0.002229 0.033711 180 189 136
0.006718 -0.000171 0.034553 179 192 138
0.011173 -0.010133 0.030565 179 187 128
0.010815 -0.006244 0.032704 172 181 124
0.009211 -0.004908 0.032463 179 188 133
0.008150 -0.002547 0.033192 182 191 136
0.006788 -0.000649 0.033814 179 189 136
0.011083 -0.011475 0.029438 182 190 131
0.011131 -0.006784 0.032204 172 180 123
0.009652 -0.005188 0.032221 182 191 136
0.008474 -0.003038 0.032754 186 193 141
0.007122 -0.001140 0.033312 178 188 135
0.006505 0.002115 0.035240 182 195 142
0.011134 -0.009130 0.030372 171 179 120
0.010409 -0.006025 0.031721 179 189 129
0.008812 -0.004693 0.031437 181 190 135
0.007642 -0.002451 0.032234 181 190 135
0.006366 -0.000329 0.033193 178 191 137
0.009750 -0.005673 0.031110 185 194 137
0.007190 -0.001546 0.032498 178 188 135
0.006580 0.001758 0.034514 179 192 139
0.011146 -0.010873 0.028697 172 180 123
0.009132 -0.005876 0.030014 184 193 138
0.006795 -0.001149 0.032314 176 186 133
0.006550 0.002932 0.035349 175 187 137
0.011013 -0.009452 0.029034 169 177 120
0.008662 -0.005136 0.029795 183 192 139
0.006317 -0.000399 0.032218 175 185 133
0.010877 -0.008626 0.029012 175 182 128
0.009762 -0.006377 0.029403 186 195 140
0.008365 -0.004676 0.029385 183 193 141
0.006156 0.000392 0.032328 175 185 135
0.011049 -0.011136 0.027443 178 183 127
0.010602 -0.007498 0.029107 179 188 135
0.008982 -0.006269 0.028522 183 193 141
0.007986 -0.003729 0.029440 179 189 139
0.006719 -0.001405 0.030879 173 182 135
0.006464 0.002830 0.034424 175 185 135
0.010783 -0.009980 0.027525 180 185 131
0.009941 -0.007170 0.028405 179 187 136
0.008353 -0.005864 0.027922 184 193 146
0.007343 -0.003301 0.028977 178 187 140
0.006226 -0.000684 0.030736 172 180 133
0.010536 -0.008232 0.027953 183 190 139
0.009171 -0.006504 0.027795 178 187 140
0.008019 -0.004299 0.028299 172 181 136
0.006716 -0.002151 0.029304 172 181 136
0.006213 0.001733 0.032660 175 181 137
0.010736 -0.010128 0.026690 186 190 139
0.009778 -0.007550 0.027324 175 183 136
0.008234 -0.006157 0.026900 184 195 152
0.007235 -0.003591 0.027900 173 184 141
0.006141 -0.000933 0.029663 169 176 134
0.010977 -0.011378 0.025842 193 191 142
0.010248 -0.008304 0.026947 184 190 144
0.008734 -0.006860 0.026521 182 191 148
0.007755 -0.004310 0.027357 167 178 136
0.006532 -0.001929 0.028737 170 177 135
0.006463 0.002912 0.033416 180 181 139
0.010538 -0.009445 0.026177 185 187 140
0.009323 -0.007419 0.026235 173 180 136
0.008036 -0.005525 0.026289 175 186 144
0.006813 -0.003330 0.027061 175 184 141
0.005962 -0.000242 0.029199 171 177 133
0.010707 -0.010261 0.025514 186 185 137
0.009640 -0.007903 0.025915 176 183 139
0.008131 -0.006445 0.025516 184 195 152
0.006027 -0.001321 0.027959 169 176 132
0.010797 -0.011253 0.024672 192 190 142
0.009809 -0.008704 0.025263 178 184 138
0.008312 -0.007227 0.024834 186 198 152
0.006382 0.003069 0.031888 180 182 142
0.010998 -0.011456 0.024339 195 193 145
0.010004 -0.008909 0.024927 179 182 137
0.008503 -0.007434 0.024492 182 194 148
0.007539 -0.004889 0.025215 168 179 136
0.006561 0.002867 0.031553 178 180 140
0.011066 -0.011372 0.024010 200 196 151
0.009995 -0.008988 0.024425 182 185 142
0.008418 -0.007632 0.023926 187 196 153
0.006596 0.002816 0.030916 178 183 142
0.010880 -0.011184 0.023639 200 196 151
0.009814 -0.008795 0.024060 186 191 150
0.008239 -0.007434 0.023564 185 194 151
0.006427 0.003023 0.030577 179 184 143
0.010776 -0.009779 0.023783 196 194 153
0.009307 -0.008243 0.023359 198 205 163
0.008012 -0.006279 0.023578 174 185 143
0.011228 -0.011165 0.023059 208 203 161
0.010128 -0.008852 0.023378 195 197 157
0.008406 -0.007723 0.022765 192 200 159
0.006621 0.002504 0.028862 182 187 146
0.010700 -0.009426 0.023162 203 201 162
0.009152 -0.008041 0.022603 214 221 180
0.007828 -0.006108 0.022838 171 179 138
0.010898 -0.009630 0.022824 208 204 166
0.009345 -0.008249 0.022259 214 219 179
0.008017 -0.006318 0.022492 171 179 138
0.010777 -0.009278 0.022681 210 208 169
0.009181 -0.008008 0.021959 215 220 180
0.007824 -0.006145 0.022107 168 176 135
0.011479 -0.010740 0.022087 216 208 171
0.010431 -0.008361 0.022394 208 208 170
0.008397 -0.007803 0.021297 189 196 155
0.011822 -0.011146 0.021963 215 205 169
0.010835 -0.008631 0.022382 217 215 177
0.008798 -0.008182 0.020976 207 212 172
0.007667 -0.005942 0.021353 163 171 130
0.010863 -0.009115 0.021897 222 218 181
0.009236 -0.007930 0.021033 214 219 179
0.007808 -0.006220 0.020983 162 170 129
0.010938 -0.008413 0.022003 219 217 179
0.008796 -0.008179 0.020356 201 206 166
0.007624 -0.006043 0.020570 162 171 128
0.011459 -0.010131 0.021382 219 209 174
0.010540 -0.007582 0.021671 209 209 171
0.008152 -0.007755 0.019779 172 179 138
0.010948 -0.008312 0.021651 218 214 177
0.008786 -0.008097 0.019997 189 194 153
0.007569 -0.006151 0.019811 163 172 129
0.010955 -0.008317 0.021296 216 212 175
0.008792 -0.008103 0.019639 181 186 145
0.007575 -0.006156 0.019452 164 173 130
0.010714 -0.008123 0.021171 214 210 173
0.008580 -0.007784 0.019747 174 179 138
0.007347 -0.006013 0.019097 164 173 128
0.010257 -0.007409 0.020706 200 201 161
0.008063 -0.007307 0.018820 171 178 134
0.010668 -0.007679 0.020684 215 211 173
0.008310 -0.007723 0.018997 180 186 140
0.007147 -0.005864 0.018322 171 179 130
0.010485 -0.007485 0.020313 212 210 169
0.008127 -0.007525 0.018626 183 189 143
0.009328 -0.007902 0.019274 199 200 156
0.007942 -0.006451 0.018182 184 190 142
0.010047 -0.007716 0.019386 213 212 168
0.008173 -0.006998 0.018017 189 195 147
0.009836 -0.008044 0.018950 216 215 169
0.008221 -0.006898 0.017803 195 202 151
0.006766 -0.005489 0.016917 174 183 130
0.008992 -0.007955 0.018134 211 213 164
0.007822 -0.006139 0.017254 197 204 150
0.009465 -0.008134 0.018162 220 220 170
0.008033 -0.006690 0.017157 204 211 157
0.006568 -0.005282 0.016289 177 188 130
0.009025 -0.008412 0.017388 223 225 175
0.008030 -0.006298 0.016664 207 216 159
0.007984 -0.007676 0.016484 219 227 170
0.007048 -0.005464 0.015907 197 208 148
0.008181 -0.007884 0.016134 222 230 173
0.007238 -0.005677 0.015549 207 218 158
0.008172 -0.006968 0.015837 221 229 172
0.006889 -0.005282 0.015065 201 213 151
0.008168 -0.007910 0.015460 225 230 176
0.007348 -0.005510 0.014963 217 227 166
0.008033 -0.007610 0.015189 229 234 180
0.007363 -0.004982 0.014822 217 227 166
0.008129 -0.006137 0.014789 233 236 181
0.008128 -0.006522 0.014672 235 238 185
0.008038 -0.005752 0.014282 239 237 186
0.008144 -0.007364 0.014196 239 227 187
0.007565 -0.004498 0.014154 234 223 177
0.008149 -0.007369 0.013829 241 225 191
0.007570 -0.004501 0.013788 236 221 178
0.008127 -0.005914 0.013823 251 232 199
0.007174 -0.003569 0.013752 219 206 164
0.008106 -0.006425 0.013419 252 231 200
0.007281 -0.003872 0.013429 229 211 173
0.008049 -0.005491 0.013377 247 220 190
0.007375 -0.002690 0.013639 225 210 171
0.008434 -0.006378 0.012991 240 210 184
0.007772 -0.003531 0.013248 239 213 180
0.008448 -0.005822 0.012904 240 206 181
0.007984 -0.002668 0.013376 239 214 183
0.008983 -0.006950 0.012618 206 161 140
0.008169 -0.004321 0.012715 246 211 183
0.009171 -0.006642 0.012472 196 151 130
0.008451 -0.003856 0.012692 239 202 175
0.008703 -0.004950 0.012161 219 178 156
0.008884 -0.004633 0.012082 208 166 144
0.009240 -0.006067 0.011543 179 130 113
0.008882 -0.002703 0.012169 220 183 157
0.009307 -0.005931 0.011367 171 119 105
0.009074 -0.002335 0.012210 215 174 152
0.009009 -0.004407 0.011282 184 135 120
0.009007 -0.004863 0.010959 168 116 102
0.009056 -0.000895 0.011964 207 171 147
0.009293 -0.002915 0.011296 182 135 119
0.009636 -0.002338 0.011389 175 126 111
0.009439 -0.004675 0.010211 133 79 69
0.009620 -0.000498 0.011342 187 142 123
0.009738 -0.004643 0.010193 142 85 76
0.009942 -0.000374 0.011478 183 136 120
0.009759 -0.003136 0.010205 154 100 90
0.009787 -0.003556 0.009863 147 92 85
0.010505 -0.004902 0.009561 168 108 107
0.010250 -0.001324 0.010413 168 115 107
0.010057 -0.002121 0.009758 162 107 102
0.010503 -0.003911 0.009116 169 109 109
0.010677 0.000338 0.010479 184 131 123
0.010774 -0.003459 0.009089 178 120 119
0.010850 0.000642 0.010402 186 136 127
0.010483 -0.001961 0.008942 175 121 119
0.010638 -0.001667 0.008901 183 129 127
0.011005 -0.003072 0.008353 202 148 148
0.010972 0.000865 0.009593 201 150 146
0.010967 -0.002580 0.008288 198 148 149
0.010894 0.001279 0.009479 204 157 151
0.011430 -0.003354 0.007935 231 181 182
0.010948 -0.000134 0.008643 191 143 141
0.011092 -0.002370 0.007765 211 163 163
0.011048 0.001510 0.008913 202 154 150
0.011290 -0.002577 0.007405 226 177 180
0.011238 0.001300 0.008548 193 148 143
0.011064 -0.000956 0.007385 203 157 157
0.011072 -0.000956 0.007013 202 156 158
0.011512 -0.002166 0.006785 233 188 193
0.011530 0.001751 0.007787 180 136 133
0.011330 -0.001961 0.006400 226 181 186
0.011358 0.001963 0.007414 177 133 130
0.011772 -0.002698 0.006267 248 211 218
0.011516 0.000848 0.007071 177 133 134
0.011600 -0.001981 0.006003 234 195 200
0.011644 0.001971 0.006996 163 119 118
0.011665 0.001146 0.006726 186 142 143
0.011496 -0.001599 0.005521 236 197 200
0.011609 0.002472 0.006629 187 142 139
0.011582 -0.001449 0.005302 239 200 201
0.011811 0.002815 0.006567 198 153 150
0.011856 0.001446 0.005883 226 181 178
0.011822 0.001877 0.005638 236 188 184
0.011593 0.000525 0.004749 245 197 195
0.011874 0.001922 0.004891 240 191 187
0.011620 0.000528 0.003963 245 195 194
0.011555 -0.001590 0.002925 240 198 199
0.012042 0.003124 0.004566 233 184 180
0.011563 -0.001591 0.002546 239 195 196
0.012051 0.003126 0.004192 236 187 183
0.011834 0.001332 0.003203 244 194 193
0.011623 -0.002024 0.001704 217 175 176
0.012168 0.002803 0.003400 242 190 192
0.011635 0.001509 0.002452 241 191 190
0.011258 -0.001086 0.001112 227 183 182
0.011300 -0.000480 0.001071 227 179 177
0.011300 -0.001509 0.000367 210 166 165
0.011208 0.000416 0.000711 222 172 171
0.011217 0.000417 0.000329 216 166 165
0.011747 0.003635 0.001053 242 191 188
0.011174 0.000350 -0.000411 202 154 152
0.010670 -0.000935 -0.001352 190 145 142
0.011930 0.003405 -0.000064 215 167 163
0.011065 -0.000839 -0.001899 176 135 131
0.011748 0.004076 -0.000348 219 174 169
0.011765 0.003643 -0.000770 205 157 153
0.011544 0.001395 -0.001773 173 128 125
0.012010 0.002569 -0.001658 179 131 129
0.011815 0.001803 -0.002265 171 130 126
0.011625 -0.000490 -0.003370 180 149 144
0.011872 0.003812 -0.002086 181 133 131
0.012014 0.000139 -0.003299 186 157 151
0.011852 0.003810 -0.002377 172 127 122
0.012065 0.003144 -0.002883 169 130 123
0.012641 0.001579 -0.003400 197 170 161
0.011787 0.004216 -0.002954 162 119 112
0.012650 0.001580 -0.003786 205 181 171
0.011796 0.004219 -0.003339 164 124 116
0.013156 0.000975 -0.003773 233 216 208
0.012320 0.003531 -0.003726 182 148 139
0.013078 0.002242 -0.004097 223 203 192
0.011920 0.004404 -0.003953 166 126 118
0.013218 0.002999 -0.004024 226 203 195
0.011871 0.004831 -0.004161 170 127 120
0.013636 0.002191 -0.004336 250 237 228
0.012308 0.003998 -0.004678 192 158 149
0.013553 0.003561 -0.004276 237 217 208
0.012016 0.005063 -0.004711 179 139 131
0.013321 0.003631 -0.004901 236 216 207
0.012062 0.005623 -0.004850 181 140 134
0.014089 0.003924 -0.004536 251 237 228
0.012343 0.005092 -0.005217 190 155 149
0.014057 0.001974 -0.005245 253 253 241
0.013080 0.004254 -0.005516 236 213 205
0.014585 0.003769 -0.004877 255 251 240
0.012771 0.004800 -0.005746 226 203 195
0.014259 0.002305 -0.005713 249 251 240
0.013282 0.004604 -0.005915 246 231 224
0.014538 0.004662 -0.005386 250 247 238
0.012641 0.005629 -0.006125 234 215 209
0.014050 0.004862 -0.006008 251 248 241
0.012417 0.006259 -0.006397 241 217 215
0.014492 0.005112 -0.005897 251 251 243
0.012620 0.006136 -0.006559 255 240 238
0.014875 0.004243 -0.006293 244 249 242
0.013146 0.005451 -0.006949 254 249 243
0.014794 0.005110 -0.006401 249 252 245
0.012967 0.006211 -0.006998 255 244 242
0.014805 0.005114 -0.006789 250 253 246
0.012977 0.006216 -0.007387 255 246 244
0.015052 0.004620 -0.006874 247 254 247
0.013526 0.006119 -0.007393 253 248 245
0.014744 0.005554 -0.007283 253 255 249
0.012967 0.006733 -0.007831 253 239 238
0.014635 0.005897 -0.007531 254 253 249
0.012844 0.007064 -0.008063 250 232 232
0.014841 0.005755 -0.007748 252 254 249
0.013129 0.007022 -0.008271 254 240 239
0.014104 0.006608 -0.008140 254 250 247
0.012226 0.007614 -0.008858 247 218 220
0.014896 0.005048 -0.008109 249 255 249
0.013697 0.006964 -0.008597 254 249 245
0.014777 0.004982 -0.008188 248 255 248
0.013798 0.007194 -0.008627 254 249 245
0.011802 0.007972 -0.009631 231 199 200
0.014368 0.006571 -0.008981 252 253 247
0.012449 0.007509 -0.009784 250 230 229
0.014886 0.004655 -0.008944 244 255 247
0.014109 0.007178 -0.009214 253 252 247
0.012039 0.007856 -0.010270 246 220 219
0.014897 0.004659 -0.009336 244 255 247
0.014119 0.007183 -0.009606 253 252 247
0.012048 0.007862 -0.010664 247 226 223
0.014553 0.006796 -0.010078 252 255 248
0.012556 0.007659 -0.010843 253 244 239
0.015021 0.005657 -0.010255 246 255 248
0.013719 0.007491 -0.010613 254 255 249
0.011738 0.008320 -0.011550 244 225 219
0.014795 0.006147 -0.011006 246 255 248
0.013114 0.007506 -0.011418 255 253 246
0.014806 0.006152 -0.011401 246 255 248
0.013124 0.007512 -0.011813 254 254 246
0.014657 0.005081 -0.011750 243 254 248
0.013724 0.007421 -0.011970 253 255 249
0.011796 0.008398 -0.012666 252 239 233
0.014676 0.005937 -0.012316 244 255 249
0.013107 0.007463 -0.012659 254 255 247
0.014356 0.005947 -0.012832 244 255 249
0.012885 0.007612 -0.013115 254 255 247
0.014554 0.005736 -0.013224 243 255 249
0.013079 0.007399 -0.013514 249 255 245
0.013961 0.007217 -0.013627 245 255 247
0.011909 0.008080 -0.014267 253 253 243
0.014402 0.005460 -0.014257 240 255 250
0.013026 0.007304 -0.014377 246 254 243
0.012727 0.007358 -0.014856 244 252 241
0.012922 0.007145 -0.015257 241 251 240
0.013280 0.006126 -0.016034 238 254 244
0.011760 0.007878 -0.015910 246 252 238
0.013136 0.003448 -0.017227 239 255 252
0.012742 0.006882 -0.016184 239 251 239
0.012302 0.006735 -0.016783 238 250 236
0.012498 0.006521 -0.017186 236 252 239
0.011843 0.008061 -0.017189 240 251 237
0.012143 0.006472 -0.018183 236 252 241
0.012426 0.007456 -0.017895 238 252 239
0.012525 0.009727 -0.017325 244 255 241
0.012915 0.008302 -0.018569 238 255 240
0.012925 0.008308 -0.018976 235 254 235
0.012486 0.010401 -0.017968 231 254 228
0.011900 0.010845 -0.018924 227 251 225
0.011640 0.011005 -0.019233 226 252 223
0.011831 0.010790 -0.019646 224 253 223
0.012243 0.010452 -0.019882 224 253 222
0.009867 -0.015512 0.031276 193 135 124
0.008830 -0.013518 0.031271 182 135 117
0.009874 -0.015523 0.030933 189 129 119
0.008836 -0.013527 0.030929 170 121 104
0.010199 -0.017245 0.030175 184 119 113
0.009397 -0.014929 0.030404 179 121 110
0.010272 -0.018005 0.029673 195 125 123
0.009677 -0.015427 0.030065 192 129 122
0.010317 -0.017634 0.029211 198 128 126
0.009487 -0.015337 0.029447 192 132 124
0.010334 -0.018858 0.028633 202 130 131
0.009892 -0.016094 0.029101 200 135 131
0.010186 -0.018287 0.028180 206 134 135
0.009525 -0.015783 0.028523 208 143 139
0.010351 -0.018523 0.027852 210 136 137
0.009684 -0.016019 0.028192 214 146 143
0.009786 -0.017161 0.027570 215 144 142
0.009012 -0.014775 0.027917 200 141 133
0.010243 -0.018673 0.027137 211 137 138
0.009513 -0.016262 0.027357 219 149 147
0.009842 -0.018366 0.026626 216 140 142
0.009151 -0.015871 0.027001 220 150 148
0.009849 -0.018378 0.026276 217 141 143
0.009157 -0.015882 0.026652 223 153 151
0.009662 -0.019007 0.025791 217 138 143
0.008707 -0.016902 0.025670 227 156 154
0.008825 -0.017624 0.025142 224 150 149
0.009107 -0.018944 0.024667 218 142 144
0.008290 -0.016623 0.024809 219 152 146
0.008548 -0.018454 0.023967 218 142 142
0.008493 -0.015089 0.025186 215 152 145
0.008041 -0.018281 0.023319 213 139 140
0.007993 -0.014891 0.024613 216 153 144
0.008907 -0.019240 0.023462 213 139 140
0.007902 -0.017187 0.023281 210 142 139
0.007558 -0.014183 0.024270 218 158 148
0.008334 -0.019151 0.022745 210 138 141
0.007727 -0.016542 0.023138 211 147 145
0.007133 -0.013861 0.023861 208 149 141
0.007814 -0.018615 0.022047 214 148 152
0.007812 -0.015148 0.023417 207 146 143
0.008809 -0.019288 0.022753 201 139 144
0.007557 -0.017614 0.022053 212 152 154
0.007353 -0.014422 0.023191 197 139 135
0.007860 -0.018938 0.021514 214 155 161
0.007710 -0.015702 0.022547 202 144 143
0.008885 -0.019178 0.022291 195 140 146
0.007600 -0.017546 0.021540 214 159 164
0.007418 -0.014341 0.022647 183 127 126
0.007837 -0.018549 0.020995 218 163 169
0.007776 -0.015177 0.022214 203 147 148
0.008590 -0.018772 0.021413 201 150 157
0.007735 -0.016508 0.021407 209 159 162
0.007404 -0.013536 0.022250 196 142 140
0.009009 -0.019052 0.021432 191 142 148
0.007688 -0.017452 0.020667 217 164 170
0.007542 -0.014215 0.021757 210 156 156
0.007864 -0.018071 0.020317 220 165 171
0.007745 -0.014805 0.021369 219 165 165
0.008029 -0.018311 0.019977 212 159 165
0.007904 -0.015046 0.021026 224 173 172
0.008014 -0.018323 0.019687 211 160 167
0.007904 -0.015046 0.020716 225 175 174
0.007859 -0.018109 0.019304 214 163 170
0.007756 -0.014827 0.020342 235 185 184
0.008799 -0.018950 0.019677 188 143 146
0.007890 -0.016786 0.019449 219 173 175
0.007900 -0.013372 0.020655 244 199 196
0.008013 -0.018353 0.018688 203 157 160
0.007904 -0.015077 0.019696 239 191 189
0.008682 -0.018674 0.019081 187 145 147
0.007788 -0.016491 0.018861 223 179 180
0.007840 -0.013038 0.020078 254 219 215
0.008852 -0.018912 0.018744 186 146 147
0.007951 -0.016732 0.018518 218 174 175
0.007997 -0.013279 0.019732 254 219 215
0.008842 -0.018480 0.018618 188 149 150
0.007983 -0.016246 0.018453 217 175 176
0.007987 -0.012870 0.019561 253 222 219
0.008234 -0.018076 0.017698 196 157 158
0.008164 -0.014768 0.018675 237 193 192
0.007693 -0.012011 0.019267 255 235 227
0.008828 -0.018120 0.017954 191 157 156
0.008517 -0.015143 0.018557 220 176 175
0.008165 -0.012242 0.019233 254 229 225
0.009097 -0.018176 0.017913 188 157 155
0.008290 -0.015868 0.017825 211 171 169
0.008191 -0.012636 0.018776 254 226 222
0.009075 -0.017792 0.017657 193 163 161
0.008779 -0.014792 0.018292 214 174 172
0.008341 -0.012004 0.018857 255 230 225
0.008565 -0.017199 0.017065 197 166 163
0.008566 -0.013812 0.018106 232 194 191
0.007910 -0.011310 0.018433 254 241 232
0.009280 -0.017527 0.017286 200 176 172
0.008922 -0.014599 0.017876 204 171 166
0.008515 -0.011760 0.018507 251 226 219
0.009286 -0.017539 0.016922 204 180 176
0.008928 -0.014609 0.017514 200 169 164
0.008521 -0.011769 0.018146 249 224 217
0.009314 -0.017067 0.016809 208 184 180
0.008864 -0.014262 0.017289 203 172 167
0.008574 -0.011268 0.018089 253 230 222
0.008962 -0.016293 0.016310 206 183 177
0.008975 -0.012870 0.017472 222 192 184
0.008148 -0.010592 0.017591 254 240 231
0.009388 -0.016600 0.016219 215 196 190
0.009176 -0.013475 0.017046 210 181 175
0.008651 -0.010796 0.017550 255 236 229
0.009233 -0.016383 0.015832 216 197 191
0.009028 -0.013254 0.016667 215 186 180
0.008508 -0.010570 0.017177 255 237 227
0.009468 -0.014818 0.016136 211 188 182
0.009488 -0.011410 0.017307 228 201 192
0.009551 -0.015578 0.015603 224 205 198
0.009459 -0.012306 0.016607 217 188 180
0.008654 -0.009998 0.016765 254 234 223
0.009952 -0.015036 0.015841 229 212 204
0.009692 -0.011992 0.016623 219 192 183
0.008884 -0.009694 0.016763 255 233 222
0.009659 -0.014155 0.015544 215 195 188
0.009591 -0.010873 0.016587 237 210 201
0.010138 -0.014349 0.015655 231 214 206
0.009730 -0.011509 0.016230 227 200 191
0.008921 -0.009220 0.016355 255 227 215
0.010112 -0.013991 0.015334 227 213 202
0.009919 -0.010875 0.016196 234 207 196
0.010555 -0.014644 0.015318 250 240 231
0.009918 -0.012105 0.015560 227 205 194
0.009397 -0.009438 0.016030 254 224 213
0.010724 -0.014882 0.014976 252 245 235
0.010080 -0.012344 0.015212 227 209 197
0.009553 -0.009678 0.015678 253 223 212
0.010738 -0.014015 0.014937 246 239 229
0.010209 -0.011340 0.015325 234 212 201
0.009373 -0.009085 0.015395 250 218 205
0.010870 -0.014707 0.014485 252 250 238
0.010288 -0.012094 0.014778 233 217 204
0.009663 -0.009553 0.015121 252 222 211
0.010900 -0.014248 0.014323 253 250 241
0.010403 -0.011530 0.014726 237 219 207
0.009642 -0.009178 0.014876 248 218 207
0.010890 -0.013031 0.014245 243 237 225
0.010315 -0.010419 0.014612 245 221 209
0.011302 -0.012924 0.014283 246 242 231
0.010593 -0.010493 0.014451 241 221 210
0.009554 -0.008510 0.014243 237 208 194
0.011204 -0.012229 0.014044 239 233 221
0.010409 -0.009917 0.014108 241 217 207
0.011851 -0.013073 0.014011 251 251 241
0.011255 -0.010508 0.014250 240 223 215
0.009972 -0.008842 0.013716 238 209 201
0.011859 -0.013082 0.013646 250 252 241
0.011263 -0.010515 0.013886 239 222 214
0.009979 -0.008848 0.013351 235 206 200
0.012274 -0.011299 0.014155 245 241 230
0.011062 -0.009560 0.013609 236 213 207
0.009712 -0.007939 0.013145 232 202 192
0.012209 -0.011799 0.013655 246 246 236
0.011230 -0.009764 0.013350 235 216 209
0.009735 -0.008337 0.012655 230 201 193
0.012331 -0.010805 0.013739 243 239 228
0.011061 -0.009148 0.013102 234 211 205
0.009609 -0.007659 0.012495 231 198 189
0.012550 -0.011792 0.013269 250 250 240
0.011519 -0.009837 0.012842 236 222 213
0.009924 -0.008536 0.012018 230 201 193
0.012456 -0.011471 0.013053 247 247 237
0.011426 -0.009529 0.012582 236 219 211
0.009846 -0.008228 0.011711 228 199 191
0.012183 -0.010216 0.012688 242 235 225
0.010842 -0.008633 0.012019 231 208 202
0.012164 -0.010258 0.012291 243 236 226
0.011048 -0.008403 0.011847 227 207 200
0.012593 -0.010966 0.012095 247 247 237
0.011499 -0.009090 0.011610 233 219 210
0.012623 -0.010942 0.011766 246 248 237
0.011780 -0.008770 0.011507 234 220 211
0.012065 -0.010057 0.011044 244 237 227
0.010902 -0.008264 0.010533 226 206 197
0.012441 -0.009560 0.011237 245 238 228
0.011233 -0.007835 0.010647 224 205 198
0.012848 -0.010663 0.011065 249 251 240
0.012199 -0.008272 0.010941 236 223 214
0.012928 -0.010874 0.011102 249 252 243
0.012629 -0.008052 0.011305 240 230 220
0.010828 -0.007101 0.009930 221 196 189
0.013111 -0.009471 0.011068 249 249 237
0.012251 -0.007350 0.010727 230 217 208
0.013491 -0.008911 0.011469 249 251 240
0.012564 -0.006903 0.010960 229 219 209
0.013155 -0.007771 0.010942 242 238 227
0.011430 -0.006799 0.009408 220 203 193
0.013407 -0.007798 0.011028 245 243 231
0.012267 -0.006137 0.010044 222 208 199
0.013824 -0.009289 0.010790 251 254 243
0.013174 -0.006966 0.010433 239 233 221
0.013379 -0.007103 0.010282 243 239 228
0.013894 -0.008438 0.010232 252 254 243
0.013102 -0.006383 0.009463 234 228 216
0.013914 -0.008779 0.010001 250 255 244
0.013361 -0.006433 0.009438 238 234 223
0.013768 -0.007872 0.009331 249 251 238
0.013859 -0.007764 0.009094 249 252 241
0.014207 -0.008857 0.009159 249 255 245
0.013648 -0.006535 0.008501 242 242 230
0.014335 -0.008707 0.008949 248 255 245
0.013765 -0.006385 0.008327 243 245 232
0.013987 -0.007642 0.008152 247 253 241
0.013954 -0.007252 0.007976 246 252 240
0.014318 -0.008006 0.007825 248 255 243
0.014085 -0.007102 0.007437 246 254 241
0.014249 -0.007339 0.007081 247 255 242
0.013899 -0.011106 0.001543 239 255 245
0.013485 -0.012605 -0.000251 235 255 246
0.014107 -0.008247 0.002123 239 255 244
0.014089 -0.009170 0.001308 238 255 245
0.013443 -0.012772 -0.001351 235 255 244
0.013787 -0.008744 0.000756 238 255 245
0.013735 -0.009744 -0.000212 238 255 245
0.013899 -0.006107 0.001326 237 253 240
0.013163 -0.012378 -0.002458 239 255 245
0.013545 -0.008190 0.000130 239 255 244
0.013172 -0.012386 -0.002848 238 254 243
0.013554 -0.008195 -0.000253 239 255 244
0.014040 -0.004237 0.001520 240 254 237
0.013064 -0.010133 -0.001753 239 255 244
0.014035 -0.005436 0.000918 241 255 242
0.013467 -0.008711 -0.001098 239 255 242
0.014130 -0.004474 0.001030 242 254 240
0.012401 -0.010559 -0.003134 238 254 241
0.013887 -0.005056 0.000720 243 255 243
0.013157 -0.002758 0.000596 248 254 240
0.013905 -0.003352 0.001058 243 254 240
0.014025 -0.006068 0.000050 243 255 243
0.013708 -0.003107 0.000879 245 253 240
0.014028 -0.003494 0.000805 245 255 242
0.014134 -0.004970 0.000247 243 255 243
0.013218 -0.002840 0.000030 248 254 242
0.014144 -0.004973 -0.000134 243 255 243
0.013228 -0.002842 -0.000352 248 254 242
0.013657 -0.003377 0.000060 245 255 244
0.012215 -0.002053 -0.001352 252 255 242
0.013092 -0.002927 -0.000918 247 255 242
0.012999 -0.003371 -0.001204 245 255 244
0.011826 -0.001713 -0.002284 251 255 241
0.013457 -0.004072 -0.001464 245 255 244
0.012195 -0.002486 -0.002566 250 253 242
0.011760 -0.002165 -0.003086 248 254 240
0.011792 -0.002528 -0.003506 249 255 243
0.011368 -0.001423 -0.003912 249 255 241
0.011169 -0.001585 -0.004606 247 255 240
0.011218 -0.003122 -0.005268 245 255 242
0.010963 -0.003360 -0.005672 244 255 241
0.011317 -0.003770 -0.005890 244 254 243
0.011152 -0.000865 -0.005710 247 255 242
0.010842 -0.003056 -0.006267 244 255 241
0.010850 -0.003058 -0.006661 244 255 241
0.010854 -0.001096 -0.006723 245 255 244
0.010750 -0.003177 -0.007493 244 255 241
0.010575 -0.002977 -0.007952 243 255 241
0.010710 -0.000932 -0.008131 245 255 244
0.010601 -0.002982 -0.008786 243 255 241
0.010345 -0.000205 -0.008772 248 255 247
0.010956 -0.002141 -0.008573 242 254 240
0.010790 -0.003216 -0.009585 243 255 241
0.010422 -0.000511 -0.009524 248 255 247
0.010971 -0.004754 -0.010578 241 255 242
0.010836 -0.001460 -0.009188 243 255 243
0.010731 -0.004222 -0.011034 241 255 242
0.010389 -0.001201 -0.009962 245 255 244
0.011002 -0.004758 -0.011423 238 254 241
0.010748 -0.001545 -0.009956 243 255 243
0.010856 -0.003172 -0.011093 238 254 241
0.010185 -0.000881 -0.011638 247 255 244
0.011180 -0.005463 -0.012487 231 255 235
0.011004 -0.002074 -0.010670 240 253 243
0.011195 -0.005935 -0.013219 231 254 236
0.010750 -0.002857 -0.011726 238 254 241
0.010861 -0.004094 -0.012804 234 255 240
0.010060 -0.001620 -0.012340 243 255 245
0.011421 -0.006116 -0.013919 233 254 239
0.010882 -0.003096 -0.012351 238 254 243
0.011430 -0.006120 -0.014325 233 254 239
0.010890 -0.003098 -0.012753 238 254 243
0.011693 -0.006739 -0.014969 237 255 241
0.010887 -0.004072 -0.013904 237 255 243
0.009488 -0.002324 -0.014275 243 255 245
0.011295 -0.005904 -0.015251 235 255 241
0.010643 -0.002971 -0.013643 239 255 244
0.011427 -0.005256 -0.015076 237 255 241
0.010422 -0.002705 -0.013711 242 255 246
0.011317 -0.005935 -0.016174 237 255 241
0.010626 -0.003025 -0.014537 241 254 244
0.012099 -0.006718 -0.016223 239 255 242
0.011183 -0.004176 -0.015293 238 255 244
0.009161 -0.002981 -0.015741 242 255 246
0.011672 -0.006418 -0.016974 238 254 241
0.010826 -0.003744 -0.015761 239 255 244
0.008930 -0.002664 -0.017102 243 255 245
0.011751 -0.006332 -0.017280 238 255 239
0.010736 -0.003839 -0.016194 239 255 244
0.008649 -0.003033 -0.017977 243 255 245
0.012386 -0.006841 -0.017260 239 255 240
0.011277 -0.004525 -0.016567 239 255 244
0.008863 -0.003835 -0.017694 242 255 245
0.011935 -0.006602 -0.018169 238 255 239
0.010535 -0.004582 -0.017631 239 255 244
0.011944 -0.006607 -0.018582 238 255 239
0.010543 -0.004585 -0.018043 239 255 244
0.004499 -0.004123 0.037248 199 131 132
0.004646 -0.008060 0.035819 209 132 140
0.004432 -0.005579 0.036247 206 131 136
0.005968 -0.008903 0.036317 188 121 128
0.004404 -0.007622 0.035364 208 133 140
0.004565 -0.004784 0.036292 201 129 133
0.005674 -0.008527 0.035746 200 129 135
0.004470 -0.006941 0.035090 210 135 142
0.005200 -0.008296 0.035061 200 127 134
0.004475 -0.006266 0.034957 212 135 143
0.006250 -0.008693 0.035520 183 121 126
0.004673 -0.007453 0.034424 206 131 138
0.004769 -0.004640 0.035421 207 135 139
0.007679 -0.010096 0.036033 241 207 205
0.006254 -0.008698 0.035185 181 120 125
0.004677 -0.007458 0.034087 204 131 138
0.004773 -0.004643 0.035087 209 137 141
0.008478 -0.011067 0.036125 255 246 242
0.007317 -0.009438 0.035498 198 156 157
0.005898 -0.008059 0.034558 187 121 125
0.004702 -0.006465 0.033911 211 138 145
0.007648 -0.009831 0.035305 232 198 196
0.006305 -0.008364 0.034515 180 119 124
0.004823 -0.007037 0.033521 204 131 138
0.008695 -0.011251 0.035506 255 250 244
0.007527 -0.009648 0.034779 219 184 182
0.006237 -0.008145 0.033996 177 117 119
0.005032 -0.006550 0.033372 206 135 141
0.008029 -0.010223 0.034683 249 225 221
0.006810 -0.008627 0.034080 181 131 132
0.005406 -0.007231 0.033163 197 126 132
0.007770 -0.009801 0.034208 237 206 203
0.006637 -0.008137 0.033651 174 119 122
0.005348 -0.006624 0.032913 200 131 136
0.007882 -0.010053 0.033885 252 224 220
0.006744 -0.008391 0.033323 179 129 130
0.005450 -0.006879 0.032580 198 129 134
0.008460 -0.010541 0.033948 254 241 235
0.007255 -0.008928 0.033358 199 157 158
0.006226 -0.007190 0.032831 182 120 123
0.007883 -0.010061 0.033261 255 227 223
0.006890 -0.008278 0.032792 184 136 136
0.005681 -0.006691 0.032125 194 128 132
0.009102 -0.010972 0.033786 255 252 243
0.007676 -0.009592 0.032826 239 205 203
0.006803 -0.007720 0.032409 169 118 117
0.005681 -0.006053 0.031852 199 133 137
0.009108 -0.010979 0.033451 255 253 244
0.007681 -0.009598 0.032489 241 210 207
0.006807 -0.007725 0.032071 170 119 118
0.005685 -0.006058 0.031513 197 131 135
0.009544 -0.010908 0.033563 253 253 241
0.007897 -0.009786 0.032149 250 223 216
0.007108 -0.007837 0.031808 182 132 133
0.008228 -0.010166 0.032022 255 236 230
0.007327 -0.008317 0.031556 206 162 161
0.006302 -0.006564 0.031076 185 125 127
0.009310 -0.010554 0.032430 255 251 241
0.007805 -0.009268 0.031298 241 212 208
0.006981 -0.007322 0.031055 175 120 123
0.008454 -0.010373 0.031276 254 241 235
0.007566 -0.008497 0.030881 225 185 183
0.006542 -0.006720 0.030483 182 123 125
0.010035 -0.010924 0.032285 253 255 244
0.008182 -0.009962 0.030776 255 235 228
0.007418 -0.007952 0.030595 199 155 154
0.006369 -0.006196 0.030188 187 125 128
0.009492 -0.010437 0.031532 255 253 244
0.007890 -0.009223 0.030357 250 222 218
0.007064 -0.007260 0.030164 172 122 123
0.009092 -0.010127 0.030973 254 245 238
0.007793 -0.008620 0.030160 247 219 215
0.006897 -0.006720 0.029909 171 123 121
0.010237 -0.010761 0.031529 252 253 245
0.008246 -0.009911 0.029915 255 240 233
0.007494 -0.007888 0.029738 208 175 170
0.006517 -0.006072 0.029370 165 116 112
0.009833 -0.010111 0.031052 255 252 245
0.008006 -0.009104 0.029626 252 235 228
0.007242 -0.007095 0.029442 178 140 137
0.008644 -0.009876 0.029701 254 245 238
0.007712 -0.008034 0.029253 228 205 199
0.006831 -0.006136 0.028953 139 100 93
0.009983 -0.009994 0.030531 253 252 247
0.008113 -0.009034 0.029017 255 243 237
0.007396 -0.006988 0.028856 183 154 148
0.010501 -0.010537 0.030558 250 252 247
0.008430 -0.009770 0.028794 255 247 240
0.007730 -0.007713 0.028602 222 202 195
0.006948 -0.005746 0.028333 140 103 94
0.009586 -0.009743 0.029420 254 251 244
0.008123 -0.008392 0.028391 255 243 237
0.007359 -0.006379 0.028234 162 133 125
0.010116 -0.009932 0.029537 252 253 247
0.008264 -0.008949 0.028053 254 245 238
0.007551 -0.006886 0.027934 193 168 161
0.010342 -0.010405 0.029331 251 253 248
0.008643 -0.009290 0.027964 255 246 241
0.007861 -0.007282 0.027791 219 200 193
0.007148 -0.005224 0.027708 153 121 110
0.010459 -0.010658 0.029006 251 253 248
0.008755 -0.009545 0.027632 255 250 244
0.007968 -0.007538 0.027455 230 213 205
0.007250 -0.005481 0.027368 150 118 107
0.010334 -0.010774 0.028584 251 254 247
0.008867 -0.009446 0.027433 254 250 241
0.008006 -0.007497 0.027216 235 218 210
0.007304 -0.005416 0.027176 156 124 113
0.010231 -0.010535 0.028226 251 254 247
0.008767 -0.009203 0.027076 254 251 242
0.007909 -0.007250 0.026862 231 214 206
0.007212 -0.005167 0.026827 164 132 121
0.010171 -0.009622 0.027849 253 253 245
0.008413 -0.008507 0.026622 255 247 238
0.007603 -0.006503 0.026504 203 181 170
0.010207 -0.010935 0.027394 251 254 247
0.008922 -0.009424 0.026466 255 252 243
0.008031 -0.007492 0.026236 245 231 222
0.007352 -0.005384 0.026232 169 141 129
0.010152 -0.009317 0.027232 253 253 243
0.008327 -0.008256 0.025948 255 247 238
0.007528 -0.006238 0.025852 201 179 168
0.010267 -0.009571 0.026902 254 254 244
0.008437 -0.008513 0.025612 255 250 240
0.007634 -0.006495 0.025512 219 201 191
0.007001 -0.004342 0.025590 181 152 138
0.010214 -0.009285 0.026598 254 254 244
0.008374 -0.008235 0.025294 255 249 239
0.007579 -0.006205 0.025224 212 194 182
0.010078 -0.011126 0.025780 251 254 245
0.008989 -0.009405 0.025149 254 254 242
0.008104 -0.007458 0.024938 253 246 236
0.007495 -0.005272 0.025044 195 171 159
0.009795 -0.009357 0.025512 254 254 242
0.008396 -0.007889 0.024714 254 250 239
0.007685 -0.005783 0.024741 214 196 184
0.010258 -0.009277 0.025609 253 255 244
0.008466 -0.008181 0.024342 255 253 241
0.007671 -0.006142 0.024291 230 216 205
0.009875 -0.009309 0.024890 253 255 242
0.008500 -0.007816 0.024119 255 254 242
0.007842 -0.005653 0.024232 228 211 201
0.009807 -0.011080 0.024181 249 255 243
0.009092 -0.009006 0.023956 253 255 242
0.008174 -0.007081 0.023732 255 253 241
0.007727 -0.004742 0.024042 221 199 188
0.009859 -0.009353 0.024140 253 255 242
0.008609 -0.007734 0.023540 254 254 242
0.008022 -0.005497 0.023766 239 225 214
0.009866 -0.009360 0.023791 253 255 242
0.008616 -0.007739 0.023190 255 255 243
0.008028 -0.005500 0.023417 244 232 220
0.009695 -0.009179 0.023361 253 255 242
0.008650 -0.007360 0.023021 253 255 242
0.008115 -0.005072 0.023324 246 232 221
0.009798 -0.010829 0.022685 251 255 241
0.009208 -0.008604 0.022735 255 255 243
0.008312 -0.006625 0.022664 255 254 242
0.008212 -0.003975 0.023357 234 218 205
0.009449 -0.011847 0.021860 248 254 240
0.009546 -0.008975 0.022654 253 255 242
0.008671 -0.006981 0.022573 255 254 242
0.008471 -0.004412 0.023171 245 233 221
0.009343 -0.011605 0.021489 248 254 240
0.009445 -0.008730 0.022290 253 255 244
0.008574 -0.006733 0.022212 255 253 241
0.008379 -0.004161 0.022816 240 228 214
0.009544 -0.010381 0.021623 251 255 241
0.009557 -0.007590 0.022384 254 255 243
0.008636 -0.005637 0.022294 255 250 238
0.008599 -0.002962 0.022967 224 210 197
0.009458 -0.011172 0.020996 250 254 240
0.009722 -0.008147 0.021997 253 255 242
0.008756 -0.006229 0.021857 255 251 239
0.008713 -0.003542 0.022560 236 224 210
0.009267 -0.011394 0.020297 248 254 240
0.010046 -0.007896 0.021853 253 255 242
0.009135 -0.005928 0.021785 254 250 238
0.008940 -0.003368 0.022370 235 223 211
0.009245 -0.010375 0.020191 251 255 241
0.009883 -0.007013 0.021629 254 254 242
0.008842 -0.005165 0.021431 254 248 236
0.008763 -0.002520 0.022099 213 199 188
0.009101 -0.011265 0.019306 248 255 239
0.010293 -0.007387 0.021338 253 255 241
0.009469 -0.005340 0.021382 251 247 235
0.009073 -0.002947 0.021820 222 212 202
0.009314 -0.010735 0.019251 250 254 239
0.010434 -0.006922 0.021241 252 254 240
0.009253 -0.005191 0.020928 253 247 235
0.009116 -0.002584 0.021583 211 201 189
0.009156 -0.011955 0.018416 248 255 239
0.010084 -0.008295 0.020197 251 255 240
0.010188 -0.005414 0.021193 248 246 233
0.009233 -0.003491 0.021118 238 230 219
0.009276 -0.012214 0.018075 248 255 239
0.010198 -0.008552 0.019855 251 255 240
0.010297 -0.005670 0.020849 252 250 237
0.009338 -0.003748 0.020770 245 241 229
0.009475 -0.011333 0.018130 248 255 239
0.010619 -0.007454 0.020270 248 255 237
0.010122 -0.005117 0.020632 249 250 236
0.009562 -0.002865 0.020903 227 221 209
0.009455 -0.012071 0.017562 248 255 239
0.010188 -0.008561 0.019221 248 255 237
0.010494 -0.005491 0.020432 251 252 238
0.009477 -0.003620 0.020286 245 243 230
0.009406 -0.011795 0.017160 248 255 237
0.009892 -0.008490 0.018653 247 255 237
0.010521 -0.005130 0.020213 251 253 239
0.009487 -0.003284 0.020018 235 233 220
0.009340 -0.010802 0.017040 248 255 239
0.010774 -0.006642 0.019606 247 254 238
0.009805 -0.004730 0.019460 253 255 242
0.009661 -0.002157 0.019995 207 201 189
0.009320 -0.011220 0.016419 248 255 239
0.010369 -0.007395 0.018595 246 255 236
0.010345 -0.004655 0.019367 253 255 242
0.009638 -0.002546 0.019425 217 215 202
0.009017 -0.013665 0.015081 246 255 236
0.009032 -0.010773 0.016009 246 255 238
0.010677 -0.006435 0.018760 244 252 237
0.009869 -0.004389 0.018746 247 253 239
0.008697 -0.015484 0.013705 251 254 237
0.009322 -0.012011 0.015258 248 254 240
0.009770 -0.008698 0.016861 243 255 238
0.010787 -0.005025 0.018685 244 255 241
0.009669 -0.003254 0.018380 233 237 222
0.009329 -0.012019 0.014895 248 254 240
0.009777 -0.008704 0.016502 242 255 238
0.010795 -0.005029 0.018330 243 255 243
0.009676 -0.003257 0.018024 232 239 223
0.009043 -0.014200 0.013255 248 255 237
0.008804 -0.011435 0.014314 244 255 241
0.010942 -0.006648 0.017561 240 254 241
0.010275 -0.004479 0.017679 241 252 236
0.008770 -0.014826 0.012509 250 254 237
0.008885 -0.011767 0.013782 246 254 239
0.010610 -0.007313 0.016715 241 255 240
0.010631 -0.004525 0.017560 243 255 241
0.008688 -0.017143 0.011260 251 253 231
0.009042 -0.013935 0.012356 246 255 236
0.008588 -0.011358 0.013221 244 255 241
0.010844 -0.006419 0.016801 238 254 241
0.010241 -0.004185 0.017012 240 252 238
0.009057 -0.015017 0.011702 250 255 235
0.008773 -0.012309 0.012592 246 254 241
0.010744 -0.007584 0.015946 240 255 243
0.010762 -0.004768 0.016885 242 255 243
0.009099 -0.014657 0.011373 247 255 234
0.010628 -0.007398 0.015368 239 255 242
0.008791 -0.016385 0.010374 252 254 233
0.008934 -0.013356 0.011342 244 255 238
0.009144 -0.010202 0.012820 241 255 242
0.010873 -0.005759 0.015834 239 255 242
0.009035 -0.016210 0.010106 251 252 234
0.008862 -0.013451 0.010837 244 255 238
0.009317 -0.010090 0.012505 242 255 243
0.010905 -0.005786 0.015324 241 255 242
0.009192 -0.017170 0.009613 252 253 235
0.009207 -0.014258 0.010405 246 255 236
0.010978 -0.006783 0.014690 241 255 242
0.009453 -0.016998 0.009289 253 254 238
0.009224 -0.014302 0.009871 246 255 238
0.011070 -0.006769 0.014195 241 255 242
0.009398 -0.015623 0.009201 249 253 236
0.008978 -0.013057 0.009823 244 255 239
0.010405 -0.008832 0.012496 242 254 244
0.009357 -0.015698 0.008698 249 253 238
0.009151 -0.012976 0.009383 244 255 241
0.010542 -0.008795 0.011980 241 255 242
0.009711 -0.016842 0.008293 255 254 241
0.009229 -0.014381 0.008600 246 255 238
0.011213 -0.006750 0.012955 238 255 239
0.009571 -0.017352 0.007686 255 252 241
0.009217 -0.014769 0.008107 248 254 240
0.009180 -0.011927 0.008877 244 254 243
0.011023 -0.007391 0.011855 238 254 241
0.009492 -0.016344 0.007532 254 255 241
0.009263 -0.013665 0.008057 246 254 241
0.009574 -0.016266 0.007314 253 254 240
0.009374 -0.013552 0.007899 248 254 242
0.010047 -0.017323 0.006961 254 246 235
0.009465 -0.014928 0.007221 253 255 242
0.009359 -0.012142 0.007919 245 255 244
0.011257 -0.007570 0.010872 237 255 241
0.009729 -0.015061 0.007026 254 255 243
0.009562 -0.012327 0.007667 247 255 242
0.011076 -0.008101 0.010175 239 255 242
0.010436 -0.016262 0.006813 250 246 234
0.009871 -0.013863 0.007088 251 255 241
0.009903 -0.010953 0.007978 243 255 243
0.011163 -0.015999 0.006969 243 237 223
0.010563 -0.013649 0.007161 252 254 240
0.010019 -0.011271 0.007420 245 255 242
0.010625 -0.015413 0.006366 249 245 233
0.010425 -0.012710 0.006943 251 255 241
0.011274 -0.015208 0.006503 244 241 226
0.010774 -0.012790 0.006740 251 255 240
0.010421 -0.010253 0.007180 243 255 241
0.011708 -0.016648 0.006064 206 192 179
0.011100 -0.014306 0.006214 250 248 233
0.010526 -0.011958 0.006391 248 254 240
0.011625 -0.008113 0.008443 239 255 242
0.012172 -0.016229 0.006183 201 188 172
0.011306 -0.014122 0.006086 247 246 228
0.010642 -0.011859 0.006164 248 254 240
0.011687 -0.015238 0.005706 227 218 203
0.010974 -0.013005 0.005739 251 252 236
0.010721 -0.010374 0.006278 243 255 241
0.012010 -0.014951 0.005682 221 212 195
0.011170 -0.012831 0.005605 250 251 233
0.010997 -0.010133 0.006214 243 255 239
0.012612 -0.015873 0.005501 183 170 151
0.011583 -0.013911 0.005259 239 236 217
0.010877 -0.011684 0.005292 248 255 239
0.012938 -0.015220 0.005572 191 178 159
0.011909 -0.013268 0.005316 244 243 222
0.011169 -0.011083 0.005295 246 255 236
0.013287 -0.016009 0.005244 177 161 138
0.012251 -0.014057 0.004981 226 220 198
0.011416 -0.011944 0.004884 252 255 236
0.013337 -0.014876 0.005259 195 183 159
0.012383 -0.012865 0.005052 244 242 221
0.011570 -0.010754 0.004939 247 255 235
0.013466 -0.015140 0.004906 192 177 154
0.012507 -0.013130 0.004694 238 233 211
0.011688 -0.011020 0.004576 248 255 235
0.013371 -0.013780 0.004880 209 202 176
0.012433 -0.011765 0.004676 247 249 227
0.011726 -0.009575 0.004642 242 255 233
0.013381 -0.013790 0.004504 214 204 177
0.012443 -0.011773 0.004299 250 249 228
0.011735 -0.009582 0.004265 241 255 232
0.014105 -0.014573 0.004533 209 193 167
0.013228 -0.012494 0.004401 239 235 208
0.012284 -0.010508 0.004126 250 255 235
0.013997 -0.014329 0.004134 218 202 176
0.013124 -0.012246 0.004006 246 245 217
0.012184 -0.010257 0.003735 248 255 235
0.014616 -0.014859 0.004112 226 209 179
0.013736 -0.012784 0.003956 233 226 197
0.012760 -0.010819 0.003672 253 255 233
0.011752 -0.008927 0.003227 240 254 231
0.014374 -0.014380 0.003657 228 214 185
0.013486 -0.012311 0.003504 245 241 212
0.012485 -0.010382 0.003144 249 254 231
0.014898 -0.014641 0.003615 233 223 188
0.013899 -0.012679 0.003320 231 226 194
0.012874 -0.010758 0.002978 251 254 227
0.011740 -0.008980 0.002385 240 254 229
0.014474 -0.013969 0.003065 230 224 190
0.013524 -0.011961 0.002833 235 239 206
0.012484 -0.010067 0.002430 245 255 228
0.014687 -0.013783 0.002928 227 227 189
0.013627 -0.011874 0.002592 226 232 196
0.012591 -0.009969 0.002221 244 255 225
0.015216 -0.014397 0.002809 232 237 196
0.014047 -0.012588 0.002344 216 222 184
0.012986 -0.010690 0.001985 244 254 219
0.011773 -0.008975 0.001318 238 255 223
0.015391 -0.013875 0.002769 241 248 206
0.014107 -0.012174 0.002184 210 221 181
0.013033 -0.010290 0.001810 243 255 219
0.011783 -0.008607 0.001108 238 255 221
0.015903 -0.014138 0.002742 218 227 182
0.014365 -0.012677 0.001868 205 216 174
0.013263 -0.010808 0.001484 237 249 211
0.012166 -0.008979 0.000969 239 254 221
0.015656 -0.013670 0.002259 226 235 192
0.014315 -0.012033 0.001570 203 216 173
0.013186 -0.010210 0.001088 243 255 217
0.011921 -0.008540 0.000372 240 255 224
0.016200 -0.013902 0.002277 204 213 170
0.014576 -0.012530 0.001266 196 207 165
0.013422 -0.010721 0.000777 236 248 210
0.012337 -0.008882 0.000268 242 255 223
0.015309 -0.013338 0.001184 205 212 170
0.014099 -0.011590 0.000586 201 216 177
0.012986 -0.009775 0.000039 244 255 221
0.015321 -0.013347 0.000804 197 206 163
0.014109 -0.011599 0.000205 201 213 175
0.012995 -0.009782 -0.000344 244 255 221
0.016088 -0.013745 0.000922 192 200 159
0.014570 -0.012288 -0.000043 189 200 158
0.013292 -0.010615 -0.000766 238 253 212
0.015533 -0.013569 0.000082 192 200 159
0.014222 -0.011912 -0.000641 195 206 166
0.013095 -0.010105 -0.001213 238 253 214
0.016097 -0.013418 0.000231 188 197 154
0.014499 -0.012026 -0.000795 189 200 158
0.013215 -0.010346 -0.001488 237 252 211
0.017003 -0.014026 0.000488 161 170 127
0.015111 -0.012920 -0.000899 175 186 144
0.013744 -0.011303 -0.001650 212 225 182
0.012841 -0.009284 -0.001943 237 253 216
0.016900 -0.013812 -0.000042 162 171 128
0.015027 -0.012676 -0.001369 171 182 140
0.013679 -0.011036 -0.002079 217 232 189
0.012796 -0.008985 -0.002298 237 253 217
0.017227 -0.014251 -0.000268 163 172 129
0.015346 -0.013124 -0.001614 183 191 150
0.013981 -0.011492 -0.002325 205 220 177
0.013071 -0.009466 -0.002591 237 253 216
0.016468 -0.013577 -0.001279 188 197 154
0.014848 -0.012193 -0.002301 194 205 165
0.013604 -0.010464 -0.002921 239 251 213
0.016480 -0.013586 -0.001662 195 204 161
0.014859 -0.012201 -0.002687 201 212 172
0.013614 -0.010471 -0.003308 241 253 215
0.017280 -0.013962 -0.001531 195 202 158
0.015405 -0.012827 -0.002877 201 209 168
0.014120 -0.011126 -0.003523 229 239 202
0.013167 -0.009117 -0.003756 244 255 225
0.018288 -0.014853 -0.001311 186 196 146
0.016558 -0.013577 -0.002456 211 218 176
0.014949 -0.012184 -0.003490 214 225 185
0.013736 -0.010421 -0.004074 245 255 221
0.017033 -0.013510 -0.002408 209 216 172
0.015185 -0.012347 -0.003730 211 222 182
0.013963 -0.010587 -0.004307 241 251 217
0.017500 -0.014189 -0.002600 208 216 169
0.015611 -0.013063 -0.003965 210 218 177
0.014361 -0.011321 -0.004566 229 239 204
0.013402 -0.009300 -0.004760 246 255 226
0.017221 -0.013751 -0.003136 212 219 175
0.015411 -0.012544 -0.004398 211 222 182
0.014232 -0.010734 -0.004901 237 247 212
0.013329 -0.008642 -0.004945 244 255 225
0.017468 -0.013904 -0.003357 213 221 174
0.015601 -0.012749 -0.004684 214 222 181
0.014414 -0.010942 -0.005190 232 244 206
0.013460 -0.008909 -0.005347 244 255 225
0.018292 -0.014639 -0.003358 219 226 175
0.016631 -0.013279 -0.004391 213 220 176
0.015173 -0.011726 -0.005209 219 231 191
0.014048 -0.009858 -0.005611 244 255 220
0.017973 -0.014601 -0.004024 213 219 171
0.016224 -0.013322 -0.005170 206 215 172
0.015016 -0.011526 -0.005682 215 230 187
0.013946 -0.009598 -0.005992 240 251 217
0.018361 -0.014636 -0.004146 208 216 165
0.016670 -0.013295 -0.005194 198 205 163
0.015273 -0.011678 -0.005929 209 221 181
0.014198 -0.009755 -0.006249 230 245 206
0.017603 -0.013904 -0.004967 196 204 157
0.015804 -0.012668 -0.006173 195 206 163
0.014713 -0.010755 -0.006522 214 226 186
0.013813 -0.008659 -0.006578 239 255 219
0.017713 -0.013822 -0.005244 189 197 150
0.015906 -0.012594 -0.006468 191 200 157
0.014814 -0.010682 -0.006819 207 219 179
0.013970 -0.008536 -0.006815 237 253 217
0.018157 -0.014159 -0.005359 188 196 145
0.016281 -0.012994 -0.006653 181 190 147
0.015111 -0.011155 -0.007110 193 205 165
0.014161 -0.009110 -0.007263 227 242 203
0.019480 -0.014741 -0.004715 200 209 154
0.017443 -0.013747 -0.006225 182 189 147
0.015857 -0.012311 -0.007216 186 197 155
0.014805 -0.010359 -0.007516 201 216 173
0.019494 -0.014751 -0.005101 196 205 150
0.017456 -0.013756 -0.006615 181 188 146
0.015869 -0.012319 -0.007608 189 200 158
0.014816 -0.010367 -0.007909 199 216 172
0.018600 -0.013784 -0.005985 189 197 146
0.016549 -0.012805 -0.007563 182 191 148
0.015262 -0.011088 -0.008218 190 202 162
0.007535 -0.005870 -0.011517 247 255 237
0.019651 -0.014640 -0.005697 186 195 138
0.017529 -0.013730 -0.007339 184 191 147
0.015948 -0.012297 -0.008378 192 203 161
0.014889 -0.010358 -0.008727 197 214 172
0.007365 -0.004876 -0.011498 248 255 239
0.019641 -0.014280 -0.005914 181 190 133
0.017406 -0.013493 -0.007758 183 190 146
0.015834 -0.012060 -0.008819 193 204 162
0.014774 -0.010132 -0.009210 200 216 177
0.006718 -0.004893 -0.011778 248 255 239
0.005422 -0.003060 -0.012095 253 255 242
0.018128 -0.013929 -0.007625 193 201 152
0.016339 -0.012705 -0.008957 190 199 156
0.015129 -0.010915 -0.009537 189 204 165
0.006902 -0.005819 -0.012287 247 255 239
0.005735 -0.003829 -0.012289 252 254 241
0.017366 -0.013562 -0.008571 189 196 152
0.015817 -0.012104 -0.009614 196 207 165
0.014757 -0.010177 -0.010027 196 212 173
0.006333 -0.005095 -0.012433 247 255 239
0.005385 -0.003044 -0.012716 253 255 242
0.017074 -0.013502 -0.009255 189 196 154
0.015649 -0.011916 -0.010123 193 205 165
0.014649 -0.009934 -0.010468 197 213 174
0.007809 -0.006749 -0.013532 246 255 236
0.006191 -0.004841 -0.012804 248 254 240
0.017456 -0.013867 -0.009302 199 208 161
0.015919 -0.012384 -0.010307 201 214 170
0.014835 -0.010480 -0.010778 190 207 165
0.008919 -0.006639 -0.013370 243 255 233
0.006079 -0.005565 -0.013109 247 255 239
0.005414 -0.003334 -0.013379 252 255 242
0.016672 -0.013167 -0.010253 194 203 158
0.015377 -0.011442 -0.010925 190 201 159
0.014358 -0.009491 -0.011351 212 228 189
0.006932 -0.006514 -0.013954 247 255 237
0.005484 -0.004602 -0.013634 249 255 241
0.016297 -0.012737 -0.010638 199 211 165
0.015116 -0.010916 -0.011220 191 204 160
0.006241 -0.006192 -0.014070 247 255 239
0.005184 -0.004100 -0.013992 248 254 240
0.016665 -0.013148 -0.010826 193 205 157
0.015409 -0.011385 -0.011461 195 208 164
0.014307 -0.009522 -0.012052 214 231 187
0.006894 -0.006558 -0.014795 246 255 236
0.005225 -0.004755 -0.014394 246 254 239
0.015982 -0.012287 -0.011429 196 213 161
0.014825 -0.010465 -0.012078 201 219 171
0.008792 -0.006806 -0.015227 243 255 230
0.005551 -0.005948 -0.014911 243 255 235
0.005257 -0.003423 -0.014923 244 255 239
0.015712 -0.011828 -0.011961 196 213 159
0.014531 -0.010037 -0.012676 212 230 182
0.007630 -0.006931 -0.016090 243 255 231
0.005180 -0.005484 -0.015257 242 255 237
0.015864 -0.012015 -0.012078 195 212 158
0.014658 -0.010246 -0.012830 211 229 179
0.005164 -0.005929 -0.016074 243 255 235
0.004988 -0.003288 -0.015896 242 255 238
0.016294 -0.012734 -0.012281 193 210 156
0.015120 -0.010921 -0.012962 201 217 168
0.013914 -0.009153 -0.013711 226 243 199
0.005821 -0.006619 -0.016734 243 255 233
0.004704 -0.004482 -0.016365 242 255 237
0.015897 -0.012286 -0.012550 190 207 153
0.014661 -0.010560 -0.013439 203 221 171
0.013447 -0.008857 -0.014430 229 246 202
0.008224 -0.007369 -0.017659 245 255 230
0.004999 -0.006456 -0.017225 243 255 235
0.004841 -0.003788 -0.017029 242 255 237
0.015909 -0.012294 -0.012951 188 205 151
0.014673 -0.010567 -0.013841 200 218 168
0.013458 -0.008863 -0.014835 228 245 201
0.008231 -0.007375 -0.018073 245 255 230
0.005003 -0.006461 -0.017640 243 255 235
0.004845 -0.003791 -0.017443 242 255 237
0.014856 -0.011020 -0.013739 191 208 156
0.013462 -0.009564 -0.015317 220 238 190
0.009224 -0.007282 -0.017687 245 255 228
0.005352 -0.007027 -0.018434 243 255 233
0.004087 -0.005017 -0.018301 242 255 237
0.015604 -0.012116 -0.013494 183 200 145
0.014374 -0.010420 -0.014570 197 215 163
0.013070 -0.008867 -0.015975 227 244 199
0.007963 -0.007166 -0.018726 245 255 230
0.004631 -0.006415 -0.018742 243 255 235
0.004382 -0.003859 -0.018832 241 255 237
0.013906 -0.010464 -0.015298 200 218 166
0.012640 -0.008772 -0.016286 230 247 202
0.010504 -0.007652 -0.017521 244 255 223
0.006948 -0.007414 -0.019079 245 255 231
0.004089 -0.006434 -0.019289 242 255 235
0.014190 -0.010535 -0.015268 195 213 161
0.012845 -0.008974 -0.016597 226 243 198
0.010943 -0.007674 -0.017659 244 255 221
0.007942 -0.007061 -0.019010 245 255 230
0.004454 -0.006569 -0.019733 243 255 235
0.013201 -0.009979 -0.016417 210 228 178
0.011868 -0.008219 -0.017012 237 254 210
0.009723 -0.007065 -0.018138 244 255 225
0.012893 -0.009559 -0.017064 218 236 188
0.011339 -0.007949 -0.017743 240 255 216
0.008876 -0.006993 -0.018949 245 255 226
0.012581 -0.009743 -0.017396 217 235 187
0.010995 -0.008177 -0.018206 238 254 215
0.008546 -0.007204 -0.019393 245 255 226
0.013034 -0.010445 -0.017561 204 222 172
0.011651 -0.008720 -0.018233 233 250 205
0.009533 -0.007549 -0.019395 244 255 223
0.012359 -0.010225 -0.018111 211 229 181
0.010724 -0.008741 -0.019188 234 251 209
0.012368 -0.010232 -0.018523 210 228 180
0.010732 -0.008747 -0.019603 233 250 206
0.010961 -0.009165 -0.019424 227 246 200
0.011818 -0.009866 -0.019155 214 232 184
-0.006136 -0.003644 0.032533 182 123 129
-0.005409 -0.004874 0.031861 209 177 180
-0.005362 -0.005148 0.031516 226 197 201
-0.005829 -0.003017 0.031479 177 111 115
-0.004968 -0.006169 0.031120 254 242 244
-0.005499 -0.004063 0.031064 182 137 140
-0.004354 -0.007550 0.031403 254 253 251
-0.005050 -0.005654 0.030617 255 237 239
-0.005685 -0.003553 0.030734 178 122 125
-0.004751 -0.007225 0.030592 255 252 251
-0.005121 -0.005108 0.030238 228 202 205
-0.001539 -0.006931 0.033796 249 254 248
-0.004905 -0.006708 0.030228 255 249 249
-0.005243 -0.004568 0.029928 205 169 173
-0.001660 -0.008450 0.031970 246 255 248
-0.003854 -0.007410 0.030091 253 253 251
-0.004944 -0.005652 0.029418 254 238 239
-0.001661 -0.008456 0.031626 246 255 248
-0.003856 -0.007415 0.029743 252 253 248
-0.004948 -0.005657 0.029068 254 238 239
-0.001305 -0.007436 0.031269 247 254 247
-0.004462 -0.006935 0.028691 255 252 249
-0.001722 -0.008313 0.030386 245 255 247
-0.003519 -0.006994 0.029045 252 253 248
-0.001232 -0.007719 0.030528 248 255 247
-0.004148 -0.007095 0.028059 254 253 249
-0.001677 -0.008928 0.029524 243 254 246
-0.001590 -0.006419 0.030144 250 253 244
-0.001125 -0.010426 0.029381 239 255 244
-0.001706 -0.008333 0.029297 246 255 247
-0.002581 -0.006453 0.028810 252 253 245
-0.001065 -0.010702 0.029044 239 255 244
-0.001651 -0.008608 0.028956 244 255 246
-0.002531 -0.006728 0.028464 251 252 244
0.000388 -0.013240 0.029182 244 255 236
-0.000947 -0.009071 0.029222 241 254 244
-0.000822 -0.006523 0.029943 247 253 243
0.000668 -0.014668 0.028600 243 252 225
-0.000492 -0.012902 0.028078 240 255 236
-0.001378 -0.010947 0.027886 239 255 244
-0.001576 -0.008543 0.028469 244 255 246
-0.002033 -0.006424 0.028283 252 254 243
0.001035 -0.016372 0.027979 216 224 185
0.000577 -0.014169 0.028026 243 253 229
-0.001390 -0.012943 0.026620 237 254 238
-0.000781 -0.009894 0.028544 239 255 244
-0.001093 -0.007645 0.028660 247 255 244
0.001036 -0.016383 0.027630 214 222 183
0.000577 -0.014178 0.027677 242 252 228
-0.001391 -0.012952 0.026267 236 254 238
-0.000782 -0.009901 0.028195 239 255 244
-0.001094 -0.007651 0.028312 247 255 244
0.001378 -0.016531 0.027324 214 220 182
0.000514 -0.014611 0.026887 238 251 225
-0.000596 -0.012766 0.026606 238 255 237
-0.001435 -0.010650 0.027050 239 255 244
-0.001186 -0.008077 0.027543 245 255 244
0.001712 -0.016951 0.027165 214 221 179
0.000555 -0.015219 0.026462 227 241 208
-0.000003 -0.013035 0.026624 241 255 238
-0.002093 -0.011740 0.025719 238 255 244
-0.000839 -0.008450 0.027553 243 255 245
-0.000338 -0.005784 0.028123 248 255 239
0.001828 -0.018191 0.026488 221 227 181
0.000883 -0.016275 0.026164 207 214 180
0.000372 -0.014123 0.026062 237 249 225
-0.001700 -0.012814 0.025189 236 254 238
-0.000575 -0.009509 0.027280 239 255 244
-0.000847 -0.007359 0.026864 244 255 239
0.001741 -0.017293 0.026333 217 224 182
0.000568 -0.015567 0.025614 219 230 198
-0.000071 -0.013399 0.025839 242 255 238
-0.002036 -0.012018 0.025065 239 255 244
-0.000657 -0.008720 0.026666 241 254 244
-0.000125 -0.006035 0.027258 245 254 237
0.001308 -0.016964 0.025681 212 220 181
0.000452 -0.015041 0.025202 223 236 208
-0.000756 -0.013178 0.025154 240 254 237
-0.001257 -0.010956 0.025375 239 255 244
-0.000907 -0.008372 0.025714 243 255 243
0.001825 -0.018242 0.025383 226 234 187
0.000822 -0.016356 0.025015 201 208 175
0.000274 -0.014225 0.024867 234 246 224
-0.001774 -0.012891 0.024033 237 254 238
-0.000721 -0.009711 0.025656 238 254 243
-0.000778 -0.007391 0.025610 244 255 241
0.001734 -0.017667 0.025139 215 224 181
0.000537 -0.015939 0.024443 206 215 186
-0.000072 -0.013783 0.024520 243 254 237
-0.002347 -0.012702 0.022943 241 255 242
-0.000348 -0.008962 0.025355 242 254 242
0.001232 -0.017048 0.024559 202 210 173
0.000390 -0.015123 0.024036 220 234 208
-0.000824 -0.013274 0.023905 242 255 238
-0.001103 -0.010970 0.024049 243 255 243
-0.000732 -0.008322 0.024641 247 255 244
0.001840 -0.018266 0.024361 208 215 173
0.000738 -0.016443 0.023888 190 199 168
0.000038 -0.014372 0.023732 234 246 224
-0.001583 -0.012892 0.022701 243 255 239
-0.000253 -0.009548 0.024547 245 255 244
0.001476 -0.017227 0.024023 190 201 161
0.000384 -0.015460 0.023272 214 227 199
-0.000410 -0.013356 0.023461 243 254 238
-0.001542 -0.011637 0.022567 245 255 244
-0.000155 -0.008283 0.024434 249 255 245
0.001850 -0.018280 0.023690 195 204 161
0.000713 -0.016497 0.023086 185 194 163
-0.000013 -0.014383 0.023165 234 246 224
-0.001181 -0.012658 0.022353 244 255 239
0.000204 -0.009270 0.024308 249 255 243
0.001090 -0.017189 0.023007 186 196 161
0.000198 -0.015239 0.022658 222 236 210
-0.000511 -0.013131 0.022681 246 254 239
-0.000328 -0.010553 0.023193 249 255 243
-0.000079 -0.007952 0.023809 253 254 246
0.001654 -0.017788 0.022972 188 199 157
0.000410 -0.016089 0.022184 200 210 183
-0.000011 -0.013715 0.022841 246 253 237
-0.000928 -0.011887 0.022012 249 255 243
0.000965 -0.008171 0.024558 249 255 245
0.001871 -0.018298 0.022677 194 203 160
0.000665 -0.016573 0.021922 185 194 163
-0.000000 -0.014370 0.022264 238 247 226
-0.000606 -0.012290 0.021964 247 255 240
0.000689 -0.008964 0.023820 249 255 243
0.000948 -0.017026 0.021749 185 195 160
0.000089 -0.014975 0.021769 228 240 216
0.000120 -0.012432 0.022326 248 254 240
0.000398 -0.009782 0.023012 248 255 243
0.000710 -0.007150 0.023680 252 255 244
0.001020 -0.017306 0.021410 187 197 162
0.000157 -0.015255 0.021427 225 237 213
0.000183 -0.012711 0.021981 248 254 240
0.000456 -0.010059 0.022665 249 255 243
0.000764 -0.007427 0.023330 252 255 244
0.001039 -0.017302 0.021083 184 194 159
0.000226 -0.015250 0.021001 224 237 211
0.000202 -0.012768 0.021369 248 254 240
0.000392 -0.010146 0.022071 249 255 243
0.001042 -0.007283 0.023146 252 255 246
0.000969 -0.017046 0.020705 183 193 158
0.000158 -0.014991 0.020625 228 241 215
0.000140 -0.012506 0.020998 248 254 240
0.000334 -0.009882 0.021705 249 255 243
0.000990 -0.007017 0.022787 252 255 246
0.001955 -0.018004 0.020962 186 197 155
0.000558 -0.016351 0.020233 190 200 173
0.000224 -0.014081 0.020194 243 252 235
-0.000616 -0.012155 0.019639 249 255 243
0.001127 -0.008484 0.022223 249 255 245
0.001107 -0.017289 0.020098 180 190 155
0.000337 -0.015265 0.019775 221 234 208
0.000163 -0.012889 0.019943 248 254 240
0.000147 -0.010383 0.020483 249 255 243
0.001189 -0.007248 0.022053 252 255 246
0.002059 -0.017613 0.020542 180 191 149
0.000711 -0.015980 0.019611 195 205 178
0.000341 -0.013746 0.019492 247 255 239
-0.000608 -0.011884 0.018850 249 255 243
0.001067 -0.008264 0.021340 249 255 245
0.002133 -0.017893 0.020204 183 194 152
0.000781 -0.016261 0.019268 188 198 171
0.000405 -0.014027 0.019144 242 251 234
-0.000550 -0.012166 0.018496 249 255 243
0.001122 -0.008542 0.020987 249 255 245
0.002203 -0.017495 0.020185 181 192 150
0.001020 -0.015814 0.019134 195 205 178
0.000609 -0.013598 0.019009 246 255 238
-0.000304 -0.011699 0.018461 249 255 243
0.001369 -0.008093 0.020904 249 255 245
0.001471 -0.017042 0.019267 179 189 154
0.000823 -0.015040 0.018589 219 232 206
0.000550 -0.012708 0.018743 248 254 240
0.000367 -0.010305 0.019122 249 255 243
0.001948 -0.017363 0.019313 179 190 150
0.001292 -0.015365 0.018630 202 215 189
0.000932 -0.013087 0.018697 249 255 241
0.000273 -0.011004 0.018510 249 255 245
0.001913 -0.007462 0.020778 252 255 246
0.001335 -0.015648 0.018325 194 204 177
0.000888 -0.013444 0.018214 246 255 238
0.000088 -0.011457 0.017838 249 255 243
0.001685 -0.007914 0.020148 249 255 245
0.002112 -0.017285 0.018726 181 192 152
0.001535 -0.015221 0.018179 202 215 189
0.001126 -0.012977 0.018186 248 254 240
0.000579 -0.010830 0.018072 249 255 245
0.001898 -0.007510 0.019927 252 255 246
0.001888 -0.016513 0.018211 181 191 156
0.001298 -0.014451 0.017697 226 239 213
0.000974 -0.012144 0.017838 248 254 240
0.000905 -0.009690 0.018249 249 255 243
0.002241 -0.017223 0.018138 185 196 156
0.001677 -0.015143 0.017628 204 217 191
0.001238 -0.012922 0.017579 248 254 240
0.000838 -0.010698 0.017535 249 255 245
0.002242 -0.017234 0.017776 187 198 158
0.001678 -0.015153 0.017264 205 218 192
0.001239 -0.012931 0.017215 248 254 240
0.000839 -0.010706 0.017171 249 255 245
0.002190 -0.016978 0.017345 188 199 159
0.001632 -0.014882 0.016894 214 227 201
0.001233 -0.012632 0.016892 249 255 241
0.001023 -0.010300 0.016987 249 255 245
0.001943 -0.016245 0.016690 186 195 164
0.001408 -0.014099 0.016434 233 242 221
0.001151 -0.011769 0.016545 248 254 240
0.001528 -0.009049 0.017341 249 255 243
0.002092 -0.016764 0.016506 188 198 163
0.001545 -0.014640 0.016150 220 232 208
0.001378 -0.012250 0.016336 247 255 240
0.001439 -0.009735 0.016759 248 255 243
0.002022 -0.016505 0.016121 185 195 160
0.001480 -0.014378 0.015768 228 237 216
0.001317 -0.011986 0.015960 247 255 240
0.001384 -0.009469 0.016388 248 255 245
0.001866 -0.015654 0.015819 191 200 171
0.001446 -0.013449 0.015599 240 252 232
0.001458 -0.010977 0.015856 249 255 243
0.001990 -0.016197 0.015575 187 194 163
0.001480 -0.014059 0.015199 229 241 219
0.001541 -0.011550 0.015500 247 255 242
0.001838 -0.008859 0.016298 249 255 245
0.002079 -0.016098 0.015544 184 193 162
0.001554 -0.014002 0.014992 228 240 218
0.001666 -0.011473 0.015286 247 255 242
0.001885 -0.008828 0.016019 249 255 245
0.001883 -0.015313 0.015006 194 204 177
0.001467 -0.013142 0.014610 243 255 235
0.001497 -0.010659 0.014877 249 255 243
0.002064 -0.015803 0.014898 179 188 157
0.001543 -0.013729 0.014233 230 244 221
0.001651 -0.011200 0.014530 247 255 242
0.001779 -0.008614 0.015165 249 255 243
0.002003 -0.015564 0.014388 185 194 165
0.001589 -0.013417 0.013856 237 249 229
0.001569 -0.010953 0.014112 249 255 243
0.001778 -0.014230 0.013621 217 231 206
0.001728 -0.011814 0.013678 246 254 239
0.001518 -0.009451 0.013890 249 255 243
0.001847 -0.014513 0.013268 211 224 198
0.001790 -0.012097 0.013319 246 254 239
0.001575 -0.009733 0.013528 249 255 243
0.002380 -0.016016 0.013429 179 188 157
0.001959 -0.013878 0.012848 227 237 213
0.001965 -0.011379 0.013181 248 254 240
0.001923 -0.008914 0.013563 249 255 243
0.002101 -0.014401 0.012643 214 224 199
0.001947 -0.012026 0.012691 248 254 240
0.001672 -0.009708 0.012799 249 255 243
0.002707 -0.016154 0.012917 182 192 157
0.002382 -0.013914 0.012600 223 231 207
0.002130 -0.011586 0.012639 248 255 239
0.001787 -0.009330 0.012606 249 255 243
0.002614 -0.015314 0.012410 188 193 163
0.002155 -0.013148 0.012045 241 249 226
0.002084 -0.010700 0.012316 249 255 241
0.002961 -0.015404 0.012393 177 173 144
0.002535 -0.013189 0.012187 234 239 216
0.002502 -0.010713 0.012506 248 254 240
0.002289 -0.008388 0.012573 249 255 243
0.002928 -0.014819 0.012016 189 182 154
0.002380 -0.012673 0.011742 248 252 229
0.002325 -0.010221 0.012004 248 255 239
0.003353 -0.015802 0.011970 179 162 132
0.003001 -0.013513 0.011937 220 214 188
0.002666 -0.011217 0.011984 251 254 233
0.002146 -0.009086 0.011697 247 255 239
0.003355 -0.015813 0.011599 176 153 122
0.003003 -0.013522 0.011566 219 207 181
0.002668 -0.011225 0.011613 252 254 232
0.002147 -0.009093 0.011325 246 255 236
0.003554 -0.014757 0.011505 173 146 119
0.002885 -0.012655 0.011258 242 236 210
0.002791 -0.010223 0.011492 250 255 233
0.003568 -0.015074 0.011109 166 132 107
0.002995 -0.012911 0.010941 236 224 198
0.002960 -0.010426 0.011289 252 254 232
0.002441 -0.008287 0.011049 243 255 235
0.003676 -0.014385 0.010927 185 155 129
0.003008 -0.012284 0.010675 255 249 223
0.002877 -0.009874 0.010879 250 255 233
0.003847 -0.015236 0.010582 174 138 114
0.003247 -0.013089 0.010380 230 212 188
0.003200 -0.010606 0.010726 255 254 233
0.002471 -0.008596 0.010270 242 255 235
0.003993 -0.014830 0.010429 166 136 110
0.003411 -0.012676 0.010234 239 225 199
0.003392 -0.010195 0.010537 253 255 233
0.002431 -0.008334 0.009829 241 254 236
0.004399 -0.015840 0.010306 190 155 127
0.003785 -0.013712 0.010025 201 180 153
0.003195 -0.011564 0.009844 255 251 226
0.002551 -0.009502 0.009423 245 254 233
0.004717 -0.015644 0.010253 192 156 130
0.004096 -0.013523 0.009960 201 179 155
0.003526 -0.011365 0.009796 254 250 225
0.002657 -0.009431 0.009210 245 254 233
0.004276 -0.014368 0.009621 179 151 127
0.003624 -0.012253 0.009380 247 237 212
0.003387 -0.009919 0.009424 250 255 233
0.003166 -0.007592 0.009494 241 255 238
0.004660 -0.014146 0.009556 181 153 131
0.004053 -0.012005 0.009367 245 238 212
0.003641 -0.009756 0.009355 250 255 235
0.003302 -0.007495 0.009343 241 255 240
0.004843 -0.015301 0.009208 192 158 133
0.004408 -0.013055 0.009127 210 192 168
0.004172 -0.010692 0.009274 253 252 231
0.002429 -0.009266 0.007977 242 255 237
0.005290 -0.015057 0.009117 190 160 136
0.004928 -0.012785 0.009034 209 193 170
0.004713 -0.010427 0.009145 253 252 231
0.002624 -0.009187 0.007643 242 255 237
0.006255 -0.015697 0.009565 200 168 143
0.005137 -0.013916 0.008709 179 157 134
0.004640 -0.011727 0.008534 241 233 210
0.004013 -0.009601 0.008374 250 255 235
0.003479 -0.007431 0.008288 241 255 242
0.007295 -0.015374 0.010035 198 164 139
0.005685 -0.013920 0.008694 169 145 121
0.005358 -0.011647 0.008599 228 217 195
0.005029 -0.009366 0.008621 252 255 236
0.006222 -0.015149 0.008694 189 157 134
0.005671 -0.013014 0.008358 185 164 143
0.005219 -0.010818 0.008175 242 240 219
0.003491 -0.009360 0.007009 247 254 236
0.006973 -0.014708 0.008899 183 153 129
0.006382 -0.012608 0.008518 182 162 138
0.005772 -0.010509 0.008222 238 236 215
0.004007 -0.009081 0.007004 247 255 239
0.008027 -0.015287 0.009423 185 155 129
0.006460 -0.013808 0.008120 164 140 116
0.006115 -0.011549 0.008007 204 193 171
0.005550 -0.009408 0.007835 251 254 235
0.008543 -0.015308 0.009372 186 159 132
0.007242 -0.013657 0.008349 171 147 123
0.006805 -0.011455 0.008174 193 183 158
0.006102 -0.009402 0.007878 247 249 228
0.008346 -0.014520 0.008869 183 156 129
0.007092 -0.012841 0.007885 169 149 125
0.006445 -0.010757 0.007582 220 216 191
0.005551 -0.008812 0.007138 247 254 236
0.009041 -0.014425 0.008992 184 158 131
0.007589 -0.012868 0.007861 168 148 123
0.006964 -0.010770 0.007593 210 204 178
0.006443 -0.008613 0.007451 248 255 235
0.008956 -0.016056 0.008389 187 164 133
0.008365 -0.013945 0.008045 182 158 132
0.007398 -0.012069 0.007404 180 164 139
0.006673 -0.010028 0.007074 231 233 209
0.009340 -0.016146 0.008288 187 167 134
0.009280 -0.013705 0.008406 182 161 132
0.007686 -0.012225 0.007198 177 163 136
0.007068 -0.010126 0.006936 226 226 200
0.009387 -0.015205 0.007986 190 169 138
0.008275 -0.013426 0.007177 183 163 136
0.007427 -0.011465 0.006694 189 179 152
0.006973 -0.009272 0.006566 241 245 222
0.009741 -0.015003 0.007883 193 174 141
0.008559 -0.013274 0.007001 185 168 138
0.007599 -0.011388 0.006397 192 183 154
0.007258 -0.009136 0.006337 243 247 224
0.009810 -0.016211 0.007513 201 183 147
0.009722 -0.013794 0.007570 196 177 145
0.007906 -0.012451 0.006158 188 177 147
0.007395 -0.010291 0.005955 229 229 201
0.010275 -0.015930 0.007543 204 189 150
0.010099 -0.013585 0.007464 198 182 148
0.008107 -0.012360 0.005870 194 183 151
0.007633 -0.010185 0.005672 232 233 202
0.010130 -0.014810 0.007056 204 188 152
0.008875 -0.013133 0.006071 200 187 153
0.007834 -0.011304 0.005358 203 198 166
0.010366 -0.014365 0.006909 200 186 147
0.009080 -0.012715 0.005875 199 186 151
0.007941 -0.010952 0.005058 209 206 171
0.010476 -0.015235 0.006584 198 186 144
0.009878 -0.013161 0.006121 195 183 145
0.008140 -0.011771 0.004754 195 189 155
0.007676 -0.009589 0.004571 237 244 211
0.010394 -0.014366 0.006221 192 180 140
0.009155 -0.012687 0.005212 193 183 147
0.007991 -0.010939 0.004360 201 201 165
0.010472 -0.014647 0.005867 187 178 135
0.009227 -0.012969 0.004850 190 181 142
0.008058 -0.011222 0.003992 190 187 152
0.010446 -0.013448 0.005509 185 176 133
0.008407 -0.012268 0.003763 190 185 145
0.007792 -0.010172 0.003437 220 224 189
0.010454 -0.013458 0.005134 182 174 128
0.008413 -0.012277 0.003384 186 183 142
0.007798 -0.010180 0.003057 216 222 184
0.009877 -0.015047 0.004282 178 171 125
0.008996 -0.013187 0.003346 185 176 135
0.008016 -0.011332 0.002591 181 182 142
0.009814 -0.014786 0.003883 176 168 122
0.008937 -0.012922 0.002951 183 176 134
0.007962 -0.011064 0.002199 187 189 149
0.007963 -0.012047 0.001545 179 177 136
0.007805 -0.011533 0.001081 173 176 133
0.007642 -0.012288 0.000393 178 179 135
0.007558 -0.014069 -0.003223 194 201 147
0.007564 -0.014079 -0.003614 198 205 151
0.008227 -0.014587 -0.003314 204 211 157
0.007701 -0.014346 -0.004349 197 204 152
0.008185 -0.014320 -0.004091 198 205 153
0.007425 -0.013629 -0.005445 185 193 144
0.007382 -0.013390 -0.006009 187 195 148
0.007468 -0.013964 -0.006311 183 191 144
0.008254 -0.014670 -0.005733 193 200 149
0.007373 -0.012808 -0.006826 189 196 154
0.008260 -0.014681 -0.006128 190 197 146
0.007379 -0.012818 -0.007222 187 194 152
0.007629 -0.013604 -0.007397 172 179 135
0.008363 -0.014644 -0.006827 183 190 139
0.007564 -0.012739 -0.007888 182 189 147
0.009167 -0.014386 -0.006125 189 193 142
0.007802 -0.012925 -0.008110 178 185 143
0.009489 -0.015073 -0.005961 194 199 145
0.007913 -0.013795 -0.008409 174 181 137
0.009479 -0.014550 -0.006719 193 197 146
0.008126 -0.013076 -0.008677 177 184 142
0.009630 -0.014700 -0.006619 195 200 146
0.008129 -0.013377 -0.008998 176 183 139
0.009078 -0.013957 -0.008155 188 195 144
0.008272 -0.012042 -0.009153 190 199 156
0.008688 -0.013959 -0.009160 187 193 145
0.009358 -0.013786 -0.008587 192 199 148
0.008602 -0.011840 -0.009539 190 199 156
0.010067 -0.014493 -0.007850 202 207 153
0.008770 -0.012986 -0.009803 181 189 142
0.010143 -0.014435 -0.008069 205 210 156
0.009066 -0.012780 -0.009772 183 191 144
0.009901 -0.015192 -0.008534 209 214 158
0.009229 -0.013279 -0.009884 192 198 150
0.010275 -0.014082 -0.008804 207 212 158
0.009351 -0.012329 -0.010334 184 192 145
0.010283 -0.014092 -0.009201 208 213 159
0.009358 -0.012338 -0.010735 183 191 144
0.010109 -0.015085 -0.009453 214 219 161
0.009840 -0.012887 -0.010283 191 198 146
0.009219 -0.010830 -0.010993 196 208 162
0.010472 -0.013991 -0.009779 209 214 158
0.009598 -0.012179 -0.011161 182 190 141
0.010499 -0.013648 -0.010028 207 212 154
0.009663 -0.011770 -0.011197 184 192 141
0.010512 -0.014578 -0.010354 216 222 162
0.009879 -0.012584 -0.011420 184 193 140
0.009227 -0.010489 -0.011939 205 214 169
0.010452 -0.013649 -0.010628 209 214 156
0.009661 -0.011713 -0.011656 185 193 142
0.009007 -0.009639 -0.012256 230 238 197
0.010358 -0.013442 -0.011272 206 214 157
0.009617 -0.011451 -0.012141 186 194 143
0.010311 -0.014070 -0.011531 217 222 164
0.009586 -0.012052 -0.012362 182 190 139
0.008998 -0.009965 -0.013046 226 235 192
0.009933 -0.013087 -0.012390 198 205 151
0.009359 -0.010963 -0.012985 192 201 154
0.002964 -0.004061 -0.015735 247 255 244
0.009439 -0.012800 -0.013357 186 195 142
0.008973 -0.010609 -0.013848 209 218 171
0.009617 -0.013328 -0.013590 195 202 148
0.009146 -0.011127 -0.014055 194 203 156
0.002332 -0.004443 -0.017255 245 255 242
0.009050 -0.012441 -0.014554 189 192 147
0.008518 -0.010313 -0.015216 222 229 188
0.003002 -0.005478 -0.017799 245 255 244
0.009421 -0.014103 -0.014588 199 203 152
0.008997 -0.011864 -0.015025 194 200 156
0.002342 -0.005137 -0.018401 243 255 243
0.009115 -0.014567 -0.015028 198 202 151
0.008744 -0.012289 -0.015446 195 198 155
0.008185 -0.010167 -0.016119 222 228 190
0.002827 -0.005205 -0.018477 244 255 241
0.008870 -0.013173 -0.015764 191 194 149
0.008435 -0.010948 -0.016245 209 216 175
0.008873 -0.015060 -0.016064 202 206 155
0.008593 -0.012713 -0.016384 194 197 154
0.008019 -0.010575 -0.017008 220 224 187
0.002772 -0.005513 -0.019168 243 255 241
0.008880 -0.015070 -0.016474 203 207 156
0.008599 -0.012723 -0.016794 195 198 155
0.008025 -0.010583 -0.017420 221 225 188
0.002774 -0.005517 -0.019587 242 254 240
0.008253 -0.013645 -0.017838 195 198 151
0.007802 -0.011392 -0.018224 212 217 177
0.008356 -0.015159 -0.018045 205 210 156
0.008144 -0.012768 -0.018315 200 203 158
0.007667 -0.010553 -0.018790 227 231 194
0.007510 -0.012943 -0.019750 197 203 157
0.001697 -0.011017 0.034417 210 213 168
0.002130 -0.012479 0.034474 206 207 165
0.001378 -0.010623 0.033756 178 184 138
0.001936 -0.012025 0.033956 202 205 162
0.002602 -0.012813 0.034345 187 188 146
0.001814 -0.010964 0.033628 160 166 122
0.004364 -0.014280 0.035410 215 211 173
0.002604 -0.012822 0.034009 181 183 143
0.001815 -0.010972 0.033290 147 153 109
0.004205 -0.013486 0.035179 213 213 175
0.002548 -0.011992 0.033811 166 171 130
0.001924 -0.010069 0.033251 126 133 89
0.004493 -0.013929 0.035045 201 201 163
0.002843 -0.012424 0.033728 155 160 119
0.002138 -0.010533 0.033103 117 124 82
0.004223 -0.013761 0.034578 188 188 152
0.002621 -0.012243 0.033240 131 137 99
0.002012 -0.010309 0.032703 115 123 82
0.004797 -0.014360 0.034666 177 177 141
0.003393 -0.012749 0.033560 134 138 103
0.002364 -0.010990 0.032674 102 108 70
0.001520 -0.009157 0.031908 204 212 173
0.006532 -0.015277 0.035706 140 137 104
0.004437 -0.013968 0.034068 161 162 128
0.002855 -0.012438 0.032760 102 108 72
0.002197 -0.010520 0.032187 110 118 81
0.006558 -0.015552 0.035392 123 120 87
0.004459 -0.014244 0.033747 148 149 118
0.002872 -0.012715 0.032433 90 95 63
0.002209 -0.010797 0.031856 96 103 70
0.005457 -0.014657 0.034204 147 146 116
0.003893 -0.013114 0.032972 125 128 99
0.002494 -0.011504 0.031787 58 65 34
0.001827 -0.009591 0.031189 186 195 164
0.006570 -0.015567 0.034745 122 121 91
0.004486 -0.014253 0.033101 147 150 121
0.002885 -0.012724 0.031782 103 107 80
0.002243 -0.010795 0.031222 121 127 99
0.001415 -0.008955 0.030440 229 238 209
0.006285 -0.015154 0.034177 131 130 102
0.004209 -0.013826 0.032553 145 148 121
0.002646 -0.012278 0.031262 96 100 75
0.002104 -0.010306 0.030781 171 180 153
0.006290 -0.015164 0.033843 132 130 105
0.004212 -0.013835 0.032216 146 148 124
0.002648 -0.012286 0.030921 104 108 85
0.002106 -0.010313 0.030439 189 197 173
0.006625 -0.015309 0.033761 129 129 103
0.004411 -0.014040 0.032028 145 149 126
0.002899 -0.012458 0.030827 115 119 96
0.002371 -0.010475 0.030379 182 190 167
0.001670 -0.008570 0.029753 240 250 226
0.006587 -0.015886 0.033401 139 137 114
0.004760 -0.014458 0.031952 167 169 147
0.003393 -0.012813 0.030897 149 154 134
0.002512 -0.010974 0.030157 158 166 145
0.001810 -0.009066 0.029541 248 255 235
0.006375 -0.014887 0.032903 177 176 155
0.004065 -0.013642 0.031124 185 186 168
0.002741 -0.011978 0.030067 163 167 150
0.002306 -0.009950 0.029711 223 230 212
0.001915 -0.007918 0.029357 214 226 202
0.006703 -0.016133 0.032835 169 169 145
0.004709 -0.014772 0.031259 208 207 187
0.003413 -0.013090 0.030274 203 206 189
0.002629 -0.011203 0.029637 191 198 180
0.001966 -0.009272 0.029073 242 249 231
0.006833 -0.015523 0.032673 203 202 182
0.004318 -0.014375 0.030697 226 227 209
0.002981 -0.012713 0.029640 224 228 211
0.002589 -0.010660 0.029334 223 232 215
0.002025 -0.008693 0.028833 231 244 226
0.006435 -0.014880 0.032013 236 238 217
0.004078 -0.013653 0.030175 247 251 234
0.002796 -0.011967 0.029149 246 255 236
0.002407 -0.009916 0.028834 235 246 229
0.002120 -0.007841 0.028555 189 204 183
0.005318 -0.014793 0.030874 236 241 219
0.003866 -0.013187 0.029715 237 245 224
0.002798 -0.011410 0.028864 233 247 224
0.002305 -0.009406 0.028437 227 240 220
0.006858 -0.015530 0.031766 217 225 201
0.004359 -0.014378 0.029761 229 239 215
0.002987 -0.012728 0.028660 225 241 215
0.002653 -0.010649 0.028398 207 225 201
0.002153 -0.008654 0.027939 217 237 212
0.006400 -0.014912 0.031049 219 234 205
0.004151 -0.013649 0.029226 216 235 207
0.002768 -0.011994 0.028143 209 229 201
0.002494 -0.009893 0.027915 194 214 187
0.002367 -0.007740 0.027822 191 214 185
0.006759 -0.015872 0.031015 214 233 201
0.004588 -0.014585 0.029239 210 231 198
0.003303 -0.012897 0.028213 201 225 193
0.002741 -0.010905 0.027782 183 208 176
0.002219 -0.008911 0.027326 215 239 207
0.006473 -0.014918 0.030358 206 230 194
0.004054 -0.013720 0.028409 197 223 186
0.002681 -0.012048 0.027376 186 213 178
0.002487 -0.009906 0.027239 165 191 156
0.002390 -0.007717 0.027268 196 222 187
0.006855 -0.015595 0.030327 207 233 194
0.004407 -0.014419 0.028334 196 224 184
0.002744 -0.012868 0.027065 184 214 176
0.002635 -0.010684 0.027011 161 191 153
0.002217 -0.008630 0.026715 203 229 194
0.002817 -0.006147 0.027457 179 201 165
0.005641 -0.014739 0.029006 196 224 183
0.003390 -0.013438 0.027281 185 218 175
0.002735 -0.011463 0.026842 176 208 167
0.002355 -0.009386 0.026594 181 212 171
0.002774 -0.006965 0.027191 187 212 173
0.006691 -0.014861 0.029504 193 221 180
0.003895 -0.013805 0.027300 186 217 175
0.002666 -0.012059 0.026420 177 209 168
0.002522 -0.009885 0.026363 160 191 150
0.002407 -0.007686 0.026435 190 216 177
0.007048 -0.015227 0.029681 192 219 178
0.004401 -0.014112 0.027601 187 215 174
0.002754 -0.012541 0.026377 178 211 168
0.002728 -0.010315 0.026417 154 186 145
0.002250 -0.008274 0.026101 194 220 181
0.002958 -0.005816 0.026615 172 194 156
0.004424 -0.014392 0.027273 185 213 172
0.002773 -0.012822 0.026043 177 210 167
0.002743 -0.010594 0.026080 159 191 150
0.002260 -0.008553 0.025760 193 219 180
0.002963 -0.006093 0.026271 175 197 159
0.004398 -0.014353 0.027207 179 210 166
0.002946 -0.012726 0.026007 175 208 163
0.002748 -0.010573 0.025864 160 191 149
0.002232 -0.008558 0.025449 191 219 178
0.002862 -0.006140 0.025823 175 197 158
0.004381 -0.014092 0.026844 176 208 161
0.002931 -0.012462 0.025644 170 206 160
0.002737 -0.010308 0.025505 157 188 144
0.002225 -0.008290 0.025092 187 215 174
0.002861 -0.005871 0.025472 172 194 155
0.003520 -0.013655 0.025633 173 205 156
0.002696 -0.011761 0.024944 169 201 154
0.002170 -0.009738 0.024540 172 199 154
0.002478 -0.007382 0.024886 182 209 166
0.004056 -0.014551 0.025773 170 202 153
0.002773 -0.012860 0.024643 169 201 152
0.002551 -0.010711 0.024484 164 193 147
0.001884 -0.008738 0.023993 184 213 169
0.002561 -0.006274 0.024507 174 197 155
0.004646 -0.015175 0.025801 168 198 146
0.003081 -0.013625 0.024340 170 200 150
0.002324 -0.011688 0.023751 167 197 147
0.001607 -0.009710 0.023310 177 203 156
0.002192 -0.007196 0.024095 178 205 160
0.003102 -0.013907 0.024005 172 202 150
0.002340 -0.011970 0.023411 169 199 149
0.001619 -0.009991 0.022966 174 200 153
0.002200 -0.007476 0.023749 182 209 164
0.002923 -0.013684 0.023634 176 206 152
0.002086 -0.011745 0.023121 174 204 152
0.001088 -0.009821 0.022699 180 206 158
0.002120 -0.007154 0.023723 182 208 161
0.002653 -0.015206 0.023107 177 207 153
0.002240 -0.013118 0.022786 177 207 155
0.001903 -0.010965 0.022723 174 202 151
0.001366 -0.008849 0.022726 187 213 166
0.002066 -0.006422 0.022972 176 199 153
0.002554 -0.013486 0.023071 183 210 155
0.001978 -0.011441 0.022745 181 208 157
0.000908 -0.009541 0.022264 185 212 161
0.002039 -0.006906 0.023011 184 208 160
0.002603 -0.013769 0.022697 189 214 159
0.001983 -0.011735 0.022357 186 213 160
0.000735 -0.009904 0.021730 186 213 162
0.001933 -0.007202 0.022705 190 212 165
0.001974 -0.013737 0.021922 192 215 161
0.001622 -0.011595 0.021769 190 213 161
0.000516 -0.009694 0.021304 189 211 164
0.001815 -0.006962 0.022318 188 207 162
0.001745 -0.012988 0.021397 197 217 166
0.000979 -0.010983 0.021043 190 210 161
0.000905 -0.008701 0.021290 193 212 166
0.001615 -0.006257 0.021561 179 196 152
0.001282 -0.014043 0.020636 201 218 166
0.000887 -0.011895 0.020511 198 214 167
0.000119 -0.009854 0.020313 191 208 163
0.001607 -0.007010 0.021649 191 206 163
0.001283 -0.014052 0.020279 207 219 169
0.000888 -0.011903 0.020153 204 216 170
0.000119 -0.009861 0.019954 193 206 162
0.001608 -0.007014 0.021293 191 206 163
0.000732 -0.014005 0.019463 211 221 171
-0.000047 -0.011996 0.019058 203 215 169
-0.000358 -0.009781 0.019152 195 206 163
0.001242 -0.006866 0.020705 191 203 163
0.000632 -0.013193 0.019058 206 212 166
-0.000985 -0.011483 0.018134 196 203 161
0.000582 -0.008552 0.019683 197 208 166
0.001165 -0.006133 0.019929 177 189 151
0.000075 -0.014010 0.018186 205 204 160
-0.001404 -0.012262 0.017254 199 200 160
-0.000357 -0.009526 0.018354 193 200 159
0.000748 -0.006821 0.019392 185 193 156
0.000055 -0.013742 0.017807 200 195 153
-0.001422 -0.011992 0.016874 197 195 156
-0.000370 -0.009254 0.017981 192 196 159
0.000741 -0.006548 0.019026 177 184 150
-0.001402 -0.013482 0.016241 193 185 149
-0.002135 -0.011447 0.015795 194 190 155
-0.000534 -0.008515 0.017274 197 198 164
-0.000058 -0.006181 0.017188 177 184 153
-0.000977 -0.013904 0.016173 191 178 143
-0.002283 -0.012090 0.015288 193 187 155
-0.000877 -0.009234 0.016556 194 191 160
-0.000135 -0.006721 0.017019 175 178 149
-0.001575 -0.014177 0.015205 188 171 141
-0.002745 -0.012319 0.014347 192 181 153
-0.001525 -0.009539 0.015410 190 185 156
-0.000647 -0.006962 0.016022 174 174 148
-0.000224 -0.015096 0.015855 189 165 137
-0.002074 -0.013516 0.014456 184 164 139
-0.002641 -0.011422 0.014065 187 175 151
-0.001172 -0.008543 0.015403 185 179 157
-0.000543 -0.006123 0.015556 181 183 161
0.000348 -0.015449 0.015946 189 159 135
-0.001397 -0.013826 0.014665 183 156 135
-0.002583 -0.011978 0.013767 189 171 149
-0.001626 -0.009303 0.014605 186 173 154
-0.000704 -0.006706 0.015269 173 172 152
-0.000304 -0.015436 0.015065 187 152 132
-0.001906 -0.013749 0.013890 179 150 132
-0.002477 -0.011654 0.013491 186 165 146
-0.001238 -0.008861 0.014631 183 167 151
-0.000633 -0.006431 0.014822 180 177 162
-0.000230 -0.013927 0.015005 181 144 126
-0.001922 -0.012287 0.013682 185 158 141
-0.001629 -0.009869 0.013961 180 161 147
-0.000651 -0.007216 0.014793 158 150 137
-0.000209 -0.014216 0.014657 187 145 129
-0.001905 -0.012577 0.013327 185 153 138
-0.001617 -0.010157 0.013602 179 155 143
-0.000644 -0.007502 0.014431 161 149 137
0.000162 -0.013486 0.014670 191 149 137
-0.001630 -0.011885 0.013260 187 155 142
-0.001416 -0.009511 0.013414 175 153 142
-0.000594 -0.006934 0.014044 159 151 140
0.000391 -0.013984 0.014458 198 152 139
-0.001488 -0.012423 0.012961 190 152 141
-0.001516 -0.010128 0.012966 176 149 140
-0.000634 -0.007508 0.013705 154 140 131
-0.000698 -0.005309 0.013463 218 216 204
0.000297 -0.013813 0.013662 202 156 143
-0.001402 -0.012154 0.012433 188 152 140
-0.001447 -0.009837 0.012572 172 145 136
-0.000631 -0.007230 0.013334 147 134 125
-0.000737 -0.005028 0.013140 233 231 219
-0.000179 -0.015501 0.012697 209 159 148
-0.000468 -0.013253 0.012729 203 159 150
-0.001417 -0.011269 0.012225 182 145 136
-0.001046 -0.008820 0.012595 164 139 132
-0.000651 -0.006403 0.012893 178 168 158
-0.000494 -0.013680 0.011748 204 157 147
-0.001482 -0.011677 0.011364 185 149 137
-0.001261 -0.009224 0.011897 168 141 132
-0.000574 -0.006648 0.012652 176 163 154
-0.000959 -0.013287 0.011048 201 157 144
-0.001345 -0.011024 0.011263 188 152 140
-0.000962 -0.008526 0.011865 170 143 132
-0.000636 -0.006114 0.012208 209 197 185
0.003869 -0.017173 0.014197 210 157 139
-0.000100 -0.014181 0.011028 196 155 135
-0.001466 -0.012341 0.010258 195 157 138
-0.001270 -0.009846 0.010984 181 150 132
-0.000564 -0.007224 0.011910 177 155 141
-0.000674 -0.005002 0.011790 243 240 223
0.003872 -0.017185 0.013832 208 157 138
-0.000100 -0.014191 0.010655 192 154 131
-0.001467 -0.012349 0.009883 198 160 139
-0.001271 -0.009853 0.010610 186 153 134
-0.000565 -0.007229 0.011538 185 162 144
-0.000674 -0.005006 0.011418 246 243 224
0.008271 -0.016677 0.017479 211 156 136
0.003419 -0.016553 0.012961 201 155 131
0.001068 -0.015204 0.011094 189 149 123
-0.000345 -0.013401 0.010234 194 157 131
-0.001023 -0.011251 0.010203 198 162 140
-0.000888 -0.008830 0.010669 179 148 127
-0.000727 -0.006461 0.010935 224 207 187
0.004660 -0.016315 0.013705 203 159 134
0.001416 -0.015373 0.010955 187 152 124
0.000255 -0.013473 0.010292 190 156 129
-0.001114 -0.011616 0.009589 197 163 138
-0.001080 -0.009213 0.010051 181 150 129
-0.000680 -0.006732 0.010605 211 195 172
0.009007 -0.016115 0.017326 203 157 133
0.004769 -0.015714 0.013414 199 162 133
0.001772 -0.014643 0.010974 187 154 123
-0.000082 -0.013025 0.009711 189 158 129
-0.000807 -0.010902 0.009597 191 161 135
-0.000850 -0.008561 0.009858 177 149 125
-0.000820 -0.006246 0.009987 230 215 192
0.006019 -0.016044 0.014157 202 165 136
0.002326 -0.015300 0.011020 191 160 129
0.000613 -0.013635 0.009853 185 156 126
-0.000883 -0.011835 0.009010 191 161 133
-0.000945 -0.009476 0.009342 180 150 124
-0.000769 -0.007086 0.009657 195 179 154
0.009562 -0.016482 0.017006 192 152 126
0.006379 -0.015623 0.014080 201 168 137
0.002690 -0.014866 0.010993 188 162 127
0.000783 -0.013286 0.009630 183 157 124
-0.000532 -0.011420 0.008914 187 162 131
-0.000578 -0.009060 0.009253 172 146 119
-0.000605 -0.006751 0.009387 203 189 163
0.008407 -0.015888 0.015541 197 163 135
0.004272 -0.015381 0.011905 198 172 139
0.001618 -0.014142 0.009815 182 159 125
-0.000554 -0.012645 0.008263 182 159 125
-0.000454 -0.010196 0.008846 183 158 128
-0.000546 -0.007887 0.009008 174 154 127
-0.000695 -0.005653 0.008926 236 230 204
0.008535 -0.015850 0.015269 197 170 140
0.004577 -0.015254 0.011854 203 180 146
0.001873 -0.014039 0.009704 186 167 134
-0.000308 -0.012553 0.008111 187 167 134
0.000120 -0.009990 0.008913 188 164 136
-0.000214 -0.007779 0.008858 178 161 135
-0.000418 -0.005569 0.008716 237 233 206
0.009132 -0.016451 0.015438 192 167 136
0.005552 -0.015718 0.012300 207 188 155
0.002399 -0.014710 0.009726 196 182 145
0.000305 -0.013199 0.008189 190 174 140
0.000208 -0.010845 0.008517 192 173 141
-0.000161 -0.008632 0.008484 174 157 129
-0.000365 -0.006405 0.008398 215 209 183
0.009136 -0.016463 0.015075 195 175 142
0.005793 -0.015618 0.012191 209 195 160
0.002755 -0.014564 0.009708 199 189 153
0.000585 -0.013094 0.008063 196 183 148
0.000913 -0.010596 0.008650 196 180 147
0.000295 -0.008490 0.008372 178 164 135
0.000011 -0.006306 0.008175 219 215 188
0.009670 -0.017384 0.015150 186 166 133
0.007881 -0.015883 0.013622 207 197 162
0.004084 -0.015190 0.010403 210 205 165
0.001808 -0.013786 0.008628 199 194 156
0.000179 -0.012083 0.007461 200 190 154
0.000626 -0.009536 0.008181 194 183 151
0.000127 -0.007406 0.007904 192 185 157
0.009575 -0.017445 0.014680 189 175 140
0.007830 -0.015921 0.013200 209 204 166
0.004187 -0.015158 0.010122 211 212 170
0.001956 -0.013740 0.008365 204 202 161
0.000792 -0.011869 0.007514 203 198 160
0.001259 -0.009335 0.008172 197 191 155
0.000641 -0.007269 0.007729 196 191 161
0.009053 -0.016545 0.013888 197 193 155
0.005836 -0.015638 0.011114 208 211 168
0.002900 -0.014537 0.008711 202 208 164
0.000843 -0.013027 0.007109 205 206 164
0.001666 -0.010359 0.008005 201 197 160
0.000828 -0.008347 0.007502 186 182 147
0.009339 -0.016725 0.013743 197 195 156
0.006794 -0.015538 0.011540 203 209 165
0.003594 -0.014561 0.008881 198 207 160
0.001741 -0.012983 0.007415 201 207 161
0.002235 -0.010475 0.007906 199 197 156
0.001740 -0.008338 0.007692 189 187 148
0.008502 -0.016248 0.012651 199 204 164
0.004983 -0.015446 0.009640 197 209 161
0.002577 -0.014111 0.007693 194 206 158
0.001069 -0.012390 0.006488 203 209 163
0.002283 -0.009583 0.007684 200 201 161
0.001462 -0.007596 0.007070 194 194 158
0.008396 -0.016321 0.012123 197 208 165
0.005170 -0.015388 0.009390 189 207 157
0.003099 -0.013919 0.007714 193 207 158
0.001902 -0.012089 0.006725 203 211 164
0.003135 -0.009296 0.007877 200 202 162
0.009224 -0.017119 0.012461 203 216 172
0.006859 -0.015846 0.010432 190 210 161
0.003989 -0.014727 0.008060 185 205 154
0.002339 -0.013077 0.006718 196 212 163
0.003173 -0.010448 0.007445 193 202 157
0.002614 -0.008353 0.007108 193 198 158
0.009195 -0.017459 0.011938 202 218 173
0.007838 -0.015744 0.010838 185 205 156
0.005090 -0.014586 0.008564 175 199 147
0.003466 -0.012938 0.007227 185 205 154
0.003370 -0.010688 0.007130 189 201 155
0.008770 -0.016794 0.011234 189 209 160
0.006334 -0.015526 0.009203 172 196 144
0.004289 -0.014056 0.007539 168 191 139
0.002718 -0.012384 0.006212 186 202 153
0.004195 -0.009519 0.007462 186 195 152
0.009644 -0.016703 0.011686 188 210 161
0.008160 -0.015034 0.010514 166 193 140
0.005765 -0.013735 0.008500 161 186 131
0.003721 -0.012270 0.006744 177 195 143
0.004581 -0.009664 0.007406 178 190 144
0.009244 -0.016020 0.011040 175 199 147
0.006773 -0.014766 0.008970 153 182 126
0.004797 -0.013282 0.007290 157 182 127
0.003429 -0.011539 0.006096 172 188 139
0.010729 -0.015639 0.012157 172 201 147
0.008845 -0.014155 0.010587 148 179 122
0.006228 -0.012965 0.008291 147 174 119
0.003860 -0.011636 0.006219 165 185 132
0.005335 -0.008816 0.007320 172 184 138
0.010914 -0.017013 0.011849 187 214 163
0.010237 -0.014999 0.011426 158 187 133
0.007485 -0.013882 0.009025 142 176 116
0.004913 -0.012655 0.006759 148 175 120
0.004551 -0.010527 0.006376 161 179 129
0.010939 -0.014698 0.011742 153 184 127
0.008038 -0.013653 0.009186 142 176 116
0.005306 -0.012500 0.006754 148 176 118
0.005004 -0.010354 0.006403 159 177 125
0.011429 -0.015649 0.011729 157 186 130
0.009569 -0.014158 0.010169 147 178 121
0.006695 -0.013084 0.007611 141 172 113
0.004267 -0.011784 0.005456 155 175 122
0.005753 -0.008960 0.006556 165 178 132
0.011734 -0.015525 0.011656 152 179 124
0.009707 -0.014099 0.009981 144 175 116
0.006791 -0.013039 0.007394 142 171 113
0.004323 -0.011756 0.005196 153 174 118
0.005842 -0.008920 0.006312 163 177 128
0.011210 -0.014611 0.010921 146 173 118
0.008086 -0.013654 0.008172 143 174 115
0.005396 -0.012479 0.005771 144 172 114
0.005137 -0.010316 0.005438 153 171 119
0.011227 -0.014308 0.010690 150 177 122
0.007864 -0.013437 0.007773 148 177 119
0.005098 -0.012282 0.005321 151 176 119
0.005060 -0.010040 0.005122 158 172 121
0.011666 -0.014995 0.010651 154 177 121
0.008652 -0.013977 0.008089 156 185 127
0.005891 -0.012831 0.005645 158 183 126
0.004401 -0.011152 0.004242 164 181 127
0.005410 -0.008535 0.004836 180 186 142
0.011145 -0.014334 0.010041 159 184 129
0.007437 -0.013576 0.006940 161 189 131
0.004728 -0.012393 0.004517 163 186 130
0.005260 -0.009953 0.004657 167 181 130
0.011174 -0.014619 0.009694 160 183 129
0.007462 -0.013864 0.006585 170 195 138
0.004748 -0.012684 0.004153 171 192 136
0.005274 -0.010242 0.004288 175 187 137
0.005504 -0.013444 0.004921 176 199 143
0.004556 -0.011576 0.003797 180 197 143
0.006281 -0.008708 0.004822 185 191 145
0.005508 -0.013453 0.004543 188 209 153
0.004560 -0.011584 0.003416 192 206 153
0.006286 -0.008715 0.004445 197 200 153
0.005131 -0.012462 0.003823 202 217 162
0.006201 -0.009810 0.004392 203 210 159
0.005476 -0.007870 0.003474 214 215 171
0.005117 -0.012188 0.003427 213 228 173
0.006195 -0.009535 0.004004 212 219 168
0.005475 -0.007593 0.003089 222 223 181
0.005647 -0.012828 0.003631 223 237 186
0.006025 -0.010445 0.003591 226 234 185
0.006016 -0.008226 0.003278 232 233 189
0.005455 -0.012354 0.002994 233 246 200
0.006383 -0.009760 0.003425 234 241 199
0.005537 -0.007860 0.002416 241 241 205
0.005681 -0.012809 0.003029 221 236 197
0.006111 -0.010412 0.002986 224 234 199
0.005940 -0.008259 0.002498 227 231 198
0.005467 -0.012056 0.002357 211 226 197
0.006369 -0.009480 0.002725 209 218 191
0.005498 -0.007594 0.001656 217 222 199
0.005296 -0.012068 0.002160 198 215 196
0.006307 -0.009441 0.002631 196 207 190
0.005498 -0.007542 0.001544 202 213 197
0.006127 -0.010362 0.002192 191 207 197
0.005901 -0.008234 0.001604 186 199 190
0.004905 -0.006396 0.000393 213 226 217
0.006293 -0.009937 0.002353 177 193 190
0.006014 -0.007832 0.001699 173 188 185
0.005029 -0.005996 0.000456 212 227 222
0.005907 -0.010657 0.001728 189 207 207
0.006320 -0.008273 0.001685 179 195 195
0.005226 -0.006483 0.000323 207 223 222
0.006557 -0.009805 0.002048 192 210 212
0.006205 -0.007724 0.001333 188 206 208
0.005244 -0.005873 0.000124 221 237 237
0.006201 -0.010514 0.001444 204 222 226
0.006469 -0.008182 0.001282 196 214 216
0.005437 -0.006362 -0.000014 218 233 236
0.006813 -0.009139 0.001535 208 223 226
0.006029 -0.007217 0.000478 213 227 230
0.005338 -0.005248 -0.000428 241 253 253
0.006818 -0.009145 0.001153 218 233 236
0.006033 -0.007222 0.000094 224 235 237
0.005342 -0.005252 -0.000814 244 255 255
0.006916 -0.009949 0.001015 214 230 230
0.006466 -0.007880 0.000312 212 226 227
0.005695 -0.005937 -0.000667 232 246 246
0.005312 -0.003832 -0.001190 246 255 254
0.006979 -0.009371 0.000607 206 222 222
0.006158 -0.007445 -0.000425 211 225 225
0.005566 -0.005433 -0.001241 239 251 249
0.006724 -0.009736 0.000161 199 215 214
0.006370 -0.007621 -0.000436 203 217 217
0.005778 -0.005616 -0.001299 231 246 243
0.006742 -0.008609 -0.000351 194 210 209
0.005975 -0.006661 -0.001342 213 228 225
0.005506 -0.004615 -0.002111 243 254 250
0.006453 -0.008402 -0.000798 191 206 203
0.005942 -0.006372 -0.001664 213 228 223
0.005484 -0.004351 -0.002565 244 255 249
0.006629 -0.008904 -0.000954 182 197 194
0.006015 -0.006905 -0.001881 202 217 212
0.005599 -0.004860 -0.002731 241 252 246
0.006195 -0.007927 -0.001752 184 196 192
0.005929 -0.005816 -0.002468 220 233 226
0.006200 -0.007933 -0.002139 179 191 187
0.005934 -0.005820 -0.002857 218 231 224
0.005829 -0.006676 -0.003073 195 208 199
0.005708 -0.004527 -0.003712 238 249 241
0.005792 -0.008095 -0.003241 168 181 174
0.005815 -0.005873 -0.003732 210 223 214
0.005668 -0.003734 -0.004368 246 255 248
0.005557 -0.006218 -0.004132 210 223 214
0.005722 -0.003972 -0.004555 246 253 246
0.005501 -0.007087 -0.004434 203 216 207
0.005694 -0.004819 -0.004838 239 249 241
0.005205 -0.006652 -0.005237 219 230 222
0.005698 -0.004277 -0.005372 246 253 246
0.005044 -0.006980 -0.005630 222 233 225
0.005593 -0.004580 -0.005727 244 254 246
0.003783 -0.008573 -0.006825 219 230 222
0.004906 -0.005942 -0.006487 242 252 244
0.004177 -0.008168 -0.007042 226 237 229
0.005123 -0.005610 -0.006850 244 254 246
0.003097 -0.008831 -0.008142 229 238 233
0.004189 -0.006219 -0.007928 245 252 245
0.003797 -0.007468 -0.008307 240 250 242
0.004746 -0.004934 -0.008207 249 254 248
0.003138 -0.007696 -0.009162 244 253 248
0.004047 -0.005176 -0.009152 248 255 248
0.002964 -0.008325 -0.009539 246 255 250
0.003669 -0.005857 -0.009668 248 255 248
0.002602 -0.007624 -0.010498 245 254 249
0.003939 -0.004959 -0.010178 244 254 245
0.002604 -0.007629 -0.010902 244 253 248
0.003942 -0.004963 -0.010580 243 253 244
0.002100 -0.008657 -0.011446 246 252 250
0.002807 -0.006154 -0.011482 241 250 245
0.002223 -0.007778 -0.012024 243 249 247
0.003510 -0.005124 -0.011757 239 251 241
0.002255 -0.007455 -0.012294 241 247 245
0.003071 -0.004994 -0.012561 238 249 241
0.002163 -0.008357 -0.012622 245 251 249
0.002869 -0.005894 -0.012858 240 250 242
0.002557 -0.007320 -0.012659 245 251 249
0.002705 -0.005129 -0.013678 242 252 244
0.002651 -0.007034 -0.013194 246 252 250
0.002810 -0.004871 -0.014325 244 254 246
0.002780 -0.007533 -0.013206 250 255 251
0.002443 -0.005519 -0.014695 247 253 249
0.002653 -0.006486 -0.014192 249 255 253
0.002908 -0.008070 -0.013782 245 250 246
0.002315 -0.006093 -0.015272 250 254 253
0.002478 -0.006570 -0.015219 249 254 250
0.002828 -0.007558 -0.014901 238 246 235
0.002113 -0.005663 -0.016679 249 255 251
0.002586 -0.007098 -0.015747 239 247 234
0.002114 -0.005144 -0.017425 248 254 250
0.002946 -0.007220 -0.015579 235 243 228
0.002164 -0.005350 -0.017422 248 255 248
0.003119 -0.008029 -0.015682 220 229 210
0.002231 -0.006154 -0.017445 246 254 241
0.003144 -0.007433 -0.016096 234 243 224
0.002240 -0.005609 -0.018093 246 254 241
0.003146 -0.007438 -0.016509 235 244 223
0.002241 -0.005614 -0.018509 246 254 239
0.003361 -0.007927 -0.016535 227 237 212
0.002376 -0.006097 -0.018465 245 254 235
0.003173 -0.007132 -0.017263 240 250 225
0.002154 -0.005360 -0.019442 245 254 237
0.002845 -0.007012 -0.018258 241 251 226
0.003153 -0.007156 -0.018140 240 250 223
0.002568 -0.006279 -0.019619 242 255 229
0.003453 -0.007621 -0.018507 236 248 212
0.009823 -0.009049 -0.019682 212 229 175
0.011756 -0.009521 -0.018806 207 221 172
0.013026 -0.010263 -0.018645 203 216 170
0.010246 -0.014438 0.039275 201 163 126
0.010253 -0.014448 0.038954 201 166 128
0.010198 -0.014731 0.038582 199 167 129
0.010205 -0.015231 0.038402 198 164 127
0.010430 -0.013220 0.038015 210 187 137
0.010278 -0.014271 0.037720 203 176 133
0.010193 -0.015534 0.037657 198 164 127
0.010317 -0.013541 0.037196 208 184 136
0.010303 -0.015064 0.037097 199 170 130
0.010432 -0.013064 0.036689 212 191 138
0.010398 -0.014311 0.036658 203 179 135
0.010730 -0.012258 0.036450 217 202 147
0.010430 -0.015794 0.036744 190 164 129
0.010411 -0.013845 0.036120 203 186 142
0.010578 -0.011802 0.035915 219 210 155
0.010373 -0.015104 0.036055 197 174 140
0.010251 -0.013149 0.035495 206 193 148
0.010417 -0.014342 0.035667 199 185 150
0.009883 -0.012456 0.034903 204 197 151
0.010313 -0.015360 0.035546 188 169 139
0.010146 -0.013413 0.034935 202 194 155
0.010114 -0.011394 0.034645 203 205 158
0.010040 -0.016406 0.035382 169 145 119
0.010193 -0.014403 0.034893 201 187 158
0.009344 -0.012584 0.033873 198 195 154
0.009707 -0.010494 0.033796 205 213 166
0.010139 -0.015179 0.034670 193 176 150
0.009528 -0.013307 0.033820 204 196 160
0.009446 -0.011317 0.033375 201 203 163
0.009854 -0.016034 0.034167 180 156 132
0.009579 -0.014090 0.033537 205 194 164
0.008722 -0.012265 0.032507 203 201 163
0.009724 -0.016568 0.033901 169 143 120
0.009811 -0.014556 0.033450 205 188 160
0.008846 -0.012747 0.032380 207 199 163
0.009094 -0.010691 0.032135 213 215 175
0.009391 -0.017211 0.033199 161 130 109
0.009558 -0.015186 0.032760 205 181 155
0.008525 -0.013372 0.031719 213 200 166
0.008737 -0.011306 0.031499 209 210 170
0.009535 -0.015458 0.032442 201 173 149
0.008497 -0.013644 0.031395 217 201 168
0.008705 -0.011577 0.031171 214 210 172
0.009242 -0.017574 0.032235 162 124 105
0.009298 -0.015560 0.031765 204 173 152
0.008057 -0.013775 0.030621 218 199 169
0.008305 -0.011673 0.030522 214 206 169
0.009275 -0.017323 0.031886 170 132 113
0.009335 -0.015307 0.031419 211 180 159
0.008097 -0.013520 0.030274 218 197 168
0.008349 -0.011417 0.030179 215 205 169
0.009213 -0.016635 0.031139 190 149 131
0.008254 -0.014791 0.030179 219 189 165
0.007599 -0.012858 0.029497 216 195 164
0.007868 -0.010763 0.029352 217 208 169
0.009077 -0.017677 0.030984 176 129 113
0.009018 -0.015667 0.030503 213 175 156
0.007615 -0.013902 0.029275 224 194 168
0.007836 -0.011791 0.029186 213 197 163
0.009178 -0.018406 0.030983 173 117 104
0.008881 -0.016495 0.030109 203 156 140
0.007950 -0.014631 0.029200 225 189 167
0.007385 -0.012680 0.028556 216 191 161
0.008859 -0.016770 0.029788 199 147 133
0.007924 -0.014906 0.028874 221 180 160
0.007355 -0.012954 0.028226 213 183 155
0.008712 -0.018575 0.029818 173 111 100
0.008428 -0.016653 0.028959 199 146 130
0.007590 -0.014761 0.028121 215 173 151
0.008390 -0.017944 0.028872 178 119 105
0.008159 -0.015947 0.028332 209 153 138
0.006885 -0.014145 0.027169 208 166 144
0.008053 -0.018569 0.028290 174 110 98
0.007718 -0.016607 0.027594 197 139 125
0.006446 -0.014792 0.026473 206 158 138
0.005755 -0.012831 0.025807 193 156 130
0.008239 -0.018776 0.028223 172 104 95
0.007946 -0.016826 0.027459 191 132 118
0.006956 -0.014955 0.026520 201 150 131
0.005852 -0.013088 0.025533 188 147 125
0.007498 -0.018777 0.026963 176 108 97
0.007147 -0.016784 0.026381 195 133 120
0.005891 -0.014945 0.025323 201 148 130
0.005141 -0.012990 0.024607 191 146 125
0.007528 -0.018009 0.026500 186 120 106
0.006976 -0.016047 0.025834 202 140 125
0.005580 -0.014234 0.024666 199 146 128
0.005077 -0.012225 0.024123 194 149 128
0.006996 -0.018954 0.025759 182 112 100
0.006636 -0.016953 0.025184 197 134 119
0.005586 -0.015069 0.024243 201 144 127
0.004723 -0.013142 0.023394 197 146 127
0.007001 -0.018967 0.025416 185 113 101
0.006641 -0.016964 0.024839 199 133 119
0.005590 -0.015079 0.023896 203 141 126
0.004726 -0.013151 0.023045 199 146 128
0.006588 -0.018827 0.024676 190 118 106
0.006213 -0.016834 0.024040 202 134 121
0.005560 -0.014865 0.023353 202 140 125
0.004717 -0.012938 0.022484 203 147 130
0.006489 -0.018089 0.024092 204 132 120
0.006009 -0.016095 0.023482 208 142 128
0.005135 -0.014173 0.022611 208 146 131
0.005926 -0.018775 0.023320 207 135 123
0.005798 -0.016697 0.022962 212 144 131
0.005658 -0.014603 0.022691 211 149 134
0.004874 -0.012669 0.021830 214 155 137
0.005957 -0.018519 0.022954 214 144 132
0.005832 -0.016439 0.022599 216 148 135
0.005696 -0.014344 0.022330 218 155 140
0.005877 -0.015649 0.022195 222 153 138
0.005911 -0.013510 0.022089 223 160 145
0.005671 -0.016246 0.021695 226 157 142
0.006021 -0.014024 0.021877 231 163 150
0.005304 -0.016382 0.020874 223 154 139
0.006066 -0.014054 0.021428 225 157 144
0.005643 -0.015513 0.020742 215 147 134
0.006067 -0.013275 0.020983 223 155 142
0.004118 -0.018616 0.019133 228 161 145
0.005009 -0.016252 0.019711 214 148 134
0.005582 -0.013980 0.020036 216 150 138
0.004378 -0.018291 0.018997 227 161 145
0.005190 -0.015948 0.019508 209 143 129
0.003603 -0.019328 0.017956 227 161 147
0.004732 -0.016898 0.018726 210 144 130
0.004705 -0.017181 0.018384 209 143 129
0.003921 -0.019006 0.017484 221 154 138
0.004739 -0.016666 0.017935 201 133 120
0.004651 -0.017232 0.017568 202 136 120
0.004466 -0.017039 0.016947 195 132 114
0.004045 -0.018489 0.016406 204 146 126
0.004584 -0.016221 0.016601 183 122 101
0.003234 -0.018989 0.015313 199 145 119
0.004326 -0.016574 0.015999 191 137 111
0.003743 -0.018336 0.015332 191 144 114
0.004484 -0.016012 0.015714 198 152 119
0.004090 -0.017190 0.015142 194 155 114
0.004093 -0.017202 0.014781 191 163 115
0.003553 -0.018673 0.014198 166 144 95
0.004731 -0.016256 0.014872 211 194 138
0.003092 -0.019073 0.013463 176 160 109
0.004457 -0.016599 0.014316 210 200 139
0.003616 -0.018393 0.013586 194 181 128
0.004999 -0.015951 0.014334 229 224 160
0.003152 -0.019324 0.012957 203 194 139
0.004673 -0.016832 0.013839 227 218 159
0.003211 -0.019021 0.012748 220 209 155
0.005002 -0.016493 0.013743 242 233 174
0.002073 -0.020382 0.011654 237 223 174
0.004064 -0.017774 0.012848 244 231 176
0.005301 -0.015386 0.013406 255 251 189
0.002111 -0.020351 0.011486 240 228 178
0.004097 -0.017771 0.012546 244 233 179
0.005347 -0.015391 0.013061 251 247 184
0.003552 -0.018705 0.011914 241 230 176
0.005285 -0.016209 0.012791 246 241 183
0.003379 -0.018762 0.011397 243 233 180
0.005051 -0.016289 0.012170 241 239 178
0.002361 -0.020068 0.010514 247 241 189
0.004492 -0.017471 0.011633 242 237 179
0.002141 -0.020134 0.009970 249 246 193
0.004201 -0.017563 0.010972 240 236 175
0.003194 -0.018851 0.010115 234 231 176
0.004668 -0.016435 0.010657 231 225 163
0.002551 -0.019265 0.009365 226 223 168
0.004219 -0.016812 0.009983 221 217 156
0.003479 -0.018294 0.009420 214 212 155
0.003349 -0.018327 0.008991 205 204 147
0.002629 -0.019538 0.008457 197 198 141
0.003969 -0.017175 0.008708 195 193 132
0.002762 -0.019716 0.008590 196 199 144
0.003708 -0.017467 0.008383 195 195 135
0.003199 -0.018881 0.008122 198 199 141
0.004023 -0.016667 0.007845 202 201 137
0.003269 -0.019074 0.008198 197 200 143
0.003890 -0.016927 0.007630 204 202 141
0.003509 -0.018295 0.007534 201 202 144
0.004065 -0.016165 0.006955 218 214 150
0.003341 -0.018548 0.007391 201 202 145
0.003864 -0.016452 0.006626 218 217 153
0.003650 -0.017759 0.006757 209 208 151
0.003393 -0.017809 0.006270 214 213 156
0.002978 -0.018930 0.006086 223 223 169
0.002852 -0.018945 0.005739 230 229 175
0.003261 -0.017848 0.005171 229 227 170
0.002512 -0.018173 0.000638 189 178 124
0.001798 -0.016242 -0.000800 203 188 123
0.002132 -0.018826 0.000019 199 192 137
0.001822 -0.016765 -0.000929 200 186 121
0.002265 -0.017995 -0.000450 193 185 123
0.001767 -0.015994 -0.001631 211 196 127
0.002231 -0.018002 -0.000801 196 191 127
0.001907 -0.015957 -0.001822 212 200 126
0.002150 -0.018855 -0.001086 207 205 146
0.001947 -0.016752 -0.001891 208 200 127
0.002144 -0.018575 -0.001441 207 205 144
0.002162 -0.016402 -0.001968 211 205 129
0.002110 -0.019144 -0.001738 211 212 152
0.002250 -0.016928 -0.002110 208 204 130
0.002411 -0.014794 -0.002796 215 207 124
0.002034 -0.018606 -0.002211 208 208 144
0.002215 -0.016364 -0.002477 212 206 130
0.002026 -0.009523 -0.002451 221 210 128
0.001994 -0.019181 -0.002525 214 216 153
0.002286 -0.016908 -0.002694 209 205 132
0.002125 -0.014746 -0.003241 215 207 124
0.002098 -0.012431 -0.003096 215 204 114
0.002275 -0.010010 -0.002447 218 208 123
0.002056 -0.018056 -0.002979 208 207 142
0.001957 -0.015841 -0.003331 214 207 129
0.002159 -0.013499 -0.003115 217 206 117
0.002023 -0.008963 -0.003209 221 212 133
0.002058 -0.018069 -0.003370 210 209 144
0.001959 -0.015852 -0.003722 214 207 129
0.002161 -0.013509 -0.003506 218 207 118
0.002661 -0.011034 -0.002651 212 200 114
0.002024 -0.008970 -0.003601 222 213 134
0.001968 -0.016673 -0.003874 210 206 132
0.002004 -0.014348 -0.003737 214 206 121
0.002181 -0.011936 -0.003170 215 204 115
0.002139 -0.009639 -0.003090 220 212 129
0.001852 -0.018409 -0.004230 212 211 147
0.001770 -0.016151 -0.004417 212 206 130
0.001722 -0.013814 -0.004223 216 206 119
0.002334 -0.011303 -0.003238 212 200 114
0.002055 -0.009194 -0.004042 225 216 137
0.001706 -0.016456 -0.004823 210 207 130
0.001517 -0.014125 -0.004646 214 206 121
0.001883 -0.011658 -0.003864 213 201 115
0.002249 -0.009301 -0.003556 225 217 134
0.001700 -0.017617 -0.005201 210 210 140
0.001450 -0.015347 -0.005317 212 205 125
0.001092 -0.013019 -0.005131 216 206 119
0.002049 -0.010420 -0.003770 210 200 115
0.002085 -0.008419 -0.005145 227 221 145
0.001201 -0.017423 -0.005874 211 208 137
0.001011 -0.015089 -0.005721 213 205 124
0.001152 -0.012661 -0.005140 216 206 119
0.002012 -0.010129 -0.004092 213 205 122
0.002041 -0.008169 -0.005671 227 223 150
0.000962 -0.015713 -0.006279 212 205 127
0.000726 -0.013348 -0.005965 215 205 118
0.001849 -0.010718 -0.004503 206 196 111
0.002201 -0.008620 -0.005483 229 223 147
0.000772 -0.016899 -0.006713 209 205 131
0.000686 -0.014499 -0.006274 213 205 122
0.001446 -0.011966 -0.005292 213 203 116
0.002277 -0.009541 -0.004763 223 216 135
0.002211 -0.007542 -0.006150 214 214 144
0.000773 -0.016911 -0.007110 209 205 132
0.000687 -0.014509 -0.006671 213 205 122
0.001448 -0.011975 -0.005687 213 203 116
0.002279 -0.009547 -0.005158 224 217 136
0.002213 -0.007548 -0.006547 214 214 144
0.000658 -0.015408 -0.007158 211 204 126
0.000919 -0.012950 -0.006491 213 205 120
0.001907 -0.010406 -0.005450 209 201 118
0.002660 -0.008136 -0.005648 228 224 150
0.000668 -0.016918 -0.007791 209 205 132
0.000865 -0.014441 -0.007052 212 204 123
0.001547 -0.011927 -0.006159 213 203 118
0.002458 -0.009487 -0.005595 225 218 137
0.002409 -0.007436 -0.006763 214 214 144
0.000879 -0.014743 -0.007463 210 203 123
0.001392 -0.012250 -0.006662 213 205 120
0.002310 -0.009761 -0.005864 219 212 131
0.002720 -0.007560 -0.006364 219 219 147
0.000565 -0.015714 -0.008237 209 203 127
0.001093 -0.013193 -0.007334 211 205 119
0.001989 -0.010670 -0.006407 207 199 116
0.002860 -0.008328 -0.006293 226 222 148
0.000925 -0.015009 -0.008037 209 202 124
0.001459 -0.012513 -0.007241 211 203 118
0.002402 -0.010009 -0.006392 215 208 127
0.002778 -0.007791 -0.006830 223 220 149
0.000557 -0.015431 -0.008960 208 202 124
0.001279 -0.012868 -0.007890 210 204 120
0.002152 -0.010351 -0.006989 213 205 122
0.003045 -0.007979 -0.006727 224 220 146
0.002216 -0.006114 -0.008772 202 206 147
0.001457 -0.013997 -0.008128 209 202 121
0.001890 -0.011555 -0.007560 211 203 118
0.002900 -0.009058 -0.006724 228 221 141
0.002595 -0.007022 -0.008008 209 208 141
0.002043 -0.011228 -0.007743 213 205 122
0.003118 -0.008748 -0.007000 225 219 141
0.002364 -0.006843 -0.008904 206 206 142
0.002050 -0.011546 -0.008253 212 205 124
0.002884 -0.009080 -0.007563 223 217 139
0.002310 -0.007101 -0.009131 209 212 145
0.001807 -0.012763 -0.008864 210 204 120
0.002378 -0.010325 -0.008330 216 209 129
0.002880 -0.008018 -0.008379 217 215 141
0.001776 -0.006210 -0.010755 212 218 158
0.002234 -0.012701 -0.008991 210 204 118
0.002379 -0.010381 -0.008984 217 210 129
0.002388 -0.008187 -0.009562 215 213 139
0.001512 -0.006271 -0.011435 215 221 161
0.002324 -0.013262 -0.009266 209 203 117
0.002331 -0.010971 -0.009399 216 210 124
0.002649 -0.008666 -0.009464 216 212 138
0.001682 -0.006764 -0.011415 210 214 153
0.002749 -0.012346 -0.009469 210 204 118
0.002428 -0.010163 -0.010082 218 213 131
0.001622 -0.008163 -0.011574 210 210 140
0.002751 -0.012355 -0.009870 210 204 120
0.002430 -0.010170 -0.010484 217 212 131
0.001623 -0.008169 -0.011980 209 209 139
0.003620 -0.013030 -0.009403 209 202 121
0.003148 -0.010899 -0.010243 218 211 131
0.002296 -0.008868 -0.011562 212 208 134
0.001223 -0.006898 -0.013203 219 223 162
0.003398 -0.012255 -0.010189 210 203 123
0.002601 -0.010194 -0.011357 217 211 135
0.001525 -0.008225 -0.013000 208 208 138
0.003491 -0.014243 -0.010356 205 202 123
0.003855 -0.011919 -0.010387 211 204 124
0.002858 -0.009897 -0.011715 216 210 134
0.001637 -0.007932 -0.013367 210 211 143
0.003860 -0.012760 -0.010607 211 204 124
0.003101 -0.010690 -0.011730 221 216 135
0.001973 -0.008706 -0.013289 208 206 132
0.001099 -0.006644 -0.014534 231 237 177
0.003454 -0.014312 -0.011400 205 202 123
0.004002 -0.011948 -0.011271 211 206 122
0.003018 -0.009901 -0.012485 212 209 130
0.001740 -0.007922 -0.014079 211 212 144
0.000983 -0.005824 -0.015167 244 251 199
0.003777 -0.013962 -0.011516 206 203 124
0.003865 -0.011702 -0.011825 213 208 126
0.002779 -0.009676 -0.013155 208 205 126
0.001494 -0.007683 -0.014709 217 219 154
0.003266 -0.014696 -0.012535 205 201 128
0.003989 -0.012280 -0.012199 211 206 125
0.003058 -0.010208 -0.013313 213 212 132
0.001749 -0.008221 -0.014880 207 208 142
0.000718 -0.006170 -0.016223 244 248 198
0.003791 -0.013458 -0.012614 210 204 128
0.003634 -0.011227 -0.013043 216 213 136
0.002599 -0.009182 -0.014312 202 202 132
0.001426 -0.007141 -0.015666 229 233 174
0.003989 -0.012879 -0.013013 210 203 131
0.003334 -0.010751 -0.013888 218 215 144
0.002268 -0.008710 -0.015207 208 209 143
0.001008 -0.006686 -0.016672 240 244 193
0.003772 -0.013505 -0.013557 207 202 134
0.003626 -0.011264 -0.013952 214 211 144
0.002672 -0.009197 -0.015140 210 210 148
0.001432 -0.007167 -0.016566 233 238 184
0.003179 -0.014795 -0.014424 196 196 134
0.004020 -0.012334 -0.013910 207 205 144
0.003173 -0.010248 -0.014997 211 210 154
0.001860 -0.008259 -0.016592 220 224 173
0.000185 -0.006307 -0.018470 245 252 211
0.003584 -0.014144 -0.014519 196 197 140
0.003868 -0.011808 -0.014527 208 207 153
0.003000 -0.009725 -0.015645 214 213 165
0.001591 -0.007745 -0.017309 230 238 191
0.003348 -0.014494 -0.015119 192 195 140
0.004125 -0.012047 -0.014668 207 207 155
0.003316 -0.009959 -0.015762 212 213 169
0.002009 -0.007973 -0.017388 230 236 192
-0.000024 -0.006065 -0.019515 246 254 217
0.002990 -0.015437 -0.015727 192 195 140
0.004160 -0.012894 -0.014906 206 206 156
0.003495 -0.010775 -0.015867 202 203 159
0.002447 -0.008735 -0.017231 220 226 182
0.000818 -0.006761 -0.018997 242 250 211
0.003401 -0.014785 -0.015834 200 202 152
0.004060 -0.012367 -0.015530 211 213 166
0.003271 -0.010278 -0.016643 199 201 161
0.002003 -0.008285 -0.018254 222 229 187
0.000520 -0.003845 -0.019464 244 255 220
0.003404 -0.014796 -0.016244 204 206 156
0.004063 -0.012376 -0.015939 215 217 170
0.003273 -0.010286 -0.017055 194 196 156
0.002005 -0.008291 -0.018670 220 227 186
0.000520 -0.003848 -0.019884 244 255 220
0.003179 -0.015428 -0.016782 207 211 160
0.004066 -0.012961 -0.016311 216 218 168
0.003411 -0.010848 -0.017333 183 186 143
0.002415 -0.008801 -0.018693 210 214 177
0.003479 -0.014523 -0.017072 216 218 169
0.004002 -0.012141 -0.016943 222 226 176
0.003233 -0.010048 -0.018067 184 190 146
0.002039 -0.008034 -0.019611 220 226 188
0.003757 -0.014200 -0.017328 216 218 169
0.003722 -0.011945 -0.017752 214 216 167
0.002949 -0.009846 -0.018869 188 191 148
0.003528 -0.014544 -0.017904 214 218 167
0.003919 -0.012194 -0.017930 220 222 173
0.003169 -0.010093 -0.019038 182 185 142
0.003084 -0.015790 -0.018522 212 217 161
0.003894 -0.013354 -0.018240 219 218 170
0.003504 -0.011177 -0.019011 179 180 138
0.002783 -0.009042 -0.019988 200 205 165
0.003400 -0.015166 -0.018767 213 218 164
0.003965 -0.012781 -0.018675 220 219 173
0.003292 -0.010663 -0.019725 169 170 130
0.003595 -0.015132 -0.018988 212 217 163
0.003971 -0.012798 -0.019129 216 218 171
0.003305 -0.016056 -0.019483 209 214 160
0.003906 -0.013674 -0.019466 212 214 165
0.003796 -0.015394 -0.019581 206 208 158
0.003928 -0.013117 -0.019985 207 211 161
0.003800 -0.015406 -0.019996 202 204 154
0.010783 -0.014728 0.034518 150 99 96
0.010871 -0.014489 0.034183 153 99 97
0.009299 -0.015617 0.033878 133 96 87
0.009363 -0.014823 0.032456 148 97 94
0.007743 -0.015666 0.031054 136 96 88
0.007670 -0.015930 0.030731 133 96 87
0.001981 -0.017736 0.026067 112 93 76
0.000381 -0.018002 0.023458 111 92 75
0.000771 -0.017324 0.022729 121 95 80
-0.006704 -0.020042 0.012798 94 85 68
-0.006269 -0.021394 0.012987 97 94 79
-0.006857 -0.019258 0.012127 95 82 65
-0.006717 -0.021952 0.012503 96 97 83
-0.007314 -0.019881 0.011350 91 82 65
-0.006813 -0.021742 0.011842 96 93 78
-0.007502 -0.019625 0.010817 92 81 63
-0.007229 -0.017342 0.010978 109 88 67
-0.006891 -0.022461 0.012069 93 97 82
-0.006755 -0.020322 0.011559 92 85 69
-0.006830 -0.018092 0.011328 96 79 61
-0.006965 -0.022748 0.011724 92 96 81
-0.006833 -0.020607 0.011208 92 85 69
-0.006912 -0.018375 0.010973 97 80 62
-0.006722 -0.022177 0.011548 91 92 78
-0.006342 -0.019944 0.011562 91 82 65
-0.006498 -0.017733 0.011206 102 85 65
-0.007039 -0.022748 0.011093 91 93 79
-0.006449 -0.020527 0.011138 91 84 68
-0.006341 -0.018287 0.011041 96 81 62
-0.007210 -0.016147 0.009942 147 126 99
-0.007052 -0.022455 0.010825 87 89 75
-0.006276 -0.020218 0.011028 90 83 65
-0.005950 -0.017975 0.011063 97 82 61
-0.006620 -0.021629 0.010604 89 83 69
-0.006028 -0.019362 0.010862 87 79 60
-0.006422 -0.017193 0.010171 118 104 78
-0.006854 -0.021892 0.010286 87 85 72
-0.006180 -0.019655 0.010436 79 72 54
-0.006008 -0.017455 0.010185 124 112 88
-0.006669 -0.021356 0.009921 83 77 63
-0.006024 -0.019103 0.010130 79 71 52
-0.006266 -0.016943 0.009468 161 150 122
-0.007051 -0.022418 0.009796 96 96 88
-0.006635 -0.020256 0.009450 67 60 44
-0.006113 -0.018039 0.009431 125 115 90
-0.006970 -0.015936 0.008139 213 204 165
-0.007056 -0.022434 0.009422 99 99 91
-0.006640 -0.020270 0.009075 60 53 37
-0.006117 -0.018052 0.009056 130 123 95
-0.006975 -0.015947 0.007761 228 223 181
-0.007246 -0.021665 0.008629 85 78 68
-0.006853 -0.019479 0.008358 51 46 26
-0.006660 -0.017317 0.007894 197 191 157
-0.006916 -0.019770 0.007988 58 53 33
-0.006358 -0.017580 0.007847 177 173 138
-0.006690 -0.017089 0.006979 206 204 165
-0.006574 -0.017900 0.006942 165 162 129
-0.007305 -0.015784 0.005714 222 221 173
-0.006593 -0.017647 0.006458 175 175 139
-0.007077 -0.015511 0.005460 211 214 161
-0.007053 -0.018766 0.006015 136 132 105
-0.006947 -0.016599 0.005483 202 201 157
-0.007189 -0.018786 0.005536 147 143 114
-0.006941 -0.016605 0.005135 205 204 160
-0.006899 -0.017426 0.005022 196 194 156
-0.006925 -0.017431 0.004662 202 198 161
-0.006968 -0.015250 0.004081 206 206 156
-0.007031 -0.018535 0.004499 190 187 156
-0.007031 -0.016360 0.003906 209 206 163
-0.007169 -0.018546 0.004050 201 198 165
-0.007002 -0.016363 0.003583 210 209 163
-0.006938 -0.017458 0.003561 216 215 171
-0.006925 -0.015274 0.003004 213 216 163
-0.006980 -0.017739 0.003246 220 221 179
-0.006834 -0.015558 0.002750 218 220 170
-0.007014 -0.016940 0.002595 227 226 180
-0.006586 -0.014733 0.002382 230 233 180
-0.007080 -0.016959 0.002142 231 230 184
-0.006332 -0.014739 0.002182 241 241 191
-0.007282 -0.018067 0.001926 241 239 200
-0.006814 -0.015867 0.001674 239 239 189
-0.006771 -0.016159 0.001358 239 239 189
-0.007177 -0.017542 0.001084 234 233 189
-0.006370 -0.015331 0.001093 244 244 192
-0.006192 -0.015617 0.000884 243 243 193
-0.006869 -0.017014 0.000372 230 229 181
-0.005958 -0.014785 0.000533 245 245 193
-0.006372 -0.016491 -0.000245 235 235 185
-0.006488 -0.016535 -0.000841 233 233 183
-0.006767 -0.016605 -0.002330 230 229 181
-0.006843 -0.016343 -0.002846 233 232 184
-0.007403 -0.017190 -0.003402 223 222 174
-0.006889 -0.016345 -0.003565 231 230 182
-0.006976 -0.016634 -0.003945 228 227 179
-0.008008 -0.017737 -0.004600 219 219 167
-0.006533 -0.015497 -0.004155 232 234 184
-0.008014 -0.017750 -0.004999 221 221 169
-0.006538 -0.015508 -0.004552 227 229 179
-0.007302 -0.016630 -0.005154 222 221 173
-0.006767 -0.014365 -0.005188 220 222 175
-0.007227 -0.016364 -0.005571 218 217 169
-0.006686 -0.014098 -0.005601 215 217 170
-0.007987 -0.017181 -0.006092 221 219 170
-0.007075 -0.014924 -0.005961 212 211 163
-0.006960 -0.012668 -0.006322 218 220 173
-0.007661 -0.016639 -0.006446 214 212 163
-0.007127 -0.014366 -0.006484 204 206 157
-0.008521 -0.017162 -0.007013 227 226 172
-0.007765 -0.014885 -0.006939 213 213 161
-0.007745 -0.012618 -0.007366 217 221 170
-0.008283 -0.016333 -0.007476 229 228 172
-0.007715 -0.014047 -0.007477 217 220 165
-0.007462 -0.011783 -0.007760 222 227 171
-0.009221 -0.016325 -0.008372 237 236 179
-0.008392 -0.014019 -0.008155 223 229 169
-0.008180 -0.011736 -0.008423 222 227 169
-0.008492 -0.014884 -0.008457 238 239 179
-0.008480 -0.012597 -0.008860 220 226 166
-0.007265 -0.010304 -0.008344 222 228 168
-0.009046 -0.014617 -0.009314 241 246 180
-0.008913 -0.012319 -0.009611 222 228 166
-0.007558 -0.009999 -0.008889 223 229 167
-0.009446 -0.015214 -0.009933 249 251 186
-0.009091 -0.012901 -0.010034 225 231 167
-0.007871 -0.010588 -0.009467 222 228 166
-0.009737 -0.014660 -0.010676 243 248 184
-0.009473 -0.012352 -0.010885 226 232 172
-0.007933 -0.010005 -0.009936 224 230 170
-0.010126 -0.015260 -0.011294 247 251 190
-0.009630 -0.012937 -0.011294 230 236 176
-0.008310 -0.010602 -0.010594 225 230 172
-0.010694 -0.014094 -0.012183 239 245 185
-0.010278 -0.011773 -0.012277 227 232 176
-0.008061 -0.009390 -0.010681 222 227 169
-0.010702 -0.014104 -0.012596 240 245 187
-0.010286 -0.011781 -0.012691 228 233 179
-0.008068 -0.009397 -0.011091 222 227 171
-0.012266 -0.014969 -0.013793 231 236 180
-0.009042 -0.010216 -0.011830 217 221 171
-0.006409 -0.007913 -0.010188 208 213 159
-0.012102 -0.014392 -0.014175 216 220 169
-0.008570 -0.009632 -0.011913 207 211 161
-0.005985 -0.007357 -0.010400 202 206 155
-0.012807 -0.014697 -0.015007 201 208 157
-0.006610 -0.007616 -0.011100 197 204 153
-0.012551 -0.013529 -0.015424 184 190 142
-0.008036 -0.008757 -0.012360 189 195 149
-0.005669 -0.006498 -0.011047 193 199 151
-0.012908 -0.015590 -0.015699 177 183 135
-0.012462 -0.013230 -0.015745 170 176 130
-0.007795 -0.008469 -0.012597 184 190 146
-0.005495 -0.006207 -0.011312 190 196 150
-0.012498 -0.013825 -0.016073 169 174 133
-0.006081 -0.006773 -0.012048 191 196 155
-0.012533 -0.015002 -0.016267 171 178 136
-0.012282 -0.012648 -0.016482 169 176 135
-0.007745 -0.007902 -0.013470 187 194 153
-0.005245 -0.005643 -0.012008 190 197 156
-0.012542 -0.015013 -0.016688 171 177 139
-0.012291 -0.012658 -0.016904 166 172 136
-0.007751 -0.007908 -0.013885 187 193 157
-0.005249 -0.005647 -0.012420 189 195 157
-0.012439 -0.013530 -0.017169 165 171 135
-0.006809 -0.006463 -0.013744 193 199 163
-0.012574 -0.015009 -0.017403 168 174 138
-0.008415 -0.007898 -0.015130 187 193 159
-0.005510 -0.005625 -0.013313 189 195 159
-0.012410 -0.015283 -0.017502 184 190 156
-0.006314 -0.005875 -0.014155 193 199 165
-0.007243 -0.006732 -0.015118 204 210 176
-0.006575 -0.006141 -0.014990 201 207 173
-0.007408 -0.006438 -0.016066 210 216 182
-0.009620 -0.007588 -0.017988 220 226 192
-0.005889 -0.005275 -0.015345 199 205 171
-0.008754 -0.007300 -0.017746 218 224 190
-0.005488 -0.005006 -0.015537 198 204 170
-0.009940 -0.007596 -0.019063 216 222 184
-0.006173 -0.005260 -0.016306 201 207 171
-0.007974 -0.006430 -0.018064 209 215 179
-0.005301 -0.004162 -0.016427 197 203 167
-0.008419 -0.006431 -0.018835 207 215 176
-0.005646 -0.004150 -0.017073 200 208 169
-0.006066 -0.004699 -0.017596 204 212 171
-0.007911 -0.006124 -0.019174 201 210 167
-0.005492 -0.003882 -0.017895 214 222 181
-0.007918 -0.006128 -0.019599 198 207 162
-0.005496 -0.003886 -0.018317 219 228 185
-0.006622 -0.004692 -0.019252 209 223 172
-0.005726 -0.003883 -0.019317 230 239 192
0.001089 -0.005435 0.038638 81 85 68
-0.001837 -0.005152 0.035994 80 89 70
-0.001730 -0.005449 0.035426 81 90 73
-0.001802 -0.006018 0.033653 82 90 75
0.000854 -0.006101 0.034213 83 91 76
0.000854 -0.006106 0.033877 83 91 76
-0.000399 -0.006174 0.032654 84 92 77
-0.001384 -0.006475 0.032102 82 90 75
-0.002585 -0.007317 0.031335 76 90 73
-0.000891 -0.006957 0.031205 80 91 75
-0.003086 -0.008054 0.030470 71 89 73
0.000333 -0.006825 0.030721 85 93 78
-0.002312 -0.007476 0.029990 77 89 75
-0.001215 -0.007336 0.029295 81 89 76
-0.002816 -0.008214 0.029117 74 88 75
-0.001801 -0.007788 0.028302 80 88 77
-0.002891 -0.008505 0.028324 77 90 81
-0.003627 -0.009406 0.028049 80 95 88
-0.001592 -0.007911 0.027409 81 86 79
-0.002270 -0.008525 0.027162 79 89 81
-0.002848 -0.009183 0.026889 78 91 84
-0.003353 -0.009556 0.026766 75 90 85
-0.003274 -0.010112 0.026615 72 89 81
-0.001771 -0.008498 0.025777 84 90 86
-0.003399 -0.010362 0.026279 71 88 80
-0.001904 -0.008743 0.025433 82 92 84
-0.003053 -0.010505 0.025774 72 88 78
-0.002930 -0.010270 0.025414 71 87 77
-0.002577 -0.009721 0.024213 77 88 80
-0.002884 -0.010604 0.024613 72 88 78
-0.003447 -0.011236 0.024535 72 92 80
-0.002127 -0.009560 0.023672 81 91 82
-0.003572 -0.011489 0.024198 73 93 81
-0.002259 -0.009808 0.023327 79 89 80
-0.003200 -0.011330 0.023819 74 92 78
-0.001812 -0.009608 0.023272 80 90 79
-0.002140 -0.010786 0.023583 75 91 78
-0.002408 -0.011248 0.023377 75 92 74
-0.002032 -0.009306 0.022389 82 88 76
-0.002989 -0.011409 0.022809 74 93 74
-0.001630 -0.009621 0.022516 81 89 74
-0.002220 -0.011291 0.022821 77 92 73
-0.002246 -0.009244 0.021706 81 85 70
-0.002108 -0.007157 0.020997 84 81 64
-0.001596 -0.010622 0.022553 80 93 75
-0.002336 -0.008448 0.020970 74 77 60
-0.002244 -0.011304 0.022097 79 92 72
-0.002834 -0.009157 0.020597 76 80 63
-0.002601 -0.007082 0.019929 78 75 56
-0.002245 -0.011312 0.021743 79 92 72
-0.002836 -0.009163 0.020240 73 78 58
-0.002603 -0.007087 0.019571 75 73 52
-0.002423 -0.011042 0.021098 81 94 74
-0.003420 -0.008820 0.019306 68 71 50
-0.003049 -0.006765 0.018718 79 74 52
-0.002758 -0.010234 0.020058 87 95 74
-0.003580 -0.008007 0.018503 65 67 45
-0.003244 -0.010698 0.019542 84 94 70
-0.004331 -0.008444 0.017699 68 72 47
-0.003118 -0.010460 0.019173 86 96 71
-0.004202 -0.008205 0.017329 73 76 49
-0.003951 -0.011657 0.018772 79 93 68
-0.004691 -0.009469 0.017123 81 87 61
-0.004540 -0.007379 0.016284 80 79 49
-0.004181 -0.012150 0.018514 81 95 70
-0.004392 -0.010043 0.017259 85 94 67
-0.004761 -0.007883 0.015971 79 80 49
-0.004580 -0.012108 0.017824 81 95 69
-0.004848 -0.009977 0.016574 85 91 63
-0.005110 -0.007839 0.015314 87 88 56
-0.004302 -0.011365 0.017323 80 93 65
-0.004974 -0.009178 0.015723 78 85 54
-0.004848 -0.007086 0.014813 117 115 77
-0.004355 -0.011845 0.017394 81 94 68
-0.004422 -0.009717 0.016405 78 85 54
-0.004733 -0.007584 0.015041 110 110 74
-0.004319 -0.011588 0.016972 81 94 66
-0.004774 -0.009420 0.015584 79 84 52
-0.004919 -0.007298 0.014393 126 124 86
-0.003937 -0.012358 0.017687 82 94 70
-0.003529 -0.010280 0.017168 75 82 51
-0.004100 -0.008117 0.015556 107 109 72
-0.004985 -0.005877 0.013747 200 197 152
-0.004061 -0.012615 0.017343 83 95 71
-0.003657 -0.010535 0.016819 76 83 52
-0.004233 -0.008370 0.015200 98 100 63
-0.005125 -0.006128 0.013382 192 189 144
-0.003481 -0.009990 0.016601 65 70 38
-0.004030 -0.007812 0.015065 125 126 86
-0.005627 -0.005515 0.012370 216 212 164
-0.003330 -0.010541 0.016643 69 76 43
-0.003928 -0.008360 0.015049 103 105 65
-0.005354 -0.006071 0.012604 201 199 150
-0.003341 -0.010272 0.016203 60 66 30
-0.003796 -0.008075 0.014895 116 119 74
-0.005331 -0.005787 0.012243 218 215 162
-0.003517 -0.011577 0.016315 85 94 63
-0.003758 -0.009426 0.015121 67 72 32
-0.004441 -0.007201 0.013549 165 163 115
-0.006228 -0.004926 0.010375 230 225 169
-0.004200 -0.011797 0.015318 78 89 57
-0.003753 -0.009696 0.014905 74 79 38
-0.003777 -0.007508 0.014178 162 161 113
-0.005381 -0.005250 0.011224 224 222 163
-0.003934 -0.011300 0.014982 68 76 39
-0.003841 -0.009144 0.014296 109 112 65
-0.004100 -0.006946 0.013220 194 193 139
-0.005874 -0.004678 0.010000 225 221 158
-0.003792 -0.010234 0.014402 92 95 50
-0.003864 -0.008015 0.013749 167 166 110
-0.004647 -0.005824 0.011760 221 219 158
-0.003795 -0.010241 0.014036 102 104 55
-0.003867 -0.008021 0.013381 182 181 124
-0.004650 -0.005828 0.011388 221 220 155
-0.004189 -0.011537 0.013904 47 53 9
-0.004214 -0.009325 0.013284 152 153 96
-0.003966 -0.007201 0.012604 221 219 158
-0.005393 -0.004941 0.009860 218 215 148
-0.004376 -0.011803 0.013427 67 73 27
-0.003961 -0.009655 0.013148 157 158 101
-0.003727 -0.007496 0.012629 221 221 157
-0.004695 -0.005290 0.010372 226 223 154
-0.004124 -0.011275 0.013215 67 71 21
-0.004253 -0.009043 0.012508 187 187 127
-0.003793 -0.006954 0.011967 236 235 170
-0.005370 -0.004670 0.009065 228 228 156
-0.004268 -0.009872 0.012392 176 177 119
-0.003828 -0.007748 0.011997 230 230 166
-0.004913 -0.005521 0.009627 241 241 171
-0.004391 -0.009584 0.011848 198 199 139
-0.003847 -0.007479 0.011504 244 245 179
-0.005333 -0.005193 0.008756 245 245 175
-0.004208 -0.010725 0.011944 144 147 92
-0.004323 -0.008495 0.011203 236 236 172
-0.004675 -0.006321 0.009734 255 255 188
-0.006712 -0.003973 0.006308 247 247 177
-0.004534 -0.008484 0.010587 229 229 165
-0.005581 -0.006204 0.008509 248 249 183
-0.007085 -0.003923 0.005580 240 240 170
-0.004771 -0.009278 0.010321 216 216 154
-0.004970 -0.007092 0.009143 240 241 175
-0.006723 -0.004761 0.006087 238 237 170
-0.005773 -0.006995 0.007991 233 233 169
-0.007213 -0.004689 0.005279 231 232 166
-0.004925 -0.008195 0.008915 219 219 155
-0.006967 -0.005768 0.005898 228 229 163
-0.007524 -0.003634 0.003728 219 220 152
-0.007493 -0.005690 0.005072 220 221 155
-0.007352 -0.003661 0.003515 212 215 148
-0.005803 -0.011441 0.008363 181 184 129
-0.006424 -0.006922 0.006265 212 213 147
-0.007272 -0.004689 0.004106 214 215 149
-0.006440 -0.011653 0.007485 177 180 127
-0.007118 -0.004951 0.004179 209 210 142
-0.005897 -0.010891 0.007349 205 209 148
-0.007762 -0.006189 0.004074 200 201 133
-0.006973 -0.004226 0.003204 202 203 135
-0.006265 -0.010848 0.006671 212 213 153
-0.007994 -0.006152 0.003527 192 195 126
-0.006571 -0.004287 0.003208 197 200 133
-0.006536 -0.007468 0.004944 182 185 116
-0.007060 -0.005242 0.003237 192 195 128
-0.006348 -0.010020 0.005552 201 203 138
-0.007347 -0.005453 0.002851 195 198 131
-0.006256 -0.003572 0.002107 189 195 131
-0.006883 -0.011343 0.005221 218 222 163
-0.007768 -0.006742 0.002885 194 197 128
-0.006412 -0.004836 0.002628 200 205 139
-0.007624 -0.011541 0.004260 214 218 159
-0.006682 -0.009432 0.004309 202 205 136
-0.007309 -0.007096 0.003009 196 202 132
-0.006508 -0.005077 0.002395 203 208 141
-0.007003 -0.010790 0.004148 226 228 163
-0.006923 -0.008553 0.003494 203 206 137
-0.007774 -0.006216 0.001779 205 211 141
-0.006085 -0.004397 0.001652 206 213 146
-0.007758 -0.010997 0.003109 233 235 172
-0.007075 -0.008836 0.002987 210 213 142
-0.007594 -0.006522 0.001694 209 215 145
-0.005767 -0.004693 0.001831 209 218 153
-0.007258 -0.010223 0.002918 225 228 159
-0.007384 -0.007944 0.002103 212 218 146
-0.006935 -0.005834 0.001330 218 225 157
-0.005709 -0.003970 0.000712 205 214 151
-0.007653 -0.010191 0.002122 229 232 163
-0.007418 -0.007956 0.001636 219 225 153
-0.006693 -0.005879 0.001143 224 231 163
-0.005327 -0.004003 0.000812 209 219 158
-0.008412 -0.011228 0.001437 234 237 170
-0.007452 -0.009090 0.001583 229 232 161
-0.007496 -0.006840 0.000698 228 235 165
-0.005711 -0.004977 0.000913 222 231 166
-0.008765 -0.011196 0.000716 236 239 172
-0.007559 -0.009090 0.001062 235 241 167
-0.007288 -0.006889 0.000435 235 243 170
-0.005679 -0.004968 0.000641 226 236 173
-0.007954 -0.010180 0.000675 238 242 168
-0.007311 -0.008004 0.000508 240 248 175
-0.006625 -0.005903 0.000053 240 250 181
-0.005160 -0.004003 -0.000027 217 227 166
-0.008158 -0.009888 -0.000035 238 242 166
-0.007149 -0.007776 0.000043 242 250 175
-0.006576 -0.005641 -0.000428 241 250 183
-0.005027 -0.003743 -0.000380 214 225 165
-0.008692 -0.010667 -0.000573 230 234 160
-0.007451 -0.008575 -0.000261 239 247 170
-0.007134 -0.006387 -0.000910 241 251 180
-0.005380 -0.004489 -0.000574 223 235 173
-0.008611 -0.009854 -0.001273 234 238 162
-0.007328 -0.007795 -0.001053 240 251 175
-0.006753 -0.005647 -0.001478 239 250 182
-0.005084 -0.003775 -0.001367 214 225 165
-0.008745 -0.010121 -0.001649 231 235 159
-0.007466 -0.008058 -0.001433 239 250 174
-0.006894 -0.005907 -0.001864 240 251 183
-0.005231 -0.004030 -0.001759 217 228 168
-0.010482 -0.011046 -0.003229 224 227 156
-0.008152 -0.009129 -0.002173 234 243 164
-0.007826 -0.006936 -0.002828 245 255 182
-0.006108 -0.005010 -0.002471 229 241 177
-0.010489 -0.011054 -0.003626 218 221 150
-0.008158 -0.009136 -0.002568 225 234 155
-0.007832 -0.006941 -0.003225 238 248 175
-0.006113 -0.005014 -0.002867 222 237 172
-0.009414 -0.010118 -0.003726 210 217 140
-0.007860 -0.008118 -0.003425 227 235 158
-0.007075 -0.006006 -0.003729 228 241 172
-0.009292 -0.009864 -0.004142 203 210 132
-0.007732 -0.007866 -0.003835 221 229 154
-0.006941 -0.005754 -0.004135 220 233 164
-0.010281 -0.010587 -0.005073 197 201 125
-0.007904 -0.008691 -0.004035 207 214 136
-0.007262 -0.006542 -0.004412 217 228 159
-0.006058 -0.004519 -0.004431 201 215 153
-0.009499 -0.010143 -0.005040 190 194 117
-0.007777 -0.008157 -0.004564 202 213 137
-0.006912 -0.006044 -0.004754 210 223 154
-0.005775 -0.004018 -0.004853 195 209 150
-0.010537 -0.010555 -0.006012 186 190 114
-0.007985 -0.008675 -0.004805 195 203 126
-0.007078 -0.006552 -0.004900 208 219 151
-0.006072 -0.004484 -0.005047 196 208 146
-0.009581 -0.009853 -0.005955 179 187 110
-0.007647 -0.007891 -0.005268 199 209 136
-0.006641 -0.005785 -0.005277 204 215 149
-0.005678 -0.003723 -0.005505 189 203 144
-0.009862 -0.009797 -0.006476 176 187 111
-0.007746 -0.007861 -0.005647 197 207 136
-0.006548 -0.005786 -0.005500 201 212 146
-0.005541 -0.003738 -0.005724 189 200 142
-0.010917 -0.010502 -0.007401 169 177 104
-0.008173 -0.008648 -0.006053 187 197 126
-0.006967 -0.006568 -0.005901 200 211 143
-0.005976 -0.004496 -0.006077 188 200 138
-0.008289 -0.008342 -0.006601 187 198 129
-0.006774 -0.006319 -0.006236 197 208 142
-0.005697 -0.004274 -0.006388 184 196 134
-0.008715 -0.008847 -0.007111 182 193 124
-0.007151 -0.006829 -0.006724 196 207 139
-0.006001 -0.004777 -0.006752 184 196 134
-0.008635 -0.008291 -0.007638 188 199 131
-0.006894 -0.006309 -0.007126 193 204 138
-0.005792 -0.004270 -0.007287 179 189 129
-0.009012 -0.008806 -0.008109 185 196 128
-0.007306 -0.006812 -0.007633 193 204 138
-0.006108 -0.004772 -0.007664 179 189 128
-0.006901 -0.005735 -0.008082 185 195 132
-0.005759 -0.003696 -0.008194 171 181 121
-0.008702 -0.007715 -0.009042 190 201 133
-0.006906 -0.005739 -0.008487 182 192 129
-0.005764 -0.003699 -0.008599 168 178 118
-0.007808 -0.006412 -0.009130 195 205 142
-0.006801 -0.004313 -0.009253 178 188 127
-0.004225 -0.002514 -0.008033 176 185 128
-0.009364 -0.007884 -0.010163 210 221 153
-0.007498 -0.005896 -0.009492 200 210 147
-0.006264 -0.003848 -0.009465 185 195 135
-0.008363 -0.006021 -0.010403 209 219 156
-0.007292 -0.003919 -0.010450 192 202 141
-0.004133 -0.002226 -0.008752 190 199 142
-0.009260 -0.007034 -0.011138 224 235 169
-0.007913 -0.004950 -0.010866 209 219 158
-0.005928 -0.003037 -0.010225 197 206 149
-0.009737 -0.006642 -0.011895 234 243 180
-0.008764 -0.004505 -0.012031 213 223 163
-0.005575 -0.002817 -0.010438 204 213 156
-0.008965 -0.005043 -0.012331 217 227 166
-0.006735 -0.003178 -0.011581 205 214 157
-0.008987 -0.003893 -0.013251 209 219 159
-0.005094 -0.002345 -0.011090 204 213 156
-0.010248 -0.005956 -0.013573 219 227 167
-0.008994 -0.003896 -0.013666 209 219 159
-0.005099 -0.002347 -0.011500 204 213 156
-0.007375 -0.002761 -0.013358 206 214 155
-0.010707 -0.005858 -0.014610 213 221 161
-0.005325 -0.002298 -0.012454 204 213 156
-0.011076 -0.006075 -0.015117 208 213 155
-0.006391 -0.002382 -0.013623 203 211 154
-0.010178 -0.004809 -0.015544 202 210 151
-0.007764 -0.002984 -0.014784 200 208 151
-0.011229 -0.006363 -0.016001 194 199 141
-0.009947 -0.004297 -0.016130 201 206 150
-0.006925 -0.002584 -0.014818 199 207 150
-0.011718 -0.006578 -0.016692 185 190 132
-0.010002 -0.004569 -0.016398 196 201 145
-0.007950 -0.002677 -0.015938 198 203 147
-0.010606 -0.005621 -0.016762 187 192 136
-0.009640 -0.003500 -0.017133 195 200 144
-0.006274 -0.001854 -0.015484 197 205 148
-0.010360 -0.005380 -0.017108 188 193 137
-0.009238 -0.003297 -0.017392 196 201 143
-0.005710 -0.001690 -0.015598 201 209 152
-0.010613 -0.005639 -0.017639 189 194 140
-0.006500 -0.001803 -0.016441 205 210 154
-0.011783 -0.006623 -0.018576 182 185 130
-0.009975 -0.004592 -0.018035 195 200 144
-0.008399 -0.002590 -0.017901 198 203 147
-0.011685 -0.006655 -0.018960 183 186 133
-0.009988 -0.004601 -0.018495 197 202 148
-0.008551 -0.002564 -0.018446 200 205 151
-0.010224 -0.005146 -0.018853 195 200 146
-0.006081 -0.001320 -0.017613 216 224 167
-0.011086 -0.006473 -0.019407 188 190 140
-0.007793 -0.002428 -0.018793 200 205 151
-0.007799 -0.002429 -0.019217 196 201 147
0.002641 0.003038 0.038863 63 75 61
0.000069 -0.000029 0.038522 63 74 60
0.001412 0.001624 0.038500 66 74 59
0.002819 0.003241 0.038537 64 76 64
-0.002203 -0.002706 0.038188 60 76 66
-0.000844 -0.001039 0.038162 60 76 65
0.000528 0.000612 0.038156 63 74 60
0.001927 0.002240 0.038176 66 74 61
-0.002371 -0.002919 0.037861 60 76 66
-0.001015 -0.001247 0.037832 60 76 65
0.000355 0.000407 0.037822 63 74 60
0.001751 0.002039 0.037839 65 73 60
0.003177 0.003647 0.037886 64 76 66
-0.003042 -0.003764 0.037553 61 77 66
-0.001706 -0.002078 0.037507 60 76 65
-0.000344 -0.000413 0.037486 63 75 65
0.001045 0.001229 0.037492 65 73 60
0.002461 0.002849 0.037526 63 75 63
-0.002713 -0.003343 0.037205 60 76 65
-0.001369 -0.001661 0.037165 60 76 65
0.000001 -0.000000 0.037151 63 75 63
0.001397 0.001637 0.037164 65 73 60
0.002821 0.003252 0.037205 64 76 66
-0.002381 -0.002922 0.036859 60 76 65
-0.001030 -0.001244 0.036825 62 75 65
0.000348 0.000411 0.036817 63 74 60
0.001752 0.002044 0.036835 63 73 62
0.003182 0.003653 0.036882 63 74 66
-0.002047 -0.002502 0.036513 60 76 65
-0.000689 -0.000829 0.036486 62 75 65
0.000697 0.000822 0.036484 63 74 60
0.002109 0.002450 0.036510 63 75 63
-0.002717 -0.003349 0.036202 60 76 65
-0.001371 -0.001664 0.036161 59 75 64
0.000002 -0.000002 0.036143 62 74 62
0.001400 0.001637 0.036143 63 73 62
0.002826 0.003253 0.036180 63 75 65
-0.002719 -0.003351 0.035866 60 76 65
-0.001372 -0.001665 0.035825 59 75 64
0.000002 -0.000002 0.035807 62 74 62
0.001401 0.001638 0.035808 63 73 62
0.002828 0.003255 0.035845 63 75 65
-0.002219 -0.002718 0.035511 60 76 65
-0.000859 -0.001040 0.035480 59 75 64
0.000527 0.000612 0.035455 61 73 59
0.001939 0.002236 0.035432 62 74 62
-0.002555 -0.003143 0.035186 60 76 65
-0.001202 -0.001458 0.035149 59 75 64
0.000178 0.000202 0.035126 61 73 59
0.001581 0.001834 0.035094 62 74 62
-0.002390 -0.002934 0.034840 59 75 64
-0.001028 -0.001254 0.034802 59 75 64
0.000360 0.000397 0.034754 60 74 61
0.001772 0.002010 0.034658 62 74 64
-0.002893 -0.003573 0.034523 59 75 64
-0.001544 -0.001882 0.034475 59 75 64
-0.000164 -0.000216 0.034445 60 73 63
0.001234 0.001416 0.034372 61 73 61
-0.002557 -0.003152 0.034166 59 75 64
-0.001205 -0.001471 0.034086 59 75 64
0.000189 0.000172 0.033992 59 73 60
0.001618 0.001718 0.033609 60 73 63
-0.002726 -0.003367 0.033834 59 75 64
-0.001376 -0.001682 0.033751 59 75 64
0.000015 -0.000035 0.033652 60 74 61
0.001440 0.001515 0.033264 60 73 63
-0.001839 -0.002341 0.033420 59 75 64
-0.000547 -0.000668 0.033165 58 74 63
-0.002698 -0.003387 0.033157 59 75 64
-0.001403 -0.001700 0.032925 59 75 64
-0.000019 -0.000098 0.032580 60 74 61
-0.002282 -0.003012 0.032765 59 75 64
-0.001144 -0.001337 0.032085 58 74 63
-0.002283 -0.003014 0.032425 59 75 64
-0.001144 -0.001338 0.031744 58 74 63
-0.002422 -0.003248 0.032072 59 75 62
-0.001222 -0.001652 0.031153 58 74 63
-0.002833 -0.003634 0.031776 59 75 64
-0.001448 -0.002063 0.031170 58 74 63
-0.002060 -0.002907 0.031039 59 75 64
-0.002961 -0.003879 0.031078 59 75 64
-0.001476 -0.002451 0.030026 58 74 63
-0.002482 -0.003551 0.030591 59 75 64
-0.002028 -0.002977 0.029787 58 74 63
-0.003235 -0.004061 0.030001 60 73 64
-0.001492 -0.002855 0.028542 61 74 65
-0.002418 -0.003608 0.029484 60 73 63
-0.001777 -0.003187 0.028426 63 74 66
-0.002777 -0.003727 0.028825 58 69 61
-0.001765 -0.003245 0.027523 63 74 68
-0.002334 -0.003731 0.027774 60 71 65
-0.003373 -0.004078 0.027588 60 69 64
-0.003672 -0.004508 0.027393 61 70 65
-0.001862 -0.003250 0.026260 66 75 70
-0.003982 -0.004987 0.026909 62 71 66
-0.002342 -0.003550 0.026176 65 74 69
-0.002516 -0.003765 0.025830 64 73 68
-0.004213 -0.005247 0.025884 65 74 69
-0.002760 -0.003763 0.024911 64 73 70
-0.004048 -0.005033 0.025524 64 73 68
-0.002588 -0.003553 0.024556 64 73 70
-0.003985 -0.004323 0.024337 63 72 67
-0.004226 -0.005293 0.024641 65 74 69
-0.003006 -0.003750 0.023373 62 71 68
-0.004355 -0.006058 0.024741 68 77 72
-0.003913 -0.004129 0.023316 62 71 66
-0.004524 -0.006281 0.024400 68 77 72
-0.004088 -0.004348 0.022968 63 72 67
-0.004260 -0.006110 0.024066 68 77 72
-0.003915 -0.004207 0.022280 63 72 67
-0.004154 -0.005394 0.023013 66 75 70
-0.004246 -0.005938 0.022790 66 75 70
-0.003441 -0.004281 0.021044 64 73 68
-0.004195 -0.006184 0.022882 67 76 71
-0.003895 -0.004324 0.020796 65 74 69
-0.004135 -0.006053 0.021853 67 76 71
-0.003860 -0.005389 0.020984 68 77 72
-0.003831 -0.006233 0.021091 67 76 71
-0.003834 -0.006238 0.020734 68 77 72
-0.005150 -0.007582 0.021053 64 75 69
-0.003052 -0.006300 0.020590 70 79 74
-0.004131 -0.007208 0.020576 65 76 70
-0.002466 -0.005766 0.019912 73 82 77
-0.004545 -0.007646 0.020087 64 75 71
-0.001750 -0.006535 0.020592 72 81 78
0.002149 -0.005620 0.023093 71 80 75
-0.004380 -0.007431 0.019719 65 76 72
-0.001577 -0.006326 0.020232 74 83 80
0.002327 -0.005415 0.022742 69 78 73
-0.005438 -0.008403 0.019550 64 75 69
-0.002323 -0.007415 0.020136 69 78 73
0.001193 -0.006372 0.022200 75 84 79
-0.003043 -0.007700 0.019598 67 78 72
0.000067 -0.006579 0.020979 75 84 79
0.001062 -0.004675 0.020918 63 73 65
-0.005417 -0.008988 0.019102 65 76 70
-0.002541 -0.007911 0.019501 67 78 70
-0.000096 -0.006538 0.020444 74 83 78
0.000857 -0.004592 0.020447 61 70 65
-0.004814 -0.008411 0.018566 65 76 70
-0.001913 -0.007335 0.019102 71 81 73
0.001241 -0.006127 0.021042 70 79 74
-0.004876 -0.008960 0.018416 65 78 71
-0.002502 -0.007713 0.018446 68 79 73
-0.001311 -0.005939 0.018178 70 79 74
-0.004621 -0.008825 0.017883 66 77 71
-0.002541 -0.007463 0.017767 70 79 74
-0.000661 -0.005852 0.018400 67 76 71
-0.005247 -0.009400 0.017724 67 80 73
-0.003383 -0.007971 0.017321 68 79 73
-0.002470 -0.006123 0.016670 70 79 74
-0.005415 -0.009630 0.017378 67 80 73
-0.003557 -0.008195 0.016968 67 78 72
-0.002648 -0.006343 0.016311 69 78 73
-0.000358 -0.004837 0.017451 59 68 63
-0.005114 -0.009241 0.016687 66 77 71
-0.003378 -0.007704 0.016477 67 76 71
-0.002213 -0.005887 0.016260 66 75 70
-0.000691 -0.004142 0.016620 58 67 64
-0.005365 -0.009678 0.016625 67 78 72
-0.003693 -0.008139 0.016237 65 76 70
-0.002831 -0.006246 0.015615 66 75 70
-0.000458 -0.004790 0.016729 63 69 67
-0.004756 -0.009583 0.016743 66 77 71
-0.003331 -0.007945 0.016234 65 74 69
-0.002711 -0.005970 0.015398 66 73 65
-0.000165 -0.004586 0.016614 66 72 70
-0.004459 -0.008920 0.015868 65 74 69
-0.003538 -0.007086 0.015071 66 76 68
-0.001495 -0.005537 0.015737 63 70 62
-0.000719 -0.003547 0.015365 74 84 75
-0.003830 -0.009333 0.016568 66 75 70
-0.003107 -0.007456 0.015495 64 74 65
-0.002032 -0.005615 0.015142 61 69 56
-0.000139 -0.004028 0.015687 78 87 70
-0.003673 -0.008868 0.015893 69 79 71
-0.003368 -0.006838 0.014511 62 70 57
-0.001277 -0.005315 0.015173 55 64 47
-0.000397 -0.003382 0.014795 103 113 88
-0.002903 -0.008032 0.015527 69 75 63
-0.002949 -0.005859 0.013950 56 64 41
-0.000261 -0.004563 0.015089 79 88 59
-0.002905 -0.008038 0.015163 70 76 62
-0.002951 -0.005863 0.013583 55 61 35
-0.000261 -0.004567 0.014724 85 92 58
-0.003973 -0.009006 0.014997 77 83 73
-0.004432 -0.006742 0.012791 58 63 43
-0.002115 -0.005327 0.013449 51 58 25
-0.003990 -0.007153 0.013076 60 65 45
-0.002736 -0.005390 0.012716 58 65 32
-0.004761 -0.008473 0.013481 73 79 69
-0.005036 -0.006258 0.011425 53 59 33
-0.002362 -0.004972 0.012335 65 73 32
-0.005121 -0.007055 0.011561 58 63 41
-0.003364 -0.005459 0.011601 68 75 41
-0.001192 -0.004000 0.012164 125 135 85
-0.005732 -0.006557 0.010581 51 56 33
-0.003621 -0.005084 0.010893 75 81 43
-0.001442 -0.003622 0.011472 146 154 105
-0.005111 -0.007824 0.011731 64 68 53
-0.005143 -0.005670 0.009920 60 67 34
-0.002086 -0.004517 0.011170 109 117 70
-0.005126 -0.007792 0.011516 61 65 48
-0.005705 -0.005472 0.009112 69 74 42
-0.002787 -0.004263 0.010231 122 130 83
-0.006544 -0.006027 0.008554 48 55 24
-0.003657 -0.004803 0.009590 115 122 80
-0.002043 -0.003121 0.009729 176 185 132
-0.007110 -0.005834 0.007720 51 56 26
-0.004498 -0.004508 0.008506 128 135 93
-0.002675 -0.002896 0.008800 186 193 141
-0.006248 -0.007185 0.009125 52 56 33
-0.005785 -0.005183 0.007727 103 109 73
-0.003365 -0.003782 0.008470 174 181 130
-0.006446 -0.004957 0.006787 112 118 80
-0.004175 -0.003499 0.007381 188 195 144
-0.007690 -0.005654 0.006090 64 70 34
-0.005299 -0.004237 0.006696 166 174 127
-0.003264 -0.002699 0.007128 211 218 166
-0.008180 -0.005755 0.005564 73 79 43
-0.006372 -0.004144 0.005572 169 176 132
-0.004061 -0.002704 0.006194 222 229 175
-0.007768 -0.005081 0.004870 118 125 84
-0.005405 -0.003645 0.005492 206 213 162
-0.008351 -0.004887 0.003976 131 136 95
-0.005908 -0.003476 0.004649 216 223 172
-0.008917 -0.005811 0.003949 94 101 60
-0.007129 -0.004183 0.003923 198 204 156
-0.004633 -0.002802 0.004680 239 246 192
-0.008339 -0.006239 0.004532 98 105 64
-0.007966 -0.004174 0.003023 194 200 154
-0.005398 -0.002813 0.003809 234 241 187
-0.009203 -0.005167 0.002524 134 139 98
-0.006945 -0.003691 0.002951 213 220 169
-0.004388 -0.002333 0.003768 233 238 182
-0.008666 -0.005578 0.003094 136 143 99
-0.007599 -0.003735 0.002244 209 216 165
-0.005052 -0.002375 0.002996 235 243 186
-0.008789 -0.004739 0.001797 179 185 137
-0.006557 -0.003263 0.002181 216 223 171
-0.008402 -0.005101 0.002232 178 185 134
-0.007135 -0.003328 0.001557 212 219 165
-0.004845 -0.001892 0.002031 227 232 174
-0.008158 -0.004381 0.001288 200 207 155
-0.006130 -0.002851 0.001436 209 217 160
-0.007995 -0.004419 0.001155 199 206 152
-0.006419 -0.002755 0.000779 201 206 148
-0.008275 -0.005422 0.001500 184 191 137
-0.007411 -0.003523 0.000369 189 194 136
-0.005386 -0.002012 0.000480 204 210 150
-0.008250 -0.005423 0.001204 190 195 139
-0.007621 -0.003453 -0.000204 180 186 126
-0.005765 -0.001901 -0.000345 196 200 141
-0.008079 -0.004396 -0.000035 192 197 139
-0.006784 -0.002648 -0.000762 172 178 118
-0.008124 -0.004095 -0.000628 192 196 135
-0.006935 -0.002311 -0.001471 172 176 117
-0.008432 -0.004833 -0.000625 194 200 138
-0.007572 -0.002935 -0.001811 159 163 102
-0.008314 -0.004033 -0.001548 189 193 132
-0.007150 -0.002224 -0.002375 167 171 112
-0.008497 -0.004266 -0.001932 191 195 134
-0.007339 -0.002452 -0.002767 161 165 104
-0.008606 -0.005313 -0.001316 202 207 143
-0.008064 -0.003289 -0.002780 168 170 107
-0.006575 -0.001573 -0.003196 171 172 112
-0.008612 -0.005317 -0.001711 205 210 146
-0.008070 -0.003292 -0.003177 175 177 114
-0.006580 -0.001574 -0.003594 173 174 114
-0.008409 -0.004252 -0.002739 200 205 139
-0.007475 -0.002350 -0.003783 171 173 110
-0.008239 -0.004023 -0.003148 202 207 141
-0.007298 -0.002124 -0.004187 177 179 116
-0.008553 -0.004739 -0.003018 210 217 149
-0.007815 -0.002768 -0.004285 180 185 119
-0.006367 -0.001081 -0.004950 177 178 120
-0.008406 -0.004238 -0.003765 214 219 153
-0.007553 -0.002307 -0.004918 188 189 129
-0.008676 -0.004688 -0.003817 214 221 154
-0.007892 -0.002724 -0.005028 197 202 138
-0.006497 -0.001017 -0.005773 179 183 124
-0.008298 -0.003972 -0.004528 216 222 158
-0.007453 -0.002034 -0.005691 200 204 143
-0.008394 -0.003932 -0.004954 218 224 162
-0.007425 -0.002038 -0.006022 208 212 153
-0.006233 -0.000235 -0.006840 184 188 129
-0.008872 -0.004627 -0.005124 210 216 154
-0.007913 -0.002716 -0.006177 230 236 176
-0.006577 -0.000972 -0.006939 193 199 139
-0.008889 -0.004322 -0.005656 209 217 157
-0.007713 -0.002489 -0.006535 233 241 181
-0.006493 -0.000688 -0.007334 194 202 142
-0.007973 -0.002961 -0.006678 229 237 178
-0.006654 -0.001202 -0.007453 199 207 147
-0.007706 -0.002487 -0.007268 219 227 168
-0.006670 -0.000601 -0.008184 190 198 138
-0.007994 -0.002949 -0.007432 218 226 167
-0.006780 -0.001133 -0.008239 193 201 141
-0.008506 -0.003882 -0.007238 206 214 154
-0.007342 -0.002036 -0.008098 197 205 146
-0.006873 0.000044 -0.009604 190 198 138
-0.008513 -0.003885 -0.007642 203 211 151
-0.007348 -0.002038 -0.008504 192 200 141
-0.006878 0.000044 -0.010013 190 198 138
-0.007682 -0.002733 -0.008317 198 206 146
-0.007287 -0.000580 -0.009733 185 193 133
-0.008523 -0.004164 -0.008155 197 205 145
-0.007479 -0.002234 -0.008968 186 194 134
-0.007323 -0.000035 -0.010804 189 197 137
-0.007317 -0.002498 -0.008589 184 192 132
-0.007152 -0.000226 -0.010083 185 193 133
-0.007859 -0.003490 -0.008745 189 197 137
-0.007197 -0.001359 -0.009605 168 176 116
-0.007622 0.000990 -0.012331 192 198 138
-0.007180 -0.000966 -0.009651 168 176 116
-0.008674 0.001704 -0.013799 194 198 139
-0.007206 -0.001553 -0.009709 166 174 114
-0.007750 0.000853 -0.012554 192 198 138
-0.006816 -0.000469 -0.010292 182 190 130
-0.009421 0.002564 -0.015785 192 196 137
-0.006821 -0.000469 -0.010702 184 192 132
-0.009429 0.002566 -0.016207 191 195 136
-0.007510 -0.003599 -0.010255 186 194 134
-0.006876 -0.001348 -0.010620 169 177 117
-0.007545 0.001154 -0.013390 194 199 141
-0.006893 -0.000452 -0.011609 188 196 136
-0.009484 0.002609 -0.016985 189 192 135
-0.007446 -0.003020 -0.011286 180 188 128
-0.007081 -0.000693 -0.012049 183 191 131
-0.008697 0.002112 -0.016010 190 195 137
-0.007358 -0.001503 -0.012219 176 184 124
-0.007930 0.000995 -0.014789 194 202 143
-0.007354 -0.000897 -0.012932 182 190 130
-0.008889 0.001920 -0.016643 190 195 137
-0.007263 -0.001240 -0.013113 179 187 127
-0.007792 0.001272 -0.015531 191 199 140
-0.007118 -0.002512 -0.012752 182 190 130
-0.007033 -0.000109 -0.013962 196 206 145
-0.009144 0.002918 -0.018323 171 176 118
-0.007326 -0.002125 -0.013452 180 188 128
-0.007396 0.000296 -0.015041 197 205 146
-0.009466 0.003286 -0.019504 165 170 114
-0.006978 -0.002566 -0.013423 180 188 128
-0.007130 -0.000066 -0.014818 189 198 135
-0.009220 0.002973 -0.019106 168 176 119
-0.007239 -0.001244 -0.014651 175 183 123
-0.008005 0.001403 -0.017123 179 187 127
-0.007097 -0.003786 -0.013922 187 195 135
-0.007310 -0.001221 -0.015127 173 181 121
-0.008199 0.001480 -0.017690 174 182 123
-0.007099 -0.001917 -0.015051 174 184 123
-0.007526 0.000663 -0.016893 179 187 127
-0.007609 -0.000804 -0.016362 172 180 120
-0.007614 -0.000805 -0.016782 171 179 119
-0.006955 -0.004485 -0.015227 186 194 134
-0.007144 -0.001914 -0.016353 172 180 120
-0.007661 0.000712 -0.018251 176 184 124
-0.007701 -0.000778 -0.017694 168 177 114
-0.006937 -0.003252 -0.016517 179 187 127
-0.007608 -0.000510 -0.018207 169 178 115
-0.007727 -0.001393 -0.018244 170 179 116
-0.006947 -0.003258 -0.017360 181 189 130
-0.007016 -0.003544 -0.018079 183 188 130
-0.007116 -0.004782 -0.018180 181 186 128
-0.007518 -0.002106 -0.019441 182 190 133
-0.007368 -0.006648 -0.018457 194 200 140
-0.006929 -0.004248 -0.018770 183 188 130
-0.006999 -0.004874 -0.019105 187 190 135
0.003520 0.002281 0.039135 56 63 56
0.000412 -0.000260 0.038749 55 61 57
0.001928 0.001189 0.038661 56 63 56
0.003778 0.002421 0.038853 56 63 56
-0.002558 -0.002331 0.038245 54 60 58
-0.000949 -0.000916 0.038200 55 59 58
0.000640 0.000502 0.038162 55 61 57
0.002326 0.001845 0.038195 56 63 56
-0.002761 -0.002511 0.037918 54 60 58
-0.001154 -0.001092 0.037869 55 59 58
0.000433 0.000330 0.037828 55 61 57
0.002118 0.001678 0.037858 56 63 56
0.003881 0.002964 0.037975 56 62 58
-0.003640 -0.003184 0.037561 55 61 59
-0.002052 -0.001743 0.037502 55 59 58
-0.000421 -0.000340 0.037481 56 60 59
0.001223 0.001040 0.037473 56 62 58
0.002966 0.002347 0.037558 56 62 58
-0.003250 -0.002821 0.037208 53 62 59
-0.001648 -0.001391 0.037160 56 60 59
-0.000014 0.000009 0.037142 55 61 57
0.001644 0.001379 0.037144 56 62 58
0.003407 0.002671 0.037251 56 62 60
-0.002865 -0.002456 0.036850 55 61 59
-0.001257 -0.001030 0.036806 56 60 59
0.000389 0.000360 0.036797 55 61 59
0.002061 0.001721 0.036819 56 62 60
0.003808 0.003021 0.036916 56 62 60
-0.002468 -0.002098 0.036501 55 61 59
-0.000847 -0.000681 0.036468 56 60 59
0.000804 0.000704 0.036464 56 62 60
0.002502 0.002047 0.036510 56 62 60
-0.003267 -0.002821 0.036196 53 62 59
-0.001674 -0.001380 0.036136 56 60 59
-0.000033 0.000020 0.036121 56 62 60
0.001635 0.001390 0.036137 57 63 61
0.003373 0.002703 0.036221 56 62 60
-0.003269 -0.002822 0.035860 54 63 60
-0.001675 -0.001381 0.035800 57 61 60
-0.000033 0.000020 0.035785 56 62 60
0.001636 0.001391 0.035801 57 63 61
0.003375 0.002704 0.035886 57 63 61
-0.002675 -0.002280 0.035501 56 62 60
-0.001076 -0.000844 0.035449 57 61 60
0.000578 0.000546 0.035448 57 63 63
0.002262 0.001905 0.035478 57 63 63
-0.003074 -0.002645 0.035181 54 63 60
-0.001482 -0.001200 0.035121 57 61 60
0.000161 0.000202 0.035107 57 63 63
0.001835 0.001572 0.035127 57 63 63
0.003591 0.002875 0.035222 57 63 63
-0.002880 -0.002463 0.034835 55 61 59
-0.001284 -0.001020 0.034779 57 61 62
0.000366 0.000378 0.034773 58 63 66
0.002052 0.001739 0.034802 57 62 65
0.003805 0.003044 0.034891 57 63 63
-0.003474 -0.003013 0.034525 56 62 60
-0.001883 -0.001561 0.034462 57 61 60
-0.000258 -0.000141 0.034432 58 62 63
0.001412 0.001237 0.034446 57 62 65
0.003163 0.002550 0.034531 57 62 65
-0.003081 -0.002649 0.034167 54 63 60
-0.001487 -0.001201 0.034104 57 61 62
0.000150 0.000209 0.034083 58 63 66
0.001826 0.001581 0.034100 57 62 65
0.003598 0.002879 0.034207 57 62 65
-0.003284 -0.002831 0.033835 54 63 60
-0.001693 -0.001379 0.033769 57 61 62
-0.000057 0.000035 0.033744 57 62 65
0.001617 0.001411 0.033758 57 62 65
0.003387 0.002714 0.033861 57 62 65
-0.002290 -0.001924 0.033452 56 62 60
-0.000679 -0.000491 0.033400 57 61 62
0.000979 0.000902 0.033393 57 62 65
0.002710 0.002236 0.033461 57 62 65
-0.003291 -0.002833 0.033154 54 63 60
-0.001699 -0.001379 0.033082 57 61 62
-0.000062 0.000036 0.033052 57 62 65
0.001612 0.001415 0.033062 57 62 65
0.003392 0.002716 0.033177 57 62 65
-0.002895 -0.002470 0.032795 56 62 60
-0.001289 -0.001027 0.032733 57 61 62
0.000362 0.000378 0.032715 58 63 66
0.002054 0.001744 0.032743 57 62 65
-0.002897 -0.002472 0.032454 56 62 60
-0.001289 -0.001027 0.032392 57 61 62
0.000362 0.000378 0.032374 58 63 66
0.002055 0.001746 0.032402 57 62 65
-0.003094 -0.002659 0.032126 56 62 60
-0.001485 -0.001212 0.032063 57 61 60
0.000161 0.000200 0.032038 55 63 66
0.001842 0.001577 0.032053 58 63 67
0.003598 0.002896 0.032146 57 62 65
-0.003493 -0.003027 0.031805 56 62 60
-0.001888 -0.001573 0.031736 57 61 60
-0.000253 -0.000150 0.031699 58 62 65
0.001419 0.001238 0.031703 58 63 67
0.003176 0.002560 0.031793 55 63 66
-0.002693 -0.002300 0.031428 56 62 60
-0.001073 -0.000860 0.031372 57 61 62
0.000580 0.000547 0.031352 58 63 66
0.002280 0.001913 0.031385 57 62 66
-0.003699 -0.003214 0.031129 57 63 61
-0.002090 -0.001758 0.031060 57 61 60
-0.000457 -0.000329 0.031017 58 62 65
0.001212 0.001065 0.031015 59 62 67
0.002964 0.002396 0.031097 57 62 66
-0.003301 -0.002849 0.030766 55 64 61
-0.001681 -0.001401 0.030706 58 62 61
-0.000041 0.000022 0.030671 58 63 66
0.001639 0.001407 0.030680 58 63 66
0.003368 0.002747 0.030736 55 63 65
-0.002695 -0.002306 0.030401 57 63 61
-0.001068 -0.000865 0.030348 58 62 63
0.000584 0.000547 0.030325 58 63 66
0.002284 0.001916 0.030355 58 63 67
-0.002286 -0.001948 0.030046 57 63 61
-0.000654 -0.000512 0.029999 57 63 63
0.001008 0.000892 0.029987 56 65 64
0.002733 0.002244 0.030038 55 63 65
-0.003306 -0.002855 0.029736 55 64 61
-0.001680 -0.001406 0.029679 57 63 61
-0.000039 0.000021 0.029641 56 65 64
0.001646 0.001408 0.029649 55 65 66
0.003371 0.002753 0.029696 54 62 64
-0.002697 -0.002312 0.029370 55 64 61
-0.001063 -0.000871 0.029321 55 64 61
0.000592 0.000543 0.029297 54 66 64
0.002301 0.001910 0.029323 53 65 65
-0.003508 -0.003045 0.029058 55 64 61
-0.001880 -0.001592 0.029001 57 63 61
-0.000241 -0.000159 0.028958 55 65 64
0.001444 0.001231 0.028959 53 68 65
0.003184 0.002573 0.029017 52 64 64
-0.002699 -0.002316 0.028680 56 65 62
-0.001058 -0.000876 0.028634 56 65 62
0.000583 0.000548 0.028587 53 68 63
0.002276 0.001924 0.028583 51 66 63
-0.003311 -0.002865 0.028355 56 65 62
-0.001676 -0.001415 0.028302 56 65 62
-0.000029 0.000014 0.028262 53 68 63
0.001621 0.001422 0.028216 52 68 65
-0.002288 -0.001959 0.027977 56 65 62
-0.000633 -0.000529 0.027942 54 66 62
0.000991 0.000897 0.027848 54 71 65
0.002855 0.002139 0.027876 52 67 64
-0.002701 -0.002322 0.027641 56 65 62
-0.001049 -0.000885 0.027602 55 66 62
0.000560 0.000561 0.027515 55 70 63
0.002367 0.001849 0.027510 53 69 66
-0.003110 -0.002690 0.027309 56 65 62
-0.001459 -0.001246 0.027266 55 66 62
0.000190 0.000183 0.027219 57 70 63
0.001928 0.001486 0.027018 54 71 65
-0.003316 -0.002874 0.026968 56 65 62
-0.001667 -0.001426 0.026921 55 66 62
-0.000020 0.000007 0.026870 58 71 64
0.001715 0.001315 0.026664 55 72 66
-0.003316 -0.002877 0.026620 56 65 62
-0.001670 -0.001427 0.026568 56 65 62
-0.000007 -0.000003 0.026523 57 70 63
0.001558 0.001369 0.026001 54 69 64
-0.003114 -0.002696 0.026264 56 65 62
-0.001463 -0.001248 0.026215 56 65 62
0.000203 0.000173 0.026174 57 70 63
0.001774 0.001542 0.025655 54 69 64
-0.002500 -0.002151 0.025890 56 65 62
-0.000837 -0.000715 0.025849 55 66 62
0.000725 0.000691 0.025402 55 70 63
-0.003322 -0.002883 0.025570 56 65 62
-0.001674 -0.001430 0.025514 56 65 62
0.000021 -0.000026 0.025469 56 69 62
-0.002298 -0.001972 0.025177 56 65 62
-0.000627 -0.000542 0.025136 55 66 62
0.000805 0.000914 0.024450 53 68 61
-0.002506 -0.002155 0.024831 56 65 62
-0.000837 -0.000720 0.024785 55 66 62
0.000591 0.000741 0.024094 53 68 61
-0.002309 -0.001974 0.024447 56 65 62
-0.000613 -0.000560 0.024404 55 66 62
0.000764 0.000890 0.023503 54 67 60
-0.003334 -0.002891 0.024149 56 65 62
-0.001687 -0.001435 0.024068 56 65 62
0.000100 -0.000105 0.023989 55 68 61
-0.002122 -0.001793 0.023686 56 65 62
-0.000277 -0.000488 0.023671 55 66 62
-0.002330 -0.001973 0.023350 56 65 62
-0.000562 -0.000609 0.023311 55 66 62
-0.002169 -0.001777 0.022904 56 65 62
-0.000335 -0.000487 0.022771 56 65 62
-0.003153 -0.002708 0.022698 56 65 62
-0.001537 -0.001251 0.022486 56 65 62
0.000237 0.000042 0.022196 57 68 62
-0.002349 -0.001701 0.021926 56 65 62
-0.000582 -0.000408 0.021563 57 66 63
-0.002351 -0.001702 0.021570 56 65 62
-0.000582 -0.000409 0.021206 57 66 63
-0.003618 -0.003056 0.021607 56 65 62
-0.002621 -0.001270 0.020666 56 65 62
-0.000886 -0.000001 0.020077 58 67 64
-0.003298 -0.002353 0.020873 56 65 62
-0.002152 -0.000703 0.019852 56 65 62
-0.003827 -0.002662 0.020421 56 65 64
-0.003130 -0.000739 0.019018 56 65 64
-0.003623 -0.002478 0.020055 56 65 64
-0.002921 -0.000558 0.018653 56 65 64
-0.004160 -0.001334 0.018301 56 65 62
-0.002275 -0.000212 0.017513 56 65 62
-0.004318 -0.001831 0.018301 56 65 62
-0.002886 -0.000400 0.017250 56 65 62
-0.004780 -0.001605 0.017368 56 65 62
-0.002747 -0.000543 0.016771 56 65 62
-0.004287 -0.001012 0.016685 56 65 62
-0.002105 -0.000052 0.016220 56 65 62
-0.005402 -0.000962 0.015826 56 65 62
-0.003083 -0.000048 0.015519 56 65 62
-0.005034 -0.000919 0.015369 56 65 62
-0.003273 0.000326 0.014618 56 65 62
-0.006729 -0.000771 0.014543 56 65 64
-0.004461 0.000192 0.014143 56 65 64
-0.006943 -0.000961 0.014182 56 65 64
-0.004679 0.000009 0.013775 56 65 64
-0.006413 -0.000701 0.013653 56 65 64
-0.005657 0.001153 0.011938 56 65 64
-0.007144 -0.000865 0.013207 56 65 62
-0.005730 0.000616 0.012080 56 65 64
-0.006990 -0.000653 0.012750 58 64 60
-0.005637 0.000902 0.011721 58 64 60
-0.006174 -0.000260 0.012219 58 64 60
-0.006753 0.002391 0.009312 58 64 60
-0.005654 -0.000790 0.012887 58 65 58
-0.005092 0.001224 0.011165 61 68 61
-0.005309 -0.000400 0.012305 59 66 58
-0.005909 0.002270 0.009394 63 71 60
-0.006223 -0.001026 0.012329 56 62 52
-0.004370 0.000286 0.011952 65 71 61
-0.006174 0.003638 0.007771 55 60 38
-0.006227 -0.001027 0.011956 55 61 49
-0.004373 0.000286 0.011578 69 73 59
-0.006179 0.003641 0.007388 53 57 30
-0.005471 -0.000530 0.011675 58 64 50
-0.004713 0.001355 0.010013 74 78 61
-0.005785 -0.000643 0.011317 56 62 48
-0.004199 0.000798 0.010566 70 74 57
-0.005054 0.003593 0.007238 43 48 16
-0.006047 0.000127 0.010290 59 63 48
-0.004618 0.001623 0.009203 65 69 46
-0.004800 0.000848 0.009519 60 63 46
-0.005271 0.003412 0.006503 51 55 20
-0.005213 0.001398 0.008541 55 58 39
-0.005250 0.003719 0.005946 56 61 21
-0.006257 0.000837 0.008410 53 57 42
-0.005243 0.002559 0.006828 51 56 26
-0.006848 0.001173 0.007465 49 51 37
-0.005318 0.002618 0.006441 53 58 28
-0.007840 0.000827 0.006930 49 53 38
-0.005485 0.001823 0.006751 41 45 22
-0.008135 0.001000 0.006305 44 48 31
-0.005452 0.001828 0.006508 37 41 18
-0.004629 0.003683 0.004867 103 109 65
-0.006549 0.001288 0.006297 37 40 23
-0.005597 0.003080 0.004749 73 77 40
-0.006748 0.001421 0.005818 32 35 16
-0.005535 0.003078 0.004569 79 84 44
-0.005543 0.001905 0.005395 40 45 15
-0.004403 0.003591 0.004091 138 144 96
-0.006234 0.002048 0.004821 52 56 29
-0.005063 0.003738 0.003566 141 147 101
-0.005885 0.002715 0.003784 81 87 49
-0.006404 0.003040 0.002985 91 97 59
-0.004570 0.004327 0.002345 178 185 131
-0.007124 0.002257 0.003083 81 87 53
-0.005707 0.003827 0.002095 165 173 122
-0.008497 0.002772 0.001776 96 103 70
-0.006409 0.003986 0.001504 156 166 116
-0.007062 0.002841 0.001868 129 135 97
-0.005274 0.004187 0.001219 175 184 129
-0.008143 0.003196 0.000863 144 152 113
-0.006042 0.004391 0.000570 176 185 132
-0.007206 0.003552 0.000463 176 185 142
-0.005019 0.004643 0.000128 174 182 123
-0.007741 0.003591 -0.000014 195 204 159
-0.005433 0.004642 -0.000172 175 184 127
-0.007178 0.004158 -0.000814 191 201 149
-0.007414 0.004311 -0.001373 195 205 153
-0.004875 0.005188 -0.001404 170 178 121
-0.005818 0.004570 -0.001436 180 189 134
-0.005936 0.004663 -0.001856 181 190 135
-0.004961 0.005266 -0.002584 170 177 123
-0.004788 0.005518 -0.002904 171 178 126
-0.005404 0.004973 -0.003038 186 193 141
-0.007637 0.006230 -0.010514 177 181 131
-0.008793 0.005611 -0.011098 173 177 126
-0.008799 0.005616 -0.011513 170 174 123
-0.009399 0.004949 -0.011960 185 193 136
-0.007035 0.006139 -0.011654 170 173 126
-0.008907 0.005311 -0.012388 172 176 125
-0.009123 0.005079 -0.012915 176 183 129
-0.006760 0.006268 -0.012601 167 173 127
-0.010286 0.004442 -0.013541 183 190 136
-0.008136 0.005802 -0.013335 157 160 113
-0.009826 0.004464 -0.013903 186 193 141
-0.007581 0.005749 -0.013651 155 161 115
-0.010396 0.004135 -0.014416 179 186 134
-0.008334 0.005553 -0.014295 151 157 111
-0.005804 0.006606 -0.013901 169 176 132
-0.011259 0.003283 -0.014881 170 177 126
-0.009290 0.004793 -0.014736 176 182 134
-0.006955 0.006012 -0.014423 163 170 126
-0.011268 0.003286 -0.015302 169 176 125
-0.009297 0.004797 -0.015157 175 181 133
-0.006961 0.006017 -0.014843 164 171 127
-0.011951 0.002652 -0.015835 167 173 125
-0.009885 0.004130 -0.015533 175 181 135
-0.007944 0.005632 -0.015470 160 167 123
-0.005389 0.006685 -0.014982 167 176 133
-0.011107 0.003174 -0.016033 170 176 128
-0.009236 0.004753 -0.015959 173 179 135
-0.006939 0.006007 -0.015647 167 174 132
-0.011300 0.002914 -0.016581 171 177 129
-0.009363 0.004467 -0.016388 173 179 135
-0.007305 0.005895 -0.016211 167 174 132
-0.004626 0.006848 -0.015647 167 175 134
-0.012032 0.002328 -0.017066 176 182 134
-0.009985 0.003828 -0.016758 172 178 132
-0.008136 0.005401 -0.016745 166 173 131
-0.005700 0.006544 -0.016337 169 177 136
-0.011455 0.002624 -0.017520 178 184 136
-0.009530 0.004215 -0.017225 169 175 131
-0.007655 0.005770 -0.017186 168 177 134
-0.005119 0.006833 -0.016722 167 178 138
-0.011717 0.002427 -0.018026 183 189 141
-0.009661 0.003946 -0.017595 169 175 129
-0.007915 0.005597 -0.017619 170 179 136
-0.005709 0.006890 -0.017413 168 179 139
-0.012661 0.001586 -0.018671 189 195 147
-0.010662 0.003173 -0.018195 177 183 135
-0.008938 0.004897 -0.018027 167 173 129
-0.007122 0.006474 -0.018102 170 178 137
-0.004418 0.007413 -0.017521 172 182 145
-0.012329 0.001740 -0.018920 188 195 144
-0.010308 0.003319 -0.018396 174 180 132
-0.008574 0.005017 -0.018301 165 174 129
-0.006873 0.006647 -0.018557 170 181 141
-0.012442 0.001460 -0.019252 189 196 145
-0.010595 0.003146 -0.018890 176 183 131
-0.008936 0.004917 -0.018769 161 170 125
-0.007229 0.006566 -0.018954 169 179 142
-0.004619 0.007576 -0.018449 177 189 151
-0.011525 0.002301 -0.019517 187 194 142
-0.009546 0.003910 -0.018993 162 170 119
-0.007949 0.005674 -0.019103 169 177 136
-0.006110 0.007200 -0.019292 175 187 151
-0.011161 0.002050 -0.019741 187 194 142
-0.009449 0.003847 -0.019337 160 168 117
-0.008092 0.005763 -0.019660 168 176 135
-0.006362 0.007373 -0.019914 177 189 153
-0.009865 0.003390 -0.019845 168 175 123
0.003409 0.002048 0.038749 49 55 53
-0.000168 0.000139 0.038306 49 55 53
0.001691 0.001207 0.038309 48 54 52
0.003683 0.002145 0.038459 50 56 54
-0.001198 -0.000645 0.038119 50 56 54
0.000652 0.000441 0.038108 48 54 52
0.002532 0.001486 0.038135 49 55 53
-0.003249 -0.001913 0.037841 50 56 54
-0.001430 -0.000783 0.037788 50 56 54
0.000419 0.000308 0.037774 48 54 52
0.002298 0.001357 0.037798 48 54 52
0.004225 0.002347 0.037879 48 54 52
-0.004148 -0.002495 0.037551 50 56 54
-0.002327 -0.001358 0.037498 50 56 54
-0.000485 -0.000252 0.037472 49 55 53
0.001378 0.000820 0.037474 47 53 51
0.003271 0.001849 0.037513 48 54 52
-0.003696 -0.002210 0.037203 50 56 54
-0.001869 -0.001079 0.037156 50 56 54
-0.000022 0.000020 0.037135 48 54 52
0.001849 0.001083 0.037146 47 53 51
0.003753 0.002100 0.037197 48 54 52
-0.003240 -0.001928 0.036856 50 56 54
-0.001402 -0.000809 0.036819 50 56 54
0.000454 0.000279 0.036808 47 53 51
0.002333 0.001333 0.036827 48 54 52
0.004237 0.002348 0.036882 48 54 52
-0.002785 -0.001646 0.036509 50 56 54
-0.000940 -0.000534 0.036478 50 56 54
0.000922 0.000547 0.036475 47 53 51
0.002809 0.001591 0.036503 48 54 52
-0.003701 -0.002215 0.036200 50 56 54
-0.001862 -0.001091 0.036158 50 56 54
-0.000006 0.000005 0.036142 48 54 52
0.001869 0.001069 0.036153 47 53 51
0.003766 0.002098 0.036197 48 54 52
-0.003704 -0.002217 0.035864 50 56 54
-0.001864 -0.001091 0.035822 50 56 54
-0.000006 0.000005 0.035806 48 54 52
0.001870 0.001070 0.035818 47 53 51
0.003768 0.002100 0.035861 48 54 52
-0.003018 -0.001792 0.035509 50 56 54
-0.001169 -0.000678 0.035478 50 56 54
0.000698 0.000407 0.035473 47 53 51
0.002583 0.001459 0.035496 48 54 52
-0.003480 -0.002077 0.035185 50 56 54
-0.001633 -0.000954 0.035147 50 56 54
0.000230 0.000139 0.035135 48 54 52
0.002111 0.001200 0.035150 48 54 52
0.004012 0.002228 0.035197 48 54 52
-0.003251 -0.001936 0.034843 50 56 54
-0.001401 -0.000817 0.034809 50 56 54
0.000466 0.000272 0.034800 48 54 52
0.002352 0.001329 0.034820 48 54 52
0.004254 0.002355 0.034869 48 54 52
-0.003942 -0.002366 0.034525 50 56 54
-0.002098 -0.001235 0.034482 50 56 54
-0.000237 -0.000133 0.034463 49 55 53
0.001642 0.000938 0.034471 48 54 52
0.003543 0.001974 0.034511 49 55 53
-0.003485 -0.002082 0.034174 50 56 54
-0.001633 -0.000959 0.034138 50 56 54
0.000234 0.000136 0.034126 49 55 53
0.002118 0.001200 0.034141 48 54 52
0.004023 0.002229 0.034188 50 56 54
-0.003717 -0.002226 0.033842 50 56 54
-0.001867 -0.001098 0.033803 50 56 54
-0.000001 0.000001 0.033787 49 55 53
0.001883 0.001069 0.033799 48 54 52
0.003787 0.002103 0.033842 50 56 54
-0.002562 -0.001521 0.033477 50 56 54
-0.000702 -0.000409 0.033451 50 56 54
0.001175 0.000673 0.033452 49 55 53
0.003075 0.001718 0.033486 50 56 54
-0.003720 -0.002230 0.033165 50 56 54
-0.001867 -0.001101 0.033125 50 56 54
-0.000000 0.000000 0.033108 50 56 54
0.001885 0.001070 0.033121 49 55 53
0.003792 0.002105 0.033165 50 56 54
-0.003259 -0.001948 0.032814 50 56 54
-0.001403 -0.000824 0.032778 50 56 54
0.000470 0.000271 0.032769 51 57 55
0.002363 0.001332 0.032790 50 56 54
0.004272 0.002362 0.032840 50 56 54
-0.003261 -0.001949 0.032473 50 56 54
-0.001404 -0.000825 0.032438 50 56 54
0.000470 0.000271 0.032428 51 57 55
0.002365 0.001333 0.032450 51 57 55
0.004275 0.002364 0.032499 51 57 55
-0.003495 -0.002092 0.032138 50 56 54
-0.001637 -0.000965 0.032101 50 56 54
0.000236 0.000135 0.032088 51 57 55
0.002128 0.001203 0.032104 52 56 55
0.004040 0.002236 0.032152 51 57 55
-0.003959 -0.002381 0.031811 50 56 54
-0.002103 -0.001246 0.031767 50 56 54
-0.000234 -0.000137 0.031747 51 57 55
0.001653 0.000940 0.031755 52 56 55
0.003565 0.001980 0.031798 51 57 55
-0.003035 -0.001811 0.031444 50 56 54
-0.001172 -0.000688 0.031412 50 56 54
0.000708 0.000406 0.031406 51 60 57
0.002609 0.001465 0.031432 51 57 55
-0.004194 -0.002528 0.031135 50 56 54
-0.002339 -0.001388 0.031087 50 56 54
-0.000469 -0.000274 0.031063 50 56 54
0.001418 0.000808 0.031068 52 58 56
0.003331 0.001853 0.031109 51 57 55
-0.003736 -0.002241 0.030776 50 56 54
-0.001875 -0.001107 0.030735 50 56 54
0.000001 -0.000001 0.030719 50 59 56
0.001896 0.001073 0.030733 53 59 57
0.003811 0.002112 0.030779 53 57 56
-0.003041 -0.001814 0.030415 50 56 54
-0.001174 -0.000689 0.030383 50 56 54
0.000710 0.000406 0.030377 54 60 58
0.002614 0.001467 0.030404 53 59 57
-0.002577 -0.001531 0.030060 51 57 55
-0.000706 -0.000412 0.030034 52 56 55
0.001184 0.000676 0.030036 55 59 58
0.003098 0.001726 0.030074 54 58 57
-0.003743 -0.002245 0.029744 51 57 55
-0.001879 -0.001109 0.029703 51 57 55
0.000001 -0.000001 0.029687 54 58 57
0.001900 0.001075 0.029701 56 58 57
0.003820 0.002115 0.029749 54 58 57
-0.003048 -0.001816 0.029380 52 58 56
-0.001177 -0.000690 0.029348 52 58 56
0.000711 0.000407 0.029344 58 60 57
0.002620 0.001469 0.029371 57 59 58
-0.003979 -0.002393 0.029062 52 58 56
-0.002116 -0.001251 0.029015 53 59 57
-0.000235 -0.000138 0.028997 54 58 57
0.001663 0.000944 0.029007 58 58 56
0.003587 0.001986 0.029054 58 58 58
-0.003053 -0.001818 0.028688 53 59 57
-0.001179 -0.000690 0.028656 55 59 58
0.000712 0.000408 0.028652 60 59 57
0.002624 0.001470 0.028680 60 59 57
-0.003753 -0.002250 0.028361 53 59 57
-0.001885 -0.001111 0.028318 54 60 58
0.000001 -0.000001 0.028303 58 58 56
0.001905 0.001077 0.028319 62 58 57
0.003833 0.002117 0.028369 59 59 59
-0.002589 -0.001536 0.027984 53 59 57
-0.000709 -0.000414 0.027958 55 59 58
0.001189 0.000678 0.027961 60 59 55
0.003113 0.001730 0.028002 60 58 59
-0.003058 -0.001822 0.027647 53 59 57
-0.001181 -0.000692 0.027614 55 59 58
0.000714 0.000408 0.027610 60 59 55
0.002630 0.001472 0.027640 62 58 57
-0.003527 -0.002110 0.027311 53 59 57
-0.001653 -0.000972 0.027272 54 60 58
0.000239 0.000135 0.027261 59 60 55
0.002150 0.001210 0.027281 60 59 55
0.004086 0.002247 0.027338 60 58 59
-0.003762 -0.002257 0.026970 53 59 57
-0.001890 -0.001114 0.026927 54 60 58
0.000002 -0.000001 0.026912 59 59 57
0.001912 0.001078 0.026929 60 59 55
0.003846 0.002119 0.026981 61 59 60
-0.003764 -0.002258 0.026622 53 59 57
-0.001891 -0.001114 0.026578 55 59 58
0.000002 -0.000002 0.026563 58 60 57
0.001914 0.001078 0.026580 60 61 56
0.003849 0.002121 0.026633 59 59 59
-0.003533 -0.002115 0.026265 52 58 56
-0.001656 -0.000974 0.026224 55 59 58
0.000240 0.000135 0.026214 58 60 55
0.002155 0.001212 0.026235 59 60 55
0.004094 0.002251 0.026291 59 59 59
-0.002833 -0.001685 0.025897 53 57 56
-0.000948 -0.000555 0.025867 57 59 58
0.000955 0.000544 0.025867 59 60 55
0.002884 0.001605 0.025904 60 59 57
-0.003771 -0.002263 0.025572 53 59 57
-0.001895 -0.001116 0.025527 55 59 58
0.000002 -0.000002 0.025513 58 60 57
0.001917 0.001080 0.025530 59 60 55
0.003855 0.002126 0.025582 59 59 59
-0.002605 -0.001541 0.025185 54 58 57
-0.000715 -0.000414 0.025160 57 59 58
0.001195 0.000681 0.025166 58 60 55
0.003127 0.001740 0.025207 59 59 57
-0.002842 -0.001686 0.024839 54 58 57
-0.000952 -0.000554 0.024810 57 59 58
0.000956 0.000546 0.024813 58 60 55
0.002887 0.001610 0.024849 59 59 57
-0.002611 -0.001542 0.024478 54 58 57
-0.000719 -0.000412 0.024453 57 59 56
0.001193 0.000685 0.024460 58 60 55
0.003126 0.001746 0.024499 59 59 57
-0.003786 -0.002266 0.024158 54 58 57
-0.001906 -0.001114 0.024111 55 59 58
-0.000003 0.000003 0.024100 58 60 55
0.001917 0.001088 0.024117 59 60 55
0.003858 0.002137 0.024169 58 60 57
-0.002383 -0.001396 0.023763 55 59 58
-0.000484 -0.000271 0.023744 57 59 56
0.001431 0.000824 0.023753 58 60 55
0.003367 0.001885 0.023793 58 60 57
-0.002620 -0.001541 0.023415 54 58 57
-0.000724 -0.000410 0.023390 57 59 56
0.001192 0.000690 0.023396 58 60 55
0.003126 0.001755 0.023433 58 60 55
-0.002389 -0.001396 0.023054 55 59 58
-0.000487 -0.000269 0.023034 57 59 56
0.001432 0.000827 0.023043 58 61 54
0.003367 0.001891 0.023080 58 60 55
-0.003568 -0.002119 0.022728 54 58 57
-0.001680 -0.000969 0.022687 55 59 58
0.000230 0.000146 0.022679 58 60 55
0.002157 0.001230 0.022699 58 61 54
0.004096 0.002286 0.022743 58 60 57
-0.002408 -0.001383 0.022329 57 59 58
-0.000493 -0.000265 0.022319 55 60 54
0.001430 0.000831 0.022328 56 61 54
0.003363 0.001900 0.022361 56 61 54
-0.002410 -0.001384 0.021973 57 59 58
-0.000493 -0.000265 0.021963 55 60 54
0.001431 0.000831 0.021972 56 61 54
0.003366 0.001901 0.022005 56 61 54
-0.002690 -0.000792 0.021158 57 59 58
-0.000285 -0.000098 0.021582 56 61 55
0.001667 0.000972 0.021613 56 62 52
0.003570 0.002070 0.021610 56 61 54
-0.004313 -0.001140 0.020449 56 58 57
-0.001620 -0.000677 0.021107 57 59 56
0.000456 0.000298 0.021242 56 61 54
0.002394 0.001377 0.021265 56 61 54
-0.004393 0.001029 0.018661 58 58 58
-0.000091 0.000080 0.020821 55 60 53
0.001883 0.001134 0.020876 55 62 54
0.003324 0.002635 0.020364 56 61 55
-0.004157 0.001176 0.018291 58 58 58
0.000150 0.000219 0.020463 55 60 53
0.002127 0.001269 0.020522 55 62 54
0.003572 0.002767 0.020012 56 61 55
-0.003900 0.002004 0.017441 57 59 56
0.000685 0.000802 0.019942 55 63 52
0.002326 0.002144 0.019640 55 62 55
-0.005536 0.002730 0.016085 57 59 56
0.000034 0.000675 0.019417 56 61 54
0.001930 0.001799 0.019368 55 62 54
0.001282 0.005140 0.016535 55 62 55
-0.002626 0.003041 0.016597 55 62 54
0.000464 0.003098 0.017518 53 63 52
-0.000729 0.006937 0.014042 55 62 55
-0.005941 0.004187 0.014404 57 59 56
-0.000954 0.002619 0.017078 55 63 52
0.001138 0.003559 0.017085 55 62 54
-0.004206 0.004858 0.014379 55 63 52
-0.000821 0.004610 0.015287 53 63 52
-0.001620 0.008105 0.012107 55 62 54
-0.003337 0.004430 0.014510 53 63 52
-0.000779 0.004921 0.014665 53 63 54
-0.001502 0.008328 0.011466 55 62 54
-0.004199 0.004182 0.014330 55 62 54
-0.001957 0.005019 0.014322 53 64 50
-0.000642 0.006598 0.013181 53 63 54
-0.004444 0.004038 0.013964 56 61 55
-0.002204 0.004880 0.013950 53 64 50
-0.000893 0.006465 0.012802 53 63 54
-0.004683 0.001949 0.014180 58 58 58
-0.002249 0.002852 0.015312 55 62 54
-0.000590 0.004182 0.014755 53 63 52
0.001292 0.005271 0.014342 55 62 54
-0.002285 0.002122 0.015187 56 61 55
-0.000985 0.003860 0.014640 53 64 50
0.001040 0.004806 0.014287 55 62 54
-0.006150 0.002834 0.012187 58 58 58
-0.002351 0.002579 0.014690 55 62 54
-0.000390 0.003743 0.014823 53 63 52
0.002010 0.004363 0.014907 55 62 54
-0.003486 0.001673 0.013959 57 57 55
-0.001167 0.002676 0.015025 55 63 52
0.000495 0.003972 0.014366 55 63 52
0.002174 0.005243 0.013769 55 62 54
0.000826 0.006176 0.012502 57 64 56
-0.002918 0.004610 0.012446 53 60 52
-0.001480 0.006146 0.011539 57 63 53
0.001501 0.006259 0.012192 59 66 58
-0.002244 0.008256 0.009207 63 68 61
-0.002246 0.008262 0.008824 66 69 62
-0.005779 0.009616 0.006250 61 62 54
-0.001343 0.008463 0.008259 71 74 65
-0.006515 0.009928 0.005485 57 60 53
-0.002398 0.009094 0.007184 61 64 53
-0.005270 0.009542 0.005738 54 55 47
-0.001136 0.008659 0.007466 53 55 42
-0.006332 0.009400 0.005157 55 56 48
-0.002577 0.008898 0.006494 46 48 35
-0.005564 0.009101 0.005328 51 53 42
-0.002183 0.008939 0.006347 36 38 24
-0.004053 0.009198 0.005272 37 39 25
-0.000118 0.008467 0.006795 23 26 7
-0.007832 0.003503 0.006394 60 56 55
-0.004589 0.009699 0.004393 37 40 23
-0.000575 0.008910 0.005994 28 31 10
-0.008243 0.002730 0.006224 62 58 55
-0.005676 0.009575 0.003752 42 45 28
-0.001851 0.009010 0.005217 32 35 16
-0.008349 0.002807 0.005693 63 58 54
-0.006819 0.010601 0.002207 40 43 24
-0.002591 0.009693 0.004074 35 38 17
-0.004926 0.010373 0.002545 34 38 13
-0.000710 0.009368 0.004230 46 50 23
-0.005670 0.011046 0.001373 35 39 12
-0.001070 0.009702 0.003453 51 56 26
-0.007607 0.011317 0.000224 46 50 23
-0.003202 0.010261 0.002250 59 64 34
-0.004556 0.011151 0.000828 76 82 48
-0.007012 0.011531 -0.000573 74 79 47
-0.002191 0.010057 0.001829 106 112 76
-0.007067 0.011585 -0.001024 86 92 58
-0.002351 0.010214 0.001290 129 136 95
-0.004913 0.011114 -0.000457 128 135 94
-0.001133 0.010492 0.000715 158 165 123
-0.005869 0.011635 -0.001465 138 145 103
-0.001646 0.010671 0.000305 170 177 133
-0.007992 0.011684 -0.002554 115 122 80
-0.003835 0.010878 -0.000750 170 177 135
-0.005070 0.011663 -0.002043 181 189 142
-0.002080 0.011788 -0.001688 194 202 153
-0.007337 0.011851 -0.003291 162 170 121
-0.003298 0.011127 -0.001635 212 220 171
-0.008176 0.012244 -0.004212 169 177 126
-0.004546 0.011940 -0.002905 223 231 180
-0.006730 0.012068 -0.004045 195 204 151
-0.003274 0.011831 -0.003127 223 232 179
-0.007025 0.012356 -0.004686 197 206 153
-0.003548 0.012094 -0.003805 222 231 176
-0.005158 0.012145 -0.004443 215 224 169
-0.002218 0.012281 -0.004301 211 220 165
-0.005278 0.012266 -0.004953 214 223 166
-0.002156 0.012244 -0.004588 211 220 163
-0.007172 0.012517 -0.005994 199 209 149
-0.003651 0.012213 -0.005114 218 227 170
-0.006869 0.012634 -0.006352 199 209 149
-0.003423 0.012405 -0.005505 213 222 165
-0.008207 0.012704 -0.007271 190 200 140
-0.004431 0.012233 -0.005990 209 218 161
-0.006695 0.012486 -0.006987 191 201 141
-0.003530 0.012553 -0.006302 204 213 156
-0.006958 0.012343 -0.007396 187 197 136
-0.003794 0.012418 -0.006716 201 210 153
-0.005175 0.012252 -0.007092 190 200 139
-0.002453 0.012686 -0.006927 197 207 147
-0.005179 0.012262 -0.007503 191 201 140
-0.002456 0.012696 -0.007337 195 205 145
-0.006994 0.012420 -0.008532 189 199 138
-0.003678 0.012385 -0.007612 195 205 145
-0.006742 0.012584 -0.008951 191 201 140
-0.003420 0.012541 -0.008019 194 204 144
-0.008251 0.012775 -0.010189 195 206 146
-0.003999 0.011930 -0.008185 195 205 145
-0.007101 0.012526 -0.009903 197 207 147
-0.002770 0.011516 -0.008048 193 202 145
-0.007945 0.012480 -0.010808 193 202 145
-0.003049 0.010958 -0.008397 191 200 143
-0.006567 0.012393 -0.010637 186 194 137
-0.001325 0.010455 -0.008003 185 194 137
-0.005701 0.011533 -0.010438 180 187 133
-0.007127 0.011704 -0.011390 178 185 134
-0.008983 0.010637 -0.011918 180 182 133
-0.005858 0.010891 -0.010955 173 177 127
-0.006834 0.011037 -0.011723 175 178 131
-0.008387 0.010062 -0.012323 173 174 130
-0.005146 0.010209 -0.011186 171 174 127
-0.009049 0.009876 -0.012892 166 167 123
-0.006135 0.010365 -0.011998 171 174 127
-0.010029 0.009161 -0.013383 158 161 116
-0.007389 0.009926 -0.012736 166 169 124
-0.010037 0.009169 -0.013805 157 160 115
-0.007395 0.009934 -0.013155 164 167 122
-0.008300 0.009581 -0.013707 160 163 118
-0.004830 0.009506 -0.012397 168 171 124
-0.007488 0.009637 -0.013799 164 167 122
-0.007762 0.009509 -0.014182 165 168 123
-0.004182 0.009303 -0.012829 168 171 124
-0.009129 0.009172 -0.014951 163 169 121
-0.006032 0.009498 -0.013899 166 169 124
-0.008383 0.008907 -0.014824 169 172 127
-0.004898 0.008844 -0.013445 167 170 123
-0.009052 0.008723 -0.015408 172 178 130
-0.005753 0.008873 -0.014123 168 171 126
-0.007178 0.008621 -0.014894 173 176 131
-0.003478 0.008305 -0.013401 166 172 124
-0.007183 0.008628 -0.015316 176 179 134
-0.003481 0.008311 -0.013820 165 171 123
-0.008252 0.008408 -0.016078 185 192 141
-0.004762 0.008387 -0.014536 167 173 127
-0.006898 0.008383 -0.015824 179 185 139
-0.003225 0.008088 -0.014366 165 171 125
-0.007323 0.008370 -0.016444 183 189 141
-0.003738 0.008211 -0.014921 163 170 126
-0.008327 0.008092 -0.017126 189 196 145
-0.004814 0.008060 -0.015548 168 174 130
-0.007508 0.008156 -0.017173 183 189 143
-0.003964 0.008047 -0.015684 162 169 125
-0.008002 0.008198 -0.017886 185 191 143
-0.004512 0.008191 -0.016299 163 169 125
-0.006445 0.008397 -0.017628 172 178 134
-0.003071 0.008373 -0.016502 161 168 124
-0.009255 0.008127 -0.019281 190 197 146
-0.005637 0.008073 -0.017415 171 177 133
-0.006734 0.008660 -0.018788 173 181 134
-0.003352 0.008651 -0.017611 167 174 130
-0.004913 0.008591 -0.018333 169 176 132
-0.005354 0.009004 -0.019197 171 178 134
-0.006090 0.008893 -0.019844 176 183 139
0.003790 0.001332 0.038849 52 58 56
-0.000014 0.000017 0.038467 51 57 53
0.002008 0.000736 0.038477 51 57 55
0.004049 0.001415 0.038526 52 58 56
-0.003262 -0.001241 0.038189 53 60 53
-0.001260 -0.000465 0.038155 53 59 55
0.000754 0.000277 0.038146 50 56 54
0.002784 0.000982 0.038170 51 57 55
-0.003513 -0.001341 0.037862 53 60 53
-0.001512 -0.000560 0.037825 53 59 55
0.000502 0.000186 0.037812 50 56 54
0.002531 0.000897 0.037833 51 57 55
0.004573 0.001572 0.037884 52 58 56
-0.004516 -0.001740 0.037553 54 60 58
-0.002517 -0.000946 0.037508 53 59 55
-0.000505 -0.000185 0.037486 52 58 54
0.001518 0.000545 0.037489 50 56 54
0.003553 0.001239 0.037523 52 58 56
-0.004020 -0.001539 0.037206 53 59 55
-0.002016 -0.000753 0.037166 53 59 55
-0.000000 0.000000 0.037150 51 57 55
0.002027 0.000722 0.037161 50 56 54
0.004068 0.001407 0.037203 52 58 56
-0.003523 -0.001340 0.036860 53 59 57
-0.001515 -0.000561 0.036827 53 59 57
0.000506 0.000185 0.036819 50 56 54
0.002538 0.000897 0.036839 50 56 54
0.004584 0.001572 0.036887 52 58 56
-0.003024 -0.001143 0.036514 53 59 57
-0.001011 -0.000372 0.036488 53 59 57
0.001013 0.000366 0.036486 50 56 54
0.003050 0.001070 0.036513 50 56 54
-0.004027 -0.001542 0.036203 53 59 57
-0.002021 -0.000753 0.036164 53 59 57
-0.000000 0.000002 0.036151 51 57 55
0.002031 0.000724 0.036164 50 56 54
0.004075 0.001411 0.036203 51 57 55
-0.004030 -0.001543 0.035868 53 59 57
-0.002022 -0.000753 0.035828 53 59 57
-0.000000 0.000002 0.035815 51 57 55
0.002033 0.000725 0.035828 50 56 54
0.004078 0.001411 0.035867 51 57 55
-0.003281 -0.001243 0.035514 53 59 59
-0.001267 -0.000465 0.035486 53 59 59
0.000759 0.000280 0.035481 49 55 53
0.002798 0.000990 0.035506 50 56 54
-0.003784 -0.001445 0.035189 53 59 59
-0.001773 -0.000656 0.035155 53 59 59
0.000252 0.000096 0.035144 50 56 54
0.002289 0.000817 0.035160 50 56 54
0.004338 0.001499 0.035203 51 57 55
-0.003537 -0.001343 0.034845 53 58 61
-0.001524 -0.000557 0.034813 53 58 61
0.000502 0.000195 0.034804 49 55 55
0.002542 0.000910 0.034825 50 56 54
0.004599 0.001581 0.034874 50 56 54
-0.004291 -0.001647 0.034528 54 60 60
-0.002282 -0.000847 0.034485 53 58 61
-0.000258 -0.000085 0.034468 51 56 59
0.001775 0.000648 0.034475 49 55 53
0.003824 0.001341 0.034512 50 56 54
-0.003792 -0.001446 0.034177 53 58 61
-0.001790 -0.000640 0.034129 53 58 61
0.000231 0.000125 0.034114 49 55 55
0.002266 0.000854 0.034124 49 55 53
0.004331 0.001524 0.034178 50 56 54
-0.004046 -0.001548 0.033845 53 58 61
-0.002044 -0.000737 0.033794 53 58 61
-0.000023 0.000033 0.033775 50 56 56
0.002012 0.000766 0.033782 49 55 53
0.004076 0.001441 0.033833 50 56 54
-0.002806 -0.001027 0.033469 53 58 61
-0.000804 -0.000223 0.033427 53 58 61
0.001211 0.000546 0.033411 49 55 55
0.003269 0.001239 0.033443 50 56 54
-0.004056 -0.001542 0.033164 53 58 61
-0.002057 -0.000722 0.033113 53 58 61
-0.000055 0.000077 0.033076 50 56 56
0.001980 0.000815 0.033079 49 55 53
0.004060 0.001473 0.033137 50 56 54
-0.003576 -0.001317 0.032791 53 58 61
-0.001601 -0.000473 0.032702 53 58 61
0.000370 0.000366 0.032637 48 54 54
0.002421 0.001082 0.032657 49 55 53
0.004560 0.001663 0.032787 50 56 54
-0.003578 -0.001318 0.032451 53 58 61
-0.001602 -0.000473 0.032362 53 58 61
0.000370 0.000366 0.032296 48 54 54
0.002423 0.001082 0.032316 49 55 53
0.004563 0.001664 0.032447 50 56 54
-0.003844 -0.001405 0.032103 53 58 61
-0.001933 -0.000481 0.031929 53 58 61
-0.000058 0.000482 0.031743 49 55 55
0.001994 0.001207 0.031763 49 55 53
0.004169 0.001756 0.031932 50 56 54
-0.004343 -0.001618 0.031783 54 59 62
-0.002414 -0.000708 0.031631 53 58 61
-0.000559 0.000280 0.031409 51 56 59
0.001475 0.001038 0.031407 49 55 55
0.003604 0.001651 0.031516 49 55 53
-0.003533 -0.000982 0.031189 53 58 62
-0.001659 -0.000016 0.030946 53 58 62
0.000194 0.000977 0.030732 48 54 54
0.002357 0.001573 0.030886 49 55 53
-0.002867 -0.000579 0.030709 53 58 62
-0.001073 0.000490 0.030399 52 57 60
0.000995 0.001218 0.030432 48 54 52
0.003254 0.001686 0.030707 49 55 53
-0.004707 -0.000785 0.030127 53 58 61
-0.002914 0.000293 0.029763 53 58 62
-0.001015 0.001232 0.029525 50 56 56
0.001161 0.001825 0.029656 48 54 52
0.003693 0.001959 0.030272 50 56 54
-0.004080 -0.000323 0.029612 53 58 62
-0.002146 0.000577 0.029388 53 58 62
-0.000255 0.001525 0.029160 48 54 54
0.002019 0.001994 0.029420 49 55 53
-0.004598 0.001140 0.028229 53 58 61
-0.002479 0.001820 0.028148 53 58 61
-0.000222 0.002317 0.028277 49 55 53
0.002250 0.002530 0.028733 50 56 54
-0.003841 0.001440 0.027805 53 58 61
-0.001598 0.001964 0.027872 51 57 55
0.000713 0.002388 0.028088 49 55 53
0.003432 0.002296 0.028903 50 56 54
-0.003914 0.002790 0.026580 52 58 56
-0.001477 0.003072 0.026819 50 56 54
0.001183 0.003053 0.027399 51 57 53
0.004183 0.002598 0.028555 51 57 53
-0.002771 0.003028 0.026259 52 58 56
-0.000137 0.003057 0.026763 51 57 55
0.002580 0.002958 0.027473 51 57 53
-0.004639 0.003678 0.025096 52 58 54
-0.002174 0.003938 0.025326 52 58 54
0.000867 0.003459 0.026336 52 58 54
0.004017 0.002818 0.027651 52 58 54
-0.003098 0.003838 0.024863 52 58 54
-0.000182 0.003529 0.025688 52 58 54
0.002879 0.003007 0.026829 52 58 54
-0.005248 0.005224 0.023002 52 58 54
-0.002679 0.005397 0.023405 51 57 53
0.000772 0.004432 0.024933 51 57 53
-0.005834 0.005111 0.022635 52 58 54
-0.003365 0.005410 0.022885 51 57 53
-0.000182 0.004798 0.024081 51 57 53
0.003578 0.003400 0.026081 51 57 53
-0.004922 0.006518 0.021454 51 57 53
-0.001946 0.006201 0.022375 51 57 53
0.002361 0.004121 0.024901 51 57 53
-0.005188 0.006421 0.021096 51 57 53
-0.002211 0.006110 0.022014 51 57 53
0.002099 0.004036 0.024541 51 57 53
-0.006130 0.007529 0.019498 52 58 54
-0.003152 0.007232 0.020383 51 57 53
0.001362 0.004912 0.023126 51 57 53
-0.005870 0.007638 0.019125 51 57 53
-0.002889 0.007334 0.020018 50 56 52
0.001627 0.005004 0.022774 50 56 52
-0.008477 0.008684 0.017319 52 58 54
-0.005779 0.008789 0.017850 50 56 52
-0.001848 0.007295 0.019884 50 56 52
-0.007188 0.008815 0.017141 51 57 53
-0.004288 0.008653 0.017946 50 56 52
0.000156 0.006464 0.020618 50 56 52
-0.006065 0.009649 0.016697 50 56 52
-0.002472 0.008605 0.018353 50 56 52
0.002181 0.006066 0.021238 50 56 52
-0.006336 0.009553 0.016329 50 56 52
-0.002741 0.008516 0.017984 50 56 52
0.001916 0.005983 0.020870 50 56 52
-0.006219 0.009930 0.016068 50 56 52
-0.002890 0.009237 0.017420 49 55 51
0.002014 0.006361 0.020498 49 55 51
-0.005148 0.009906 0.015998 49 55 51
-0.001044 0.008185 0.018232 49 55 51
-0.005835 0.009916 0.015536 49 55 51
-0.001919 0.008453 0.017521 49 55 51
-0.006309 0.010069 0.014921 49 55 51
-0.002787 0.009135 0.016484 49 55 51
0.002687 0.005493 0.020164 49 55 51
-0.006054 0.010083 0.014170 49 55 51
-0.001364 0.007619 0.017030 49 55 51
-0.004929 0.009989 0.014156 49 55 51
0.000227 0.006869 0.017544 49 55 51
-0.011192 0.012796 0.009606 51 57 53
-0.006198 0.010183 0.012987 49 55 51
-0.001393 0.007586 0.016033 49 55 51
-0.011201 0.012806 0.009218 51 57 53
-0.006203 0.010191 0.012608 49 55 51
-0.001394 0.007591 0.015662 49 55 51
-0.005852 0.010167 0.012244 49 55 51
-0.001608 0.008290 0.014671 49 55 51
-0.004171 0.009364 0.012864 49 55 51
0.000340 0.007083 0.015620 49 55 51
-0.005164 0.009734 0.011942 50 55 51
-0.001275 0.008300 0.013976 50 55 51
-0.004897 0.009842 0.011560 50 55 51
-0.001006 0.008398 0.013606 50 55 51
-0.011351 0.012068 0.007676 52 58 54
-0.006981 0.010255 0.010345 50 56 52
-0.003416 0.009277 0.011937 50 56 52
0.000365 0.007947 0.013909 50 56 52
-0.008495 0.011247 0.008812 50 56 52
-0.004374 0.009617 0.011076 50 56 52
-0.000559 0.008263 0.013049 50 56 52
-0.012091 0.012041 0.006570 52 58 54
-0.008387 0.011101 0.008515 50 56 52
-0.004372 0.009613 0.010684 50 56 52
-0.000706 0.008439 0.012445 50 56 52
-0.011135 0.012222 0.006381 52 58 54
-0.006636 0.010261 0.009262 50 56 52
-0.003150 0.009382 0.010778 50 56 52
-0.011943 0.012277 0.005564 52 58 54
-0.008087 0.011162 0.007744 50 56 52
-0.004096 0.009706 0.009918 50 56 52
-0.000404 0.008472 0.011657 50 56 52
-0.011502 0.012204 0.005444 52 58 54
-0.006916 0.010163 0.008469 51 57 53
-0.003390 0.009246 0.010034 51 57 53
-0.012736 0.012315 0.004411 52 58 54
-0.009216 0.011651 0.006220 51 57 53
-0.004925 0.009875 0.008817 51 57 53
-0.001222 0.008644 0.010531 51 57 53
-0.013017 0.012210 0.004028 52 58 54
-0.009495 0.011551 0.005837 51 57 53
-0.005200 0.009782 0.008433 51 57 53
-0.001495 0.008558 0.010145 51 57 53
-0.012245 0.012183 0.003965 52 58 54
-0.008311 0.010986 0.006235 51 57 53
-0.004254 0.009460 0.008490 51 57 53
-0.012972 0.012154 0.003320 52 58 54
-0.009478 0.011523 0.005065 51 57 53
-0.005172 0.009743 0.007681 51 57 53
-0.001377 0.008402 0.009493 51 57 53
-0.012690 0.012251 0.002921 52 58 54
-0.009201 0.011620 0.004658 52 58 56
-0.004877 0.009811 0.007306 52 58 56
-0.001090 0.008478 0.009130 52 58 54
-0.011572 0.012264 0.002982 52 58 54
-0.006948 0.010191 0.006082 52 58 56
-0.003214 0.009020 0.007900 52 58 56
-0.012011 0.012331 0.002337 53 59 55
-0.008006 0.011051 0.004712 52 56 55
-0.003905 0.009470 0.007044 53 57 56
-0.011323 0.012403 0.002161 53 59 55
-0.006649 0.010267 0.005345 52 56 55
-0.002935 0.009119 0.007149 53 57 56
-0.012844 0.012409 0.001112 55 62 54
-0.009246 0.011661 0.003002 54 56 53
-0.004810 0.009720 0.005804 54 55 59
-0.001121 0.008519 0.007515 56 58 57
-0.012854 0.012419 0.000711 56 64 53
-0.009253 0.011670 0.002606 53 55 52
-0.004813 0.009728 0.005415 55 54 60
-0.001122 0.008526 0.007130 55 56 58
-0.012007 0.012699 0.000219 58 63 59
-0.007000 0.010169 0.003812 53 52 57
-0.003059 0.008742 0.005901 57 56 61
-0.008189 0.011185 0.002252 52 53 55
-0.003818 0.009275 0.004942 57 56 62
-0.007021 0.010504 0.002273 56 55 60
-0.002866 0.008833 0.004731 59 58 63
-0.008755 0.011308 0.000727 55 56 58
-0.004224 0.009225 0.003666 59 58 64
-0.008291 0.011125 0.000411 57 58 62
-0.004013 0.009338 0.003021 61 60 66
-0.006016 0.010072 0.001466 61 60 66
-0.005947 0.009945 0.001050 60 59 64
-0.007082 0.010033 0.000291 60 59 64
-0.007408 0.010376 -0.000677 60 60 62
-0.003956 0.009747 0.001245 57 57 59
-0.009359 0.011030 -0.002054 59 60 64
-0.005985 0.010412 -0.000607 59 59 61
-0.007086 0.011812 -0.002360 57 57 57
-0.002800 0.010255 0.001004 50 50 48
-0.000110 0.010550 0.002071 38 39 33
0.003927 0.009156 0.005302 25 27 16
-0.008408 0.011600 -0.003186 55 55 55
-0.004705 0.010775 -0.000711 51 51 49
-0.001789 0.010823 0.000652 45 46 41
0.002099 0.009640 0.003573 37 38 30
-0.006804 0.012934 -0.003563 47 47 45
-0.002217 0.010947 0.000110 47 48 43
0.001281 0.010212 0.002311 42 44 33
-0.009015 0.013323 -0.005310 44 44 42
-0.003995 0.010909 -0.000960 44 45 40
-0.001231 0.011098 0.000078 49 50 42
0.003221 0.009173 0.003793 43 45 34
-0.009785 0.014328 -0.006579 39 40 35
-0.004164 0.011151 -0.001514 42 43 37
-0.001380 0.011299 -0.000510 53 55 44
0.003304 0.009080 0.003525 48 50 37
-0.007661 0.013592 -0.005441 35 36 28
-0.002579 0.010992 -0.001151 48 50 39
0.000957 0.010207 0.001058 56 58 44
-0.009029 0.014788 -0.007432 39 41 30
-0.002852 0.010882 -0.001582 56 58 45
-0.000214 0.011211 -0.000728 76 79 62
0.004277 0.009228 0.003116 70 74 51
-0.010783 0.014658 -0.008345 41 42 34
-0.006029 0.012529 -0.004650 49 51 37
-0.002186 0.011426 -0.002105 80 83 66
0.002064 0.009763 0.001230 96 99 78
-0.011129 0.014638 -0.008805 45 47 34
-0.007749 0.014141 -0.007212 55 58 41
-0.002175 0.010969 -0.002114 89 92 73
0.000841 0.010848 -0.000622 117 121 98
0.004605 0.009778 0.002195 111 115 88
-0.010223 0.014880 -0.009175 50 53 36
-0.004548 0.011638 -0.004068 74 77 56
-0.001440 0.011436 -0.002518 120 124 101
0.002906 0.009667 0.001068 136 140 113
-0.010317 0.014560 -0.009278 54 57 38
-0.005912 0.012853 -0.006065 76 80 57
-0.001472 0.011047 -0.002550 130 134 109
0.002007 0.010349 -0.000321 157 162 132
-0.009061 0.014397 -0.009096 77 81 58
-0.003370 0.011141 -0.003829 111 115 88
-0.000468 0.011178 -0.002559 156 161 131
0.003494 0.009880 0.000492 167 173 139
-0.008776 0.014078 -0.009039 96 100 73
-0.003534 0.011372 -0.004400 128 133 103
-0.000322 0.011016 -0.002713 170 175 143
0.003473 0.009902 0.000022 177 183 147
-0.010507 0.014363 -0.010319 112 116 89
-0.006200 0.012796 -0.007219 124 129 97
-0.001577 0.010772 -0.003456 165 171 137
0.001772 0.010229 -0.001469 191 197 161
0.004627 0.010270 -0.000113 182 188 150
-0.010553 0.014435 -0.010750 131 136 104
-0.006189 0.012806 -0.007556 142 148 114
-0.001515 0.010708 -0.003746 179 185 149
-0.008652 0.013956 -0.010030 153 159 121
-0.003653 0.011548 -0.005740 177 183 145
-0.000197 0.010884 -0.003729 208 215 174
0.003592 0.009767 -0.001039 209 216 174
-0.008242 0.013931 -0.010204 162 169 128
-0.003234 0.011497 -0.005899 183 190 149
0.000186 0.010871 -0.003934 205 212 170
0.003821 0.009952 -0.001444 203 211 164
-0.009645 0.014268 -0.011438 169 176 134
-0.004799 0.012066 -0.007425 179 186 142
-0.000798 0.010756 -0.004623 198 205 161
0.002832 0.009855 -0.002198 201 209 162
-0.008228 0.013930 -0.010979 180 188 141
-0.003058 0.011310 -0.006399 189 197 150
0.000112 0.011018 -0.004753 197 205 156
0.003334 0.010660 -0.002806 193 201 150
-0.008518 0.013836 -0.011397 188 196 147
-0.003341 0.011220 -0.006811 190 198 147
-0.000169 0.010933 -0.005166 193 201 150
0.003055 0.010579 -0.003218 188 196 145
-0.005871 0.012501 -0.009378 196 204 153
-0.001188 0.010434 -0.005433 192 201 148
0.003366 0.012137 -0.004394 183 192 139
-0.005876 0.012512 -0.009794 188 197 144
-0.001189 0.010443 -0.005840 185 194 139
0.003368 0.012147 -0.004798 183 192 139
-0.008779 0.014213 -0.012858 178 187 132
-0.003570 0.011627 -0.008055 179 188 131
-0.000756 0.011834 -0.006855 175 184 127
0.004418 0.012604 -0.005310 180 189 134
-0.003291 0.011737 -0.008466 172 182 122
-0.000475 0.011939 -0.007259 169 178 121
-0.005249 0.012825 -0.010447 165 175 115
-0.001429 0.011796 -0.007838 159 169 109
-0.003972 0.012199 -0.009698 157 167 106
-0.001020 0.012209 -0.008423 155 165 105
-0.010148 0.015079 -0.015350 149 159 98
-0.005434 0.013097 -0.011439 158 168 107
-0.001569 0.011965 -0.008925 155 163 106
-0.003911 0.012606 -0.010787 159 169 109
-0.000782 0.012345 -0.009405 161 169 112
-0.003925 0.012596 -0.011320 160 168 111
-0.000748 0.012252 -0.009933 163 170 116
-0.009934 0.014867 -0.016176 159 166 114
-0.005409 0.013061 -0.012704 166 175 122
-0.001582 0.011950 -0.010339 161 168 116
-0.009146 0.014360 -0.015907 167 174 122
-0.004930 0.012880 -0.012981 167 174 122
-0.001343 0.012058 -0.010963 164 171 119
-0.010132 0.014635 -0.016947 160 168 117
-0.005885 0.013138 -0.014008 173 180 129
-0.001842 0.011778 -0.011304 162 169 118
0.000669 0.012277 -0.010790 169 176 125
-0.008644 0.013715 -0.016146 172 179 128
-0.004748 0.012627 -0.013659 171 178 127
-0.001478 0.012227 -0.012035 164 170 122
0.001094 0.012685 -0.011326 166 170 120
-0.009598 0.013955 -0.017133 166 174 123
-0.005547 0.012687 -0.014480 177 184 133
-0.001893 0.011833 -0.012280 164 171 120
0.000289 0.012792 -0.012165 167 171 121
-0.007459 0.013167 -0.016160 177 184 132
-0.003865 0.012491 -0.013918 171 178 127
-0.001255 0.012931 -0.013221 167 170 123
-0.007465 0.013178 -0.016587 180 187 135
-0.003868 0.012502 -0.014340 173 180 129
-0.001256 0.012941 -0.013642 166 169 122
0.001533 0.013109 -0.012663 161 164 117
-0.008900 0.013605 -0.017706 177 184 133
-0.005453 0.013158 -0.015674 179 186 135
-0.002132 0.012702 -0.014049 166 172 124
0.000480 0.013085 -0.013425 163 166 121
-0.007990 0.013442 -0.017561 181 188 137
-0.004407 0.012795 -0.015357 179 186 135
-0.001653 0.013031 -0.014574 166 172 126
0.001238 0.013043 -0.013547 166 169 122
-0.005339 0.013528 -0.016641 182 189 138
-0.001747 0.012678 -0.014772 169 175 129
0.000938 0.012963 -0.014044 165 168 123
-0.007088 0.013838 -0.017993 185 191 143
-0.002873 0.012263 -0.015198 179 185 137
-0.000627 0.013122 -0.015157 162 168 122
-0.006409 0.013458 -0.017871 185 191 143
-0.002257 0.011936 -0.015184 179 185 137
-0.000029 0.012851 -0.015048 162 168 122
-0.003015 0.011973 -0.015900 184 190 142
-0.000771 0.012871 -0.015777 161 167 121
0.002126 0.012881 -0.014694 169 175 129
-0.005288 0.012976 -0.017988 182 190 141
-0.001762 0.012310 -0.015948 171 179 132
0.000623 0.013062 -0.015477 157 163 117
-0.005293 0.012987 -0.018418 181 189 140
-0.001764 0.012320 -0.016373 170 178 131
0.000623 0.013073 -0.015901 154 160 114
-0.002420 0.011782 -0.016485 177 185 138
-0.000772 0.013551 -0.016946 148 155 111
0.001963 0.013803 -0.016080 163 170 128
-0.005035 0.012691 -0.018845 178 186 139
-0.001815 0.012495 -0.017021 167 174 130
0.000366 0.013534 -0.016835 146 153 109
0.002931 0.013904 -0.016456 165 174 131
-0.001914 0.012198 -0.017077 168 175 131
-0.000380 0.014087 -0.017815 142 151 108
0.002295 0.014376 -0.017174 164 172 131
-0.002864 0.011973 -0.017775 172 179 135
-0.001353 0.013924 -0.018475 144 151 109
0.001454 0.014087 -0.017563 148 156 115
-0.002444 0.012474 -0.018123 166 173 131
-0.000814 0.014225 -0.018817 138 146 105
0.001874 0.014516 -0.018149 151 162 122
-0.002851 0.012498 -0.018831 165 172 130
0.001662 0.014345 -0.018444 144 152 113
0.000487 0.014026 -0.018860 133 141 100
0.000969 0.013893 -0.018965 142 152 115
0.000610 0.013925 -0.019429 154 165 125
0.002128 0.000351 0.038539 58 67 64
0.004256 0.000654 0.038571 57 66 63
-0.003420 -0.000674 0.038191 60 71 67
-0.001319 -0.000246 0.038155 59 70 66
0.000796 0.000133 0.038155 57 68 64
0.002915 0.000480 0.038178 58 67 64
-0.003685 -0.000728 0.037863 60 71 67
-0.001584 -0.000296 0.037825 59 70 66
0.000532 0.000088 0.037821 57 68 64
0.002652 0.000439 0.037841 58 67 64
0.004780 0.000750 0.037890 57 66 63
-0.004731 -0.000960 0.037577 60 71 67
-0.002640 -0.000503 0.037506 59 70 66
-0.000529 -0.000096 0.037482 58 69 65
0.001591 0.000269 0.037490 58 67 64
0.003717 0.000598 0.037527 57 66 63
-0.004215 -0.000838 0.037220 60 71 67
-0.002115 -0.000395 0.037162 59 70 66
-0.000000 -0.000002 0.037148 59 68 65
0.002123 0.000355 0.037162 58 67 64
0.004252 0.000676 0.037206 57 66 63
-0.003693 -0.000724 0.036871 59 70 66
-0.001589 -0.000292 0.036823 59 70 66
0.000531 0.000091 0.036816 58 67 64
0.002656 0.000440 0.036836 58 67 64
0.004787 0.000753 0.036885 57 66 63
-0.003170 -0.000612 0.036520 59 70 66
-0.001060 -0.000193 0.036484 59 70 66
0.001062 0.000182 0.036484 58 67 64
0.003190 0.000521 0.036512 58 67 64
-0.004222 -0.000838 0.036221 59 70 66
-0.002120 -0.000394 0.036163 58 69 65
0.000001 -0.000001 0.036148 59 68 65
0.002128 0.000356 0.036162 58 67 64
0.004259 0.000678 0.036202 57 66 63
-0.004225 -0.000839 0.035886 59 70 66
-0.002121 -0.000394 0.035827 58 69 65
0.000001 -0.000001 0.035812 59 68 65
0.002129 0.000356 0.035826 58 67 64
0.004262 0.000679 0.035866 57 66 63
-0.003439 -0.000667 0.035525 59 70 66
-0.001328 -0.000240 0.035484 58 69 65
0.000798 0.000138 0.035480 58 67 64
0.002930 0.000482 0.035505 58 67 64
-0.003969 -0.000779 0.035204 59 70 66
-0.001859 -0.000341 0.035153 58 69 65
0.000267 0.000046 0.035142 59 68 65
0.002399 0.000399 0.035160 58 67 64
0.004535 0.000717 0.035203 57 66 63
-0.003713 -0.000714 0.034854 59 70 66
-0.001596 -0.000287 0.034814 58 69 65
0.000532 0.000096 0.034807 58 67 64
0.002667 0.000443 0.034829 58 67 64
0.004805 0.000757 0.034874 57 66 63
-0.004518 -0.000864 0.034527 59 70 66
-0.002393 -0.000442 0.034488 58 69 65
-0.000266 -0.000045 0.034469 58 69 65
0.001866 0.000318 0.034480 58 67 64
0.004007 0.000641 0.034519 57 66 63
-0.003990 -0.000756 0.034177 59 70 66
-0.001868 -0.000331 0.034136 58 69 65
0.000263 0.000055 0.034128 58 67 64
0.002397 0.000415 0.034145 58 67 64
0.004537 0.000734 0.034190 57 66 63
-0.004257 -0.000812 0.033846 59 70 66
-0.002135 -0.000383 0.033801 58 69 65
-0.000003 0.000009 0.033789 58 67 64
0.002131 0.000373 0.033803 58 67 64
0.004272 0.000697 0.033845 57 66 63
-0.002934 -0.000537 0.033475 58 69 65
-0.000806 -0.000131 0.033446 58 69 65
0.001322 0.000256 0.033444 58 67 64
0.003438 0.000647 0.033450 58 67 64
-0.004264 -0.000809 0.033167 58 69 65
-0.002140 -0.000379 0.033118 58 69 65
-0.000007 0.000016 0.033103 58 67 64
0.002118 0.000404 0.033106 58 67 64
0.004206 0.000845 0.033084 57 66 63
-0.003736 -0.000699 0.032813 58 69 65
-0.001611 -0.000272 0.032768 58 69 65
0.000514 0.000135 0.032750 58 67 64
0.002600 0.000599 0.032708 58 67 64
0.004558 0.001299 0.032521 57 66 63
-0.003738 -0.000699 0.032473 58 69 65
-0.001612 -0.000272 0.032427 57 68 64
0.000515 0.000135 0.032409 58 67 64
0.002601 0.000600 0.032368 58 67 64
0.004560 0.001300 0.032180 57 66 63
-0.004012 -0.000742 0.032138 58 69 65
-0.001896 -0.000291 0.032078 58 69 65
0.000218 0.000145 0.032037 58 67 64
0.002263 0.000699 0.031934 58 67 64
0.004121 0.001597 0.031589 57 66 63
-0.004560 -0.000830 0.031798 58 69 65
-0.002426 -0.000402 0.031750 58 69 65
-0.000307 0.000031 0.031707 57 68 64
0.001761 0.000547 0.031627 58 67 64
0.003676 0.001342 0.031357 57 66 63
-0.003504 -0.000590 0.031435 58 69 65
-0.001420 -0.000076 0.031338 57 68 64
0.000646 0.000456 0.031241 58 67 64
0.002560 0.001267 0.030962 58 67 64
0.004221 0.002547 0.030304 57 66 63
-0.002731 -0.000382 0.031048 58 69 65
-0.000648 0.000130 0.030954 57 68 64
0.001356 0.000779 0.030783 58 67 64
0.003142 0.001832 0.030320 58 67 64
0.004995 0.002761 0.029958 57 66 63
-0.004350 -0.000673 0.030739 58 69 65
-0.002305 -0.000068 0.030593 57 68 64
-0.000298 0.000594 0.030408 58 67 64
0.001601 0.001455 0.030105 58 67 64
0.003242 0.002793 0.029416 57 66 63
0.005261 0.003420 0.029291 56 65 62
-0.003560 -0.000490 0.030374 58 69 65
-0.001535 0.000146 0.030197 57 68 64
0.000468 0.000814 0.030015 58 67 64
0.002320 0.001766 0.029652 58 67 64
0.003889 0.003235 0.028829 57 66 63
0.006072 0.003564 0.028987 56 65 62
-0.003174 -0.000106 0.029858 57 68 64
-0.001283 0.000775 0.029485 57 68 64
0.000616 0.001654 0.029170 57 66 63
0.002489 0.002599 0.028866 57 66 63
0.004170 0.003849 0.028150 56 65 62
-0.002490 0.000267 0.029338 56 67 63
-0.000615 0.001186 0.028959 57 66 63
0.001299 0.002055 0.028696 57 66 63
0.003060 0.003190 0.028169 56 65 62
0.005129 0.003713 0.028056 56 65 62
-0.003855 0.000025 0.028964 58 67 64
-0.002081 0.001125 0.028407 57 66 63
-0.000389 0.002384 0.027748 56 65 62
0.001549 0.003238 0.027524 56 65 62
0.003262 0.004439 0.026818 56 65 60
-0.002941 0.000528 0.028390 56 65 62
-0.001243 0.001765 0.027716 56 65 62
0.000534 0.002898 0.027210 56 65 62
0.002466 0.003740 0.026927 55 64 61
0.004330 0.004648 0.026430 55 64 59
-0.004107 0.000440 0.027880 56 65 62
-0.002459 0.001766 0.027107 56 65 62
-0.000937 0.003340 0.026153 55 64 61
0.000784 0.004606 0.025553 55 64 61
0.002602 0.005643 0.024986 55 64 59
-0.003118 0.001337 0.026994 56 65 62
-0.001596 0.002907 0.026032 55 64 61
-0.000012 0.004411 0.025204 55 64 61
0.001904 0.005293 0.024823 55 64 59
0.004114 0.005583 0.024850 55 64 59
-0.004007 0.001276 0.026470 56 65 62
-0.002529 0.002913 0.025411 56 65 62
-0.001204 0.004869 0.024132 55 64 59
0.000524 0.006148 0.023501 55 64 59
0.002364 0.007162 0.022915 55 64 59
-0.004415 0.000932 0.026329 56 65 62
-0.002879 0.002464 0.025351 56 65 62
-0.001473 0.004265 0.024190 55 64 59
-0.000015 0.006031 0.023142 55 64 59
0.001909 0.006908 0.022710 55 64 59
-0.005116 0.001061 0.025695 56 65 62
-0.003620 0.002663 0.024631 56 65 62
-0.002275 0.004584 0.023372 55 64 59
-0.001310 0.007245 0.021530 55 64 59
0.000928 0.007601 0.021622 55 64 59
0.003167 0.007900 0.021687 55 64 59
-0.005389 0.001003 0.025351 57 66 63
-0.003894 0.002611 0.024281 56 65 62
-0.002551 0.004536 0.023016 55 64 59
-0.001588 0.007202 0.021167 55 64 59
0.000651 0.007562 0.021256 55 64 59
0.002890 0.007867 0.021317 55 64 59
-0.005622 0.001372 0.024603 56 65 62
-0.004217 0.003144 0.023387 56 65 62
-0.002849 0.005051 0.022173 55 64 61
-0.001909 0.007776 0.020284 55 64 59
0.000292 0.008248 0.020358 55 64 59
0.002685 0.008321 0.020728 55 64 59
-0.005355 0.001431 0.024240 56 65 62
-0.003946 0.003202 0.023024 56 65 62
-0.002576 0.005107 0.021810 55 64 61
-0.001632 0.007831 0.019919 55 64 59
0.000571 0.008299 0.019996 55 64 59
0.002965 0.008367 0.020371 55 64 59
-0.005118 0.002570 0.022954 56 65 62
-0.003805 0.004553 0.021621 56 65 62
-0.002554 0.006716 0.020228 55 64 59
-0.001116 0.008582 0.019094 55 64 59
0.001047 0.009171 0.019178 55 64 59
0.003866 0.008438 0.020249 55 64 59
-0.005799 0.001645 0.023255 56 65 62
-0.004436 0.003504 0.021960 56 65 62
-0.003104 0.005495 0.020684 55 64 61
-0.002173 0.008246 0.018742 55 64 59
-0.000103 0.009013 0.018664 55 64 59
0.002499 0.008747 0.019414 55 64 59
-0.004960 0.002810 0.022050 56 65 62
-0.003727 0.004944 0.020583 56 65 62
-0.002524 0.007201 0.019084 55 64 59
-0.001336 0.009533 0.017525 55 64 59
0.000868 0.010044 0.017613 55 64 59
-0.005237 0.002755 0.021698 56 65 62
-0.004005 0.004894 0.020224 56 65 62
-0.002804 0.007155 0.018720 55 64 59
-0.001617 0.009493 0.017153 55 64 59
0.000587 0.010008 0.017238 55 64 59
0.003552 0.009004 0.018500 55 64 59
-0.005014 0.002893 0.021253 56 65 62
-0.003893 0.005229 0.019598 56 65 62
-0.002903 0.007879 0.017751 55 64 59
-0.001673 0.010146 0.016212 55 64 59
0.000522 0.010620 0.016135 55 64 59
-0.005921 0.001822 0.021647 56 65 62
-0.004673 0.003893 0.020147 56 65 62
-0.003654 0.006457 0.018358 55 64 61
-0.002841 0.009454 0.016187 55 64 59
-0.000980 0.010572 0.015598 55 64 59
0.001796 0.009944 0.016464 55 64 59
-0.005031 0.003440 0.020079 56 65 62
-0.004247 0.006402 0.017909 56 65 62
-0.003507 0.009556 0.015684 55 64 59
-0.001569 0.010521 0.015168 55 64 59
0.000897 0.010456 0.015450 55 64 59
-0.005062 0.002960 0.020102 56 65 62
-0.004118 0.005616 0.018154 56 65 62
-0.003421 0.008831 0.015864 55 64 59
-0.001801 0.010400 0.014903 55 64 59
0.000453 0.010731 0.014819 55 64 59
-0.005170 0.003666 0.019133 56 65 62
-0.004877 0.007510 0.016195 56 65 62
-0.003788 0.010118 0.014615 55 64 59
-0.001414 0.010265 0.014706 55 64 59
0.000981 0.010315 0.014838 55 64 59
-0.005709 0.001955 0.020110 56 65 62
-0.004700 0.004451 0.018208 56 65 62
-0.004557 0.008615 0.015050 55 64 61
-0.002957 0.010313 0.014229 55 64 59
-0.000596 0.010444 0.014244 55 64 59
-0.005351 0.003965 0.018120 56 65 62
-0.005676 0.008928 0.014231 56 65 62
-0.003941 0.010432 0.013701 55 64 59
-0.001199 0.009888 0.014319 55 64 59
0.001129 0.010058 0.014336 55 64 59
-0.005355 0.003968 0.017754 56 65 62
-0.005680 0.008934 0.013855 56 65 62
-0.003943 0.010440 0.013324 55 64 59
-0.001200 0.009895 0.013943 55 64 59
0.001130 0.010065 0.013961 55 64 59
-0.006075 0.001521 0.019349 57 66 63
-0.005308 0.004401 0.016995 56 65 62
-0.006007 0.010070 0.012533 56 65 62
-0.003934 0.010909 0.012334 55 64 59
-0.000987 0.009997 0.013300 55 64 59
-0.005786 0.002584 0.018111 56 65 62
-0.005897 0.007053 0.014411 56 65 62
-0.006073 0.011918 0.010811 55 64 59
-0.002512 0.010000 0.012812 55 64 59
-0.000152 0.010147 0.012869 55 64 59
-0.005988 0.001887 0.018346 56 65 62
-0.006049 0.006198 0.014627 56 65 62
-0.006464 0.011437 0.010612 55 64 61
-0.003415 0.010445 0.011759 55 64 59
-0.000800 0.010167 0.012267 55 64 59
-0.005718 0.001948 0.017973 56 65 62
-0.005774 0.006260 0.014247 56 65 62
-0.006185 0.011504 0.010223 55 64 61
-0.003133 0.010505 0.011378 55 64 59
-0.000516 0.010220 0.011892 55 64 59
-0.005883 0.003802 0.016018 56 65 62
-0.006660 0.009488 0.011219 56 65 62
-0.005043 0.011100 0.010169 55 64 59
-0.002038 0.010147 0.011267 55 64 59
0.000487 0.010047 0.011722 55 64 59
-0.005754 0.002532 0.016774 56 65 62
-0.006502 0.008086 0.011951 56 65 62
-0.005866 0.011455 0.009416 55 64 59
-0.002696 0.010224 0.010752 55 64 59
-0.000204 0.010193 0.011124 55 64 59
-0.005675 0.002393 0.016538 56 65 62
-0.006675 0.008403 0.011343 56 65 62
-0.005577 0.010917 0.009447 55 64 59
-0.002688 0.010193 0.010347 55 64 59
-0.000190 0.010159 0.010740 55 64 59
-0.005701 0.004019 0.014787 56 65 62
-0.006478 0.009722 0.009938 56 65 62
-0.004536 0.010740 0.009345 55 64 59
-0.001770 0.010218 0.010068 55 64 59
-0.005461 0.002536 0.015685 56 65 62
-0.006561 0.008749 0.010324 56 65 62
-0.005111 0.010647 0.008973 55 64 59
-0.002376 0.010207 0.009650 55 64 59
0.000137 0.010142 0.010058 55 64 59
-0.006200 0.004328 0.013710 56 65 62
-0.006802 0.009728 0.009115 56 65 62
-0.004685 0.010449 0.008813 55 64 59
-0.002037 0.010156 0.009347 55 64 59
0.000604 0.009855 0.009992 55 64 59
-0.005950 0.002326 0.015127 56 65 62
-0.006737 0.008030 0.010386 56 65 62
-0.005605 0.010439 0.008417 54 63 60
-0.002993 0.010235 0.008878 55 64 59
-0.000544 0.010281 0.009116 55 64 59
-0.006230 0.002267 0.014768 56 65 62
-0.007023 0.007976 0.010014 56 65 62
-0.005893 0.010390 0.008037 55 64 61
-0.003280 0.010192 0.008494 55 64 59
-0.000830 0.010244 0.008728 55 64 59
-0.006871 0.008901 0.009174 56 65 62
-0.005127 0.010177 0.008016 55 64 59
-0.002593 0.010081 0.008299 55 64 59
-0.000118 0.010081 0.008594 55 64 59
-0.005713 0.010109 0.007653 55 64 61
-0.003195 0.010062 0.007904 55 64 59
-0.000835 0.010269 0.007960 55 64 59
-0.005250 0.009872 0.007602 55 64 61
-0.002817 0.009929 0.007636 55 64 59
-0.000597 0.010373 0.007430 55 64 59
-0.006549 0.009504 0.007774 55 66 60
-0.004362 0.009925 0.007147 55 64 59
-0.002015 0.010139 0.007084 55 64 59
-0.004591 0.009777 0.006872 55 64 59
-0.002236 0.009971 0.006796 55 64 59
-0.006248 0.009585 0.007159 57 70 63
-0.003997 0.009819 0.006469 54 65 59
-0.001721 0.010153 0.006273 55 64 59
-0.004929 0.009461 0.006953 56 69 60
-0.002532 0.009525 0.006774 55 66 60
-0.000441 0.010121 0.006169 55 66 60
-0.004932 0.009468 0.006566 56 69 59
-0.002534 0.009532 0.006387 55 66 60
-0.000442 0.010129 0.005781 55 66 60
-0.004109 0.009750 0.006235 55 68 59
-0.001603 0.009562 0.006148 55 66 58
-0.004454 0.009857 0.005888 54 67 57
-0.001861 0.009520 0.005917 54 65 57
0.000495 0.009546 0.005616 54 65 57
-0.004242 0.010586 0.004825 51 64 55
-0.001440 0.009817 0.005108 52 65 56
-0.005209 0.010670 0.004428 50 63 53
-0.002341 0.009814 0.004780 50 63 54
-0.005398 0.011563 0.003204 49 62 52
-0.002462 0.010561 0.003598 50 63 54
-0.003889 0.011006 0.003067 48 61 52
-0.001132 0.010276 0.003217 49 62 52
-0.004230 0.011590 0.002030 52 64 54
-0.001545 0.010978 0.001999 51 63 53
-0.005263 0.011806 0.001551 55 67 57
-0.002559 0.011196 0.001511 55 67 57
-0.005378 0.012018 0.000980 60 70 61
-0.002973 0.011976 0.000443 58 68 57
-0.004174 0.012007 0.000305 63 73 62
-0.001437 0.011319 0.000405 54 64 53
-0.004381 0.012453 -0.000295 69 77 64
-0.001591 0.011727 -0.000048 56 66 55
-0.005517 0.012318 -0.000331 60 68 57
-0.003160 0.012425 -0.000885 55 65 54
-0.005931 0.012559 -0.000749 54 60 50
-0.003614 0.012788 -0.001330 54 62 49
-0.000309 0.011098 -0.000149 41 49 36
-0.005222 0.012922 -0.001688 49 55 43
-0.002456 0.012295 -0.001508 41 49 36
-0.005491 0.013411 -0.002538 42 48 34
-0.002509 0.012401 -0.001993 34 40 26
-0.004067 0.013048 -0.002793 34 41 23
-0.000578 0.011032 -0.001317 21 28 12
-0.004726 0.013719 -0.003701 42 50 29
-0.001370 0.011988 -0.002481 33 38 18
-0.006242 0.013643 -0.003906 45 49 32
-0.003481 0.013085 -0.003748 50 55 33
-0.006279 0.013161 -0.003788 51 54 35
-0.004074 0.013650 -0.004541 58 63 40
-0.000439 0.011374 -0.002796 54 59 36
-0.005832 0.014024 -0.005159 60 66 40
-0.002716 0.012798 -0.004382 65 69 46
-0.006030 0.013852 -0.005264 64 68 43
-0.003294 0.013350 -0.005142 74 78 51
-0.005175 0.013965 -0.005976 90 95 65
-0.001744 0.012129 -0.004634 93 98 68
-0.005182 0.013987 -0.006384 113 116 85
-0.001701 0.012060 -0.004958 116 121 89
-0.006352 0.013855 -0.006508 127 130 101
-0.003543 0.013236 -0.006269 138 142 109
-0.006405 0.013957 -0.006991 150 153 122
-0.003512 0.013192 -0.006607 160 164 129
-0.005229 0.014090 -0.007669 176 181 141
-0.001649 0.011991 -0.006065 183 188 148
-0.004983 0.014247 -0.008152 183 185 145
-0.001337 0.012022 -0.006421 188 191 148
-0.005994 0.014363 -0.008632 182 184 144
-0.002597 0.012650 -0.007372 188 194 150
-0.005040 0.014355 -0.009081 188 191 144
-0.001360 0.012071 -0.007289 194 198 148
-0.005340 0.014309 -0.009492 191 193 144
-0.001656 0.012034 -0.007704 195 199 149
-0.006532 0.014192 -0.009673 191 194 147
-0.003613 0.013401 -0.009254 199 201 151
-0.006537 0.014204 -0.010090 185 187 138
-0.003616 0.013412 -0.009670 193 196 143
-0.005354 0.014341 -0.010760 181 181 129
-0.001813 0.012368 -0.009172 191 194 141
-0.005061 0.014411 -0.011184 177 177 123
-0.001519 0.012426 -0.009582 189 192 137
-0.005886 0.014199 -0.011298 167 167 113
-0.002620 0.012815 -0.010131 178 183 129
-0.005219 0.014142 -0.011687 163 164 107
-0.001766 0.012394 -0.010156 180 183 126
-0.005671 0.013853 -0.011666 160 163 106
-0.002308 0.012327 -0.010251 176 179 124
-0.004688 0.013827 -0.012009 168 169 112
-0.001214 0.012063 -0.010364 185 191 131
-0.004469 0.013430 -0.012043 167 170 113
-0.000932 0.011522 -0.010310 189 194 136
-0.005483 0.013522 -0.012580 166 170 111
-0.002015 0.011790 -0.010993 181 184 129
-0.005029 0.013265 -0.012799 166 171 113
-0.001587 0.011538 -0.011296 185 190 134
-0.005494 0.012952 -0.012903 168 173 115
-0.002454 0.012005 -0.012101 175 180 124
-0.004818 0.012847 -0.013351 165 173 116
-0.001567 0.011461 -0.012189 182 187 131
-0.005293 0.012549 -0.013480 167 175 118
-0.002393 0.011854 -0.012920 173 178 124
-0.005720 0.010906 -0.012642 166 174 117
-0.003893 0.012287 -0.013761 166 173 119
-0.000975 0.011635 -0.012902 188 193 137
0.001603 0.011695 -0.012343 179 183 132
-0.005724 0.010915 -0.013061 166 174 117
-0.003896 0.012297 -0.014182 167 174 120
-0.000975 0.011644 -0.013321 187 192 136
0.001604 0.011705 -0.012761 180 184 133
-0.008599 0.009365 -0.013225 175 184 129
-0.006394 0.010182 -0.013441 160 169 114
-0.004489 0.011550 -0.014145 166 171 117
-0.001845 0.011576 -0.013489 171 176 122
0.000803 0.011552 -0.012775 183 187 136
-0.008165 0.009769 -0.013899 166 175 122
-0.005839 0.010384 -0.013891 159 166 114
-0.003917 0.011723 -0.014569 164 169 115
-0.001217 0.011656 -0.013773 174 178 127
0.001363 0.011731 -0.013228 178 182 131
-0.009498 0.006676 -0.012522 164 172 121
-0.008148 0.009006 -0.014091 160 168 117
-0.006007 0.009981 -0.014319 155 164 111
-0.003996 0.011141 -0.014860 160 167 115
-0.001445 0.011330 -0.014365 164 171 119
0.001188 0.011369 -0.013599 177 184 133
-0.009916 0.005149 -0.011583 148 156 107
-0.008771 0.007702 -0.013700 154 162 111
-0.007229 0.009761 -0.014878 154 162 111
-0.004947 0.010473 -0.014887 151 158 106
-0.002710 0.011204 -0.015058 152 159 107
-0.000142 0.011401 -0.014410 171 178 126
0.002260 0.011821 -0.014143 169 176 125
-0.009781 0.005433 -0.012340 145 152 108
-0.008807 0.008333 -0.014676 146 154 107
-0.006818 0.009540 -0.015250 151 159 110
-0.004655 0.010394 -0.015599 150 157 106
-0.002235 0.010785 -0.015426 146 153 102
0.000265 0.011122 -0.014857 172 179 128
0.002560 0.011800 -0.014677 168 174 126
-0.009990 0.004668 -0.012074 140 147 103
-0.008906 0.007317 -0.014307 144 151 107
-0.007448 0.009474 -0.015740 148 156 109
-0.005146 0.010100 -0.015827 147 153 105
-0.002839 0.010674 -0.015924 150 157 106
-0.000411 0.011146 -0.015515 164 171 120
0.002013 0.011596 -0.015093 168 174 126
-0.009391 0.005830 -0.013601 149 156 114
-0.008272 0.008489 -0.015723 144 151 109
-0.006148 0.009432 -0.016118 153 160 116
-0.004137 0.010528 -0.016789 158 166 117
-0.001672 0.010911 -0.016397 152 160 111
0.000883 0.011197 -0.015634 177 185 136
-0.009398 0.005835 -0.014018 147 154 113
-0.008278 0.008496 -0.016146 141 148 106
-0.006153 0.009440 -0.016541 153 160 116
-0.004140 0.010537 -0.017215 159 167 118
-0.001673 0.010919 -0.016822 152 160 111
0.000883 0.011206 -0.016057 177 185 136
-0.009282 0.003908 -0.012790 144 151 110
-0.008187 0.006509 -0.015056 136 143 102
-0.006870 0.008874 -0.016806 148 155 113
-0.004836 0.009960 -0.017385 153 161 114
-0.002816 0.011113 -0.017916 150 158 111
-0.000361 0.011703 -0.017208 167 175 128
0.002053 0.012347 -0.016541 164 171 127
-0.009147 0.005328 -0.014532 145 151 113
-0.008145 0.008190 -0.016872 138 145 104
-0.006084 0.009252 -0.017376 155 162 120
-0.004390 0.010942 -0.018604 164 172 125
-0.001957 0.011485 -0.018145 152 160 113
0.000666 0.011771 -0.017080 178 186 139
0.002764 0.012991 -0.017052 160 167 123
-0.008740 0.004004 -0.013853 144 150 112
-0.008118 0.007484 -0.016867 137 143 105
-0.006216 0.008843 -0.017603 155 162 121
-0.004870 0.011201 -0.019390 158 165 121
-0.000107 0.012692 -0.018291 171 178 134
0.002204 0.013543 -0.017841 159 166 124
-0.009246 0.003196 -0.013573 147 153 115
-0.008225 0.005921 -0.015967 136 142 104
-0.007047 0.008546 -0.017934 148 154 116
-0.005376 0.010322 -0.019119 146 153 111
-0.001153 0.012732 -0.019179 156 163 119
0.001443 0.013081 -0.018154 159 166 124
0.003796 0.013705 -0.017867 155 162 120
-0.008680 0.003363 -0.013981 147 153 115
-0.008313 0.007291 -0.017413 135 141 103
-0.006506 0.008829 -0.018308 154 161 120
0.001666 0.014033 -0.019065 153 160 119
-0.008611 0.002690 -0.013738 149 155 117
-0.007657 0.005540 -0.016231 136 142 104
-0.006685 0.008540 -0.018552 150 156 118
0.001507 0.013661 -0.019358 151 158 117
-0.007978 0.003949 -0.014878 146 152 114
-0.007681 0.008056 -0.018423 141 147 109
-0.005954 0.009735 -0.019524 149 156 115
-0.008903 0.001626 -0.013267 150 156 118
-0.007877 0.004329 -0.015633 139 145 107
-0.007451 0.008238 -0.018948 140 146 108
-0.007809 0.003699 -0.015292 137 144 102
-0.007558 0.007880 -0.018943 134 141 100
-0.008167 0.002064 -0.014259 136 143 101
-0.007195 0.004908 -0.016690 126 133 91
-0.006532 0.008414 -0.019652 137 144 100
-0.008055 0.001870 -0.014465 131 138 96
-0.007046 0.004652 -0.016827 121 128 84
-0.008345 0.001250 -0.014329 126 133 89
-0.007280 0.003906 -0.016621 122 130 81
-0.008073 0.002450 -0.015803 129 139 89
-0.007889 0.006706 -0.019604 124 134 84
-0.008079 0.002452 -0.016221 134 144 92
-0.008056 0.000771 -0.014969 135 144 91
-0.007066 0.003545 -0.017424 137 146 93
-0.007883 0.002125 -0.016649 143 152 99
-0.007056 0.001293 -0.016081 150 157 106
-0.007511 0.000393 -0.015719 160 167 116
-0.006466 0.000291 -0.015826 179 188 133
-0.006743 0.001314 -0.017241 194 203 146
-0.006298 -0.000560 -0.015811 204 215 157
-0.006702 -0.002083 -0.014847 219 229 177
-0.005931 -0.002301 -0.014939 215 227 181
-0.006170 -0.003000 -0.014729 215 230 191
-0.006013 -0.005449 -0.012832 219 236 204
-0.005155 -0.002524 -0.015398 210 230 193
-0.005780 -0.004762 -0.013829 211 229 203
-0.004982 -0.001717 -0.016534 210 231 200
-0.005342 -0.006038 -0.012939 208 226 210
-0.004128 -0.003711 -0.014846 207 229 208
-0.002677 -0.001762 -0.016418 208 231 205
-0.004618 -0.004535 -0.014579 207 228 213
-0.003142 -0.002633 -0.016081 210 229 209
-0.003674 -0.004957 -0.014145 208 229 214
-0.002131 -0.003173 -0.015508 208 229 210
-0.003676 -0.004961 -0.014554 208 229 212
-0.002132 -0.003176 -0.015920 208 230 209
-0.002152 -0.004076 -0.014944 210 229 207
-0.003032 -0.005347 -0.014357 211 230 210
-0.001616 -0.003339 -0.015959 210 228 206
-0.001756 -0.003023 -0.016873 210 223 206
-0.002197 -0.004549 -0.016074 209 221 207
-0.001858 -0.004029 -0.016928 208 219 203
-0.002931 -0.006693 -0.015245 209 220 203
-0.001422 -0.004843 -0.016648 206 217 200
-0.001997 -0.005519 -0.016522 209 220 203
-0.001225 -0.005694 -0.016462 213 224 207
-0.001225 -0.005698 -0.016873 215 226 209
-0.001318 -0.004251 -0.018555 224 233 216
0.004248 0.000076 0.038444 90 102 88
0.000787 0.000059 0.038123 94 107 90
0.002934 0.000030 0.038134 91 104 86
-0.001625 0.000039 0.037817 93 103 94
0.000519 0.000061 0.037789 93 106 89
0.002667 0.000035 0.037797 91 104 86
0.004816 -0.000030 0.037838 88 100 88
-0.004855 -0.000048 0.037519 92 102 93
-0.002702 -0.000000 0.037466 92 102 93
-0.000551 0.000027 0.037448 93 104 90
0.001601 0.000019 0.037458 92 105 87
0.003754 -0.000024 0.037502 89 101 87
-0.004319 -0.000034 0.037170 92 102 93
-0.002166 0.000009 0.037125 92 102 93
-0.000012 0.000027 0.037115 92 105 88
0.002141 0.000009 0.037134 91 104 86
0.004294 -0.000039 0.037181 89 101 89
-0.003775 -0.000043 0.036838 92 102 93
-0.001626 0.000008 0.036788 92 102 91
0.000528 0.000020 0.036786 91 104 87
0.002686 -0.000012 0.036823 89 102 85
0.004834 -0.000057 0.036862 87 99 87
-0.003240 -0.000029 0.036487 91 101 92
-0.001089 0.000017 0.036447 92 102 91
0.001068 0.000016 0.036456 89 102 85
0.003226 -0.000020 0.036497 88 100 86
-0.004315 -0.000068 0.036192 91 101 92
-0.002161 -0.000013 0.036144 91 101 92
-0.000008 0.000015 0.036123 89 101 87
0.002151 -0.000003 0.036145 87 100 83
0.004303 -0.000046 0.036180 86 98 86
-0.004317 -0.000068 0.035856 91 101 92
-0.002162 -0.000014 0.035808 91 101 92
-0.000008 0.000015 0.035787 88 100 86
0.002152 -0.000003 0.035809 86 99 82
0.004306 -0.000046 0.035845 86 98 86
-0.003509 -0.000047 0.035506 91 101 92
-0.001355 0.000002 0.035459 91 101 92
0.000800 0.000017 0.035445 85 97 83
0.002961 -0.000017 0.035476 85 97 83
-0.004052 -0.000062 0.035181 90 100 91
-0.001894 -0.000010 0.035133 91 101 92
0.000260 0.000019 0.035106 85 97 83
0.002421 -0.000003 0.035126 84 96 82
0.004579 -0.000054 0.035171 85 97 85
-0.003783 -0.000056 0.034840 90 100 91
-0.001630 0.000003 0.034779 90 100 91
0.000525 0.000028 0.034748 83 95 83
0.002688 -0.000002 0.034771 84 96 82
0.004851 -0.000060 0.034836 84 96 84
-0.004598 -0.000078 0.034520 90 100 91
-0.002436 -0.000021 0.034467 90 100 91
-0.000284 0.000025 0.034417 87 97 86
0.001876 0.000016 0.034417 82 94 80
0.004038 -0.000024 0.034459 84 96 86
-0.004058 -0.000065 0.034172 90 100 91
-0.001897 -0.000012 0.034123 90 100 91
0.000256 0.000025 0.034075 83 95 83
0.002418 0.000005 0.034080 82 94 80
0.004580 -0.000039 0.034129 83 95 85
-0.004331 -0.000074 0.033841 89 99 90
-0.002169 -0.000016 0.033787 90 100 91
-0.000015 0.000025 0.033736 84 96 84
0.002149 0.000009 0.033737 81 93 79
0.004312 -0.000030 0.033783 83 95 85
-0.002977 -0.000041 0.033482 90 100 91
-0.000817 0.000005 0.033434 90 100 91
0.001343 0.000012 0.033409 81 93 79
0.003506 -0.000018 0.033434 82 94 82
-0.004335 -0.000076 0.033166 89 99 90
-0.002167 -0.000023 0.033125 90 100 91
-0.000010 0.000017 0.033074 84 96 84
0.002156 0.000001 0.033073 82 94 80
0.004316 -0.000026 0.033103 83 95 85
-0.003794 -0.000062 0.032819 89 99 90
-0.001626 -0.000012 0.032783 89 99 90
0.000534 0.000017 0.032743 82 94 82
0.002702 -0.000009 0.032753 83 95 83
0.004856 -0.000020 0.032773 83 95 85
-0.003797 -0.000062 0.032479 89 99 90
-0.001627 -0.000012 0.032443 89 99 90
0.000534 0.000017 0.032403 82 94 82
0.002703 -0.000009 0.032412 83 95 83
0.004859 -0.000020 0.032432 83 95 85
-0.004070 -0.000071 0.032143 89 99 90
-0.001897 -0.000019 0.032117 91 98 90
0.000265 0.000020 0.032074 83 95 81
0.002433 0.000000 0.032070 83 95 83
0.004581 0.000018 0.032065 84 95 87
-0.004619 -0.000084 0.031810 89 99 90
-0.002441 -0.000030 0.031782 91 98 90
-0.000276 0.000015 0.031742 87 97 86
0.001892 0.000008 0.031725 84 96 84
0.004046 0.000019 0.031720 85 95 86
-0.003532 -0.000054 0.031450 89 99 90
-0.001358 -0.000003 0.031425 89 99 90
0.000807 0.000023 0.031388 84 96 82
0.002975 0.000017 0.031395 85 97 85
-0.004896 -0.000095 0.031135 88 98 89
-0.002717 -0.000032 0.031102 89 99 90
-0.000548 0.000018 0.031061 87 99 89
0.001621 0.000021 0.031041 85 97 85
0.003766 0.000080 0.031010 86 96 87
-0.004353 -0.000081 0.030783 88 100 90
-0.002176 -0.000016 0.030747 89 99 90
-0.000009 0.000032 0.030703 87 97 86
0.002159 0.000054 0.030704 86 98 86
0.004295 0.000139 0.030663 86 98 88
-0.003539 -0.000052 0.030420 88 100 90
-0.001362 0.000001 0.030391 89 99 90
0.000806 0.000036 0.030355 85 97 83
0.002973 0.000057 0.030370 87 99 87
-0.002999 -0.000031 0.030063 89 99 90
-0.000823 0.000018 0.030027 88 98 89
0.001333 0.000094 0.029983 85 97 85
0.003484 0.000176 0.029978 85 97 85
-0.004361 -0.000081 0.029750 87 97 88
-0.002183 -0.000012 0.029708 88 95 87
-0.000016 0.000051 0.029655 84 94 83
0.002142 0.000134 0.029642 83 95 83
0.004291 0.000201 0.029625 83 95 85
-0.003547 -0.000050 0.029382 89 97 86
-0.001369 0.000009 0.029342 89 95 85
0.000774 0.000139 0.029255 82 92 81
0.002912 0.000292 0.029219 82 94 82
0.005079 0.000287 0.029237 81 93 83
-0.004642 -0.000086 0.029062 86 96 85
-0.002460 -0.000015 0.029015 89 95 85
-0.000291 0.000053 0.028961 85 91 81
0.001834 0.000245 0.028863 79 91 79
0.003986 0.000336 0.028858 80 92 80
-0.003552 -0.000049 0.028689 89 95 85
-0.001375 0.000020 0.028642 89 92 83
0.000746 0.000227 0.028503 79 89 78
0.002843 0.000512 0.028362 79 91 79
0.005025 0.000484 0.028413 79 91 79
-0.004373 -0.000079 0.028365 87 95 84
-0.002193 -0.000001 0.028311 91 94 85
-0.000047 0.000145 0.028208 82 90 79
0.002034 0.000481 0.028016 78 90 78
0.004205 0.000522 0.028042 79 91 79
-0.003013 -0.000025 0.027979 88 94 84
-0.000844 0.000071 0.027917 88 91 82
0.001225 0.000442 0.027668 79 89 78
0.003305 0.000777 0.027479 79 91 79
-0.003560 -0.000047 0.027647 89 95 85
-0.001384 0.000040 0.027590 88 91 82
0.000721 0.000311 0.027408 78 88 77
0.002773 0.000739 0.027146 79 91 79
0.004964 0.000707 0.027202 79 91 79
-0.004109 -0.000067 0.027313 88 96 85
-0.001933 0.000035 0.027248 87 93 83
0.000191 0.000259 0.027099 79 89 78
0.002191 0.000846 0.026704 78 90 78
0.004351 0.000933 0.026684 79 91 79
-0.004386 -0.000076 0.026971 87 95 84
-0.002208 0.000031 0.026903 89 95 85
-0.000083 0.000260 0.026750 80 90 79
0.001918 0.000850 0.026351 78 90 78
0.004079 0.000942 0.026327 79 91 79
-0.004389 -0.000073 0.026621 84 94 83
-0.002216 0.000050 0.026544 89 92 83
-0.000104 0.000323 0.026356 79 89 78
0.001864 0.001018 0.025881 78 90 78
0.004018 0.001137 0.025827 79 91 79
-0.004118 -0.000064 0.026264 85 95 84
-0.001943 0.000054 0.026191 89 92 83
0.000171 0.000324 0.026006 80 90 79
0.002141 0.001015 0.025533 78 90 78
0.004296 0.001130 0.025483 79 91 79
-0.003304 -0.000016 0.025884 88 96 85
-0.001152 0.000163 0.025771 87 93 83
0.000844 0.000781 0.025336 77 89 77
0.002830 0.001436 0.024890 79 91 79
0.005035 0.001394 0.024947 79 91 79
-0.004398 -0.000071 0.025571 85 95 84
-0.002222 0.000058 0.025490 87 93 83
-0.000122 0.000377 0.025267 80 90 79
0.001806 0.001213 0.024691 78 90 78
0.003952 0.001370 0.024601 79 91 79
-0.003032 -0.000011 0.025182 87 95 84
-0.000874 0.000162 0.025086 85 93 82
0.001089 0.000893 0.024579 78 90 78
0.003043 0.001666 0.024060 79 91 79
0.005222 0.001731 0.024065 79 91 79
-0.003309 -0.000018 0.024836 88 96 85
-0.001150 0.000159 0.024736 85 93 82
0.000814 0.000895 0.024224 78 90 78
0.002768 0.001673 0.023701 79 91 79
0.004949 0.001743 0.023702 79 91 79
-0.003036 -0.000011 0.024482 87 95 82
-0.000871 0.000162 0.024402 84 92 81
0.001068 0.000985 0.023847 77 89 77
0.002972 0.001923 0.023203 79 91 79
0.005119 0.002103 0.023118 79 91 79
-0.004409 -0.000071 0.024167 85 96 82
-0.002223 0.000053 0.024104 87 95 84
-0.000128 0.000427 0.023881 81 91 80
0.001712 0.001554 0.023094 78 90 78
0.003781 0.001998 0.022824 79 91 79
0.005901 0.002268 0.022683 79 91 79
-0.002771 0.000020 0.023759 85 96 82
-0.000633 0.000279 0.023625 82 93 79
0.001227 0.001351 0.022886 78 90 78
0.003189 0.002136 0.022364 79 91 79
0.005213 0.002789 0.022049 79 91 79
0.007189 0.003606 0.021614 78 90 78
-0.003043 -0.000008 0.023418 85 96 82
-0.000878 0.000177 0.023329 82 93 79
0.001056 0.001033 0.022756 78 90 78
0.002947 0.002028 0.022068 79 91 79
0.005004 0.002563 0.021810 79 91 79
0.007040 0.003200 0.021536 79 91 79
-0.002775 0.000018 0.023045 84 95 81
-0.000639 0.000286 0.022894 81 92 78
0.001211 0.001395 0.022122 78 90 78
0.003139 0.002323 0.021541 79 91 79
0.005094 0.003324 0.021162 79 91 79
0.007199 0.003739 0.021020 78 90 78
-0.004145 -0.000062 0.022742 85 96 80
-0.001957 0.000063 0.022664 83 94 80
0.000133 0.000468 0.022420 78 90 78
0.001955 0.001668 0.021574 78 90 78
0.003924 0.002516 0.021129 79 91 79
0.005943 0.003319 0.020892 79 91 79
-0.002784 0.000029 0.022322 83 96 79
-0.000656 0.000324 0.022137 81 92 78
0.001173 0.001508 0.021308 78 90 78
0.002972 0.002896 0.020472 79 91 79
0.004903 0.004071 0.020085 79 91 79
0.007395 0.003318 0.020932 78 90 78
-0.002785 0.000029 0.021966 83 96 79
-0.000656 0.000324 0.021781 80 91 77
0.001174 0.001509 0.020949 78 90 78
0.002974 0.002898 0.020111 79 91 79
0.004906 0.004074 0.019722 79 91 79
0.007400 0.003321 0.020571 78 90 78
-0.004707 -0.000081 0.021687 83 96 79
-0.002519 0.000054 0.021583 82 95 78
-0.000400 0.000376 0.021366 80 91 77
0.001397 0.001686 0.020473 78 90 78
0.002966 0.003886 0.019178 79 91 79
0.004963 0.004900 0.018939 79 91 79
0.007842 0.002985 0.020805 78 90 78
-0.003886 -0.000035 0.021294 84 95 79
-0.001720 0.000161 0.021151 81 93 79
0.000266 0.000892 0.020661 78 90 78
0.001938 0.002637 0.019509 79 91 79
0.003514 0.004943 0.018287 79 91 79
0.006229 0.003694 0.019791 79 91 79
-0.004436 -0.000069 0.020970 82 95 78
-0.002255 0.000101 0.020858 81 95 78
-0.000184 0.000584 0.020545 78 90 76
0.001457 0.002454 0.019362 78 90 78
0.002890 0.005238 0.017867 79 91 79
0.005446 0.004504 0.018936 79 91 79
-0.004161 -0.000059 0.020605 82 95 78
-0.001979 0.000106 0.020496 81 95 78
0.000094 0.000585 0.020185 77 91 76
0.001737 0.002454 0.019002 78 90 78
0.003174 0.005239 0.017503 79 91 79
0.005731 0.004500 0.018577 79 91 79
-0.003349 0.000054 0.020242 82 97 78
-0.001225 0.000433 0.020065 81 94 77
0.000642 0.001572 0.019330 78 90 78
0.001992 0.004590 0.017691 79 91 79
0.003823 0.006011 0.016849 79 91 79
0.006854 0.003729 0.019069 79 91 79
-0.003891 -0.000015 0.019913 83 96 78
-0.001747 0.000313 0.019774 80 94 77
0.000227 0.001120 0.019258 77 91 78
0.001651 0.003827 0.017715 79 91 79
0.003279 0.005958 0.016516 79 91 79
0.006059 0.004438 0.018023 79 91 79
-0.003910 0.000038 0.019531 83 96 78
-0.001800 0.000473 0.019312 80 95 76
0.000152 0.001362 0.018747 77 91 78
0.001464 0.004546 0.017093 79 91 79
0.003007 0.006691 0.015343 79 91 79
0.005304 0.006469 0.015345 79 91 79
-0.003104 0.000145 0.019112 82 97 78
-0.001008 0.000619 0.018863 79 93 76
0.000815 0.001938 0.018044 78 90 78
0.002127 0.005196 0.016398 79 91 79
0.003730 0.007028 0.014585 79 91 79
0.006359 0.005813 0.015514 79 91 79
-0.003724 0.000381 0.018731 82 97 78
-0.001634 0.000926 0.018503 79 94 75
0.000294 0.001901 0.017861 77 91 78
0.001512 0.005369 0.015934 79 91 79
0.003088 0.007167 0.013895 79 91 79
0.005528 0.006569 0.014321 79 91 79
-0.003493 0.000536 0.018293 82 97 78
-0.001396 0.001063 0.018068 79 93 76
0.000339 0.002673 0.017045 78 90 78
0.001596 0.005956 0.015055 79 91 79
0.003297 0.007370 0.013285 79 91 79
0.006022 0.005921 0.014494 79 91 79
-0.000497 0.002824 0.016928 78 92 77
0.000827 0.005782 0.014976 78 90 78
0.002657 0.006767 0.013467 79 91 79
0.004889 0.006798 0.013319 79 91 79
-0.000778 0.002821 0.016567 78 92 77
0.000544 0.005782 0.014607 78 90 78
0.002374 0.006775 0.013091 79 91 79
0.004608 0.006811 0.012938 79 91 79
0.007469 0.004885 0.014570 78 90 76
0.000890 0.006419 0.013650 79 91 79
0.002937 0.006717 0.012603 79 91 79
0.005439 0.005980 0.013236 79 91 79
0.002479 0.006447 0.012555 79 91 79
0.004743 0.006397 0.012493 79 91 79
0.007545 0.004655 0.013976 78 90 76
0.002934 0.005950 0.012616 79 91 77
0.005210 0.005845 0.012599 79 91 77
0.001629 0.005815 0.012764 79 91 77
0.003665 0.006261 0.011865 79 91 77
0.006283 0.005151 0.012826 79 91 77
0.001469 0.005722 0.013040 78 90 76
0.003827 0.005145 0.012862 78 90 76
0.006143 0.004820 0.012895 78 90 76
0.002224 0.005091 0.013006 76 89 72
0.004355 0.005229 0.012341 77 90 73
0.006772 0.004585 0.012659 76 89 72
0.003451 0.004811 0.012835 78 90 70
0.005665 0.004692 0.012449 78 90 70
0.003453 0.004815 0.012461 77 89 67
0.005669 0.004696 0.012075 77 89 67
0.001713 0.005841 0.011375 74 86 64
0.004024 0.005495 0.011157 77 89 67
0.006595 0.004175 0.011647 75 87 65
0.001341 0.006132 0.010818 75 87 65
0.003732 0.005609 0.010838 78 90 68
0.006215 0.004597 0.011081 76 88 66
0.001765 0.006524 0.009985 78 90 70
0.004173 0.005847 0.009944 79 91 71
0.000900 0.006571 0.009638 78 89 72
0.003274 0.006089 0.009542 80 91 74
0.005875 0.004676 0.010021 80 91 74
0.001122 0.006765 0.009076 81 90 73
0.003488 0.006274 0.008918 84 93 76
0.006058 0.004910 0.009289 82 91 74
0.002256 0.006726 0.008523 84 92 79
0.004759 0.005670 0.008655 85 93 80
0.002243 0.006784 0.008113 83 91 80
0.004725 0.005798 0.008188 81 89 78
0.001349 0.006944 0.007730 81 88 80
0.003822 0.006068 0.007779 81 88 81
0.001425 0.006744 0.007558 81 86 80
0.003891 0.005948 0.007654 79 84 80
0.006274 0.005232 0.007583 76 81 77
0.002691 0.006298 0.007315 79 84 80
0.005062 0.005682 0.007156 73 78 74
0.002781 0.006059 0.007186 77 82 76
0.005097 0.005663 0.006928 72 77 71
0.001525 0.006474 0.006650 76 81 77
0.003963 0.005816 0.006721 69 74 68
0.006288 0.005341 0.006525 63 68 62
0.001437 0.005895 0.006779 71 76 72
0.003722 0.005757 0.006521 65 70 64
0.005965 0.005560 0.006095 59 64 58
0.002207 0.006131 0.006076 66 71 64
0.004551 0.005703 0.005886 58 63 56
0.002298 0.005863 0.005911 64 67 58
0.004589 0.005588 0.005577 55 58 49
0.001234 0.005663 0.005830 61 64 53
0.003500 0.005588 0.005502 56 59 48
0.005721 0.005466 0.004999 46 49 38
0.001110 0.005189 0.005870 75 77 63
0.003302 0.005408 0.005433 74 76 62
0.005506 0.005364 0.004886 63 65 51
0.001813 0.005659 0.005033 96 99 82
0.004114 0.005425 0.004751 86 89 72
0.006374 0.005174 0.004376 79 82 65
0.001686 0.005213 0.005089 109 113 90
0.003944 0.005180 0.004775 102 106 83
0.006134 0.005166 0.004204 94 98 75
0.002482 0.005380 0.004455 127 131 104
0.004744 0.005226 0.004061 114 118 91
0.002254 0.005247 0.004272 145 149 116
0.004553 0.005048 0.004024 132 136 103
0.006738 0.005041 0.003455 129 133 100
0.003157 0.005070 0.003883 157 161 124
0.005367 0.005046 0.003350 144 148 111
0.000983 0.004753 0.003948 166 171 130
0.003187 0.004997 0.003579 173 178 137
0.005410 0.004946 0.003083 159 164 123
0.002002 0.005166 0.003195 195 201 153
0.004313 0.004958 0.002972 179 185 139
0.006469 0.005067 0.002312 175 181 135
0.002024 0.005117 0.002864 214 218 168
0.004346 0.004883 0.002677 197 201 151
0.006503 0.005001 0.002023 195 199 149
0.001011 0.004689 0.002851 217 221 170
0.003211 0.004967 0.002468 223 228 174
0.005462 0.004847 0.002044 206 210 159
0.001316 0.004650 0.002493 220 225 169
0.003517 0.004927 0.002113 215 220 164
0.005789 0.004745 0.001758 198 203 147
0.002612 0.005093 0.001671 221 226 168
0.004942 0.004788 0.001467 191 196 140
0.007049 0.005089 0.000697 201 206 150
0.001330 0.004615 0.001730 222 225 168
0.003560 0.004807 0.001419 208 211 154
0.005827 0.004656 0.001055 182 185 128
0.001041 0.004615 0.001343 219 222 165
0.003273 0.004813 0.001025 208 211 154
0.005541 0.004668 0.000655 174 177 120
0.002141 0.004815 0.000790 227 230 173
0.004502 0.004513 0.000729 180 184 125
0.006627 0.004838 0.000045 170 174 115
0.002143 0.004819 0.000397 231 234 177
0.004505 0.004516 0.000337 178 182 123
0.006631 0.004842 -0.000349 166 170 111
0.001136 0.004380 0.000433 232 236 177
0.003482 0.004308 0.000491 207 211 152
0.005739 0.004331 0.000219 161 162 104
0.007809 0.004911 -0.000530 182 183 125
0.001427 0.004387 0.000037 238 242 183
0.003774 0.004309 0.000101 201 205 146
0.006033 0.004327 -0.000166 158 159 101
0.008105 0.004901 -0.000912 183 184 126
0.002973 0.004176 -0.000043 230 231 171
0.005286 0.004123 -0.000106 155 159 100
0.007458 0.004437 -0.000546 166 167 109
0.009498 0.005202 -0.001296 200 201 143
0.001192 0.004248 -0.000590 250 254 195
0.003593 0.004062 -0.000345 212 216 157
0.005877 0.004071 -0.000490 148 152 93
0.007998 0.004543 -0.001069 172 173 115
0.009921 0.005732 -0.002139 203 204 146
0.003051 0.003952 -0.000653 232 236 177
0.005338 0.003973 -0.000793 161 166 108
0.007556 0.004139 -0.001106 168 172 113
0.009571 0.005002 -0.001923 198 202 143
0.001501 0.004200 -0.001354 241 246 188
0.003944 0.003884 -0.000998 209 214 156
0.006235 0.003863 -0.001132 169 175 115
0.008385 0.004240 -0.001618 182 190 131
0.001471 0.004270 -0.001865 236 244 187
0.003980 0.003727 -0.001371 211 219 160
0.006272 0.003651 -0.001544 178 186 127
0.008419 0.004025 -0.002045 186 196 136
0.003098 0.003793 -0.001786 235 243 186
0.005378 0.003797 -0.002001 189 197 138
0.007602 0.003928 -0.002325 192 200 141
0.000763 0.004570 -0.003081 216 225 172
0.003422 0.003658 -0.002147 229 238 181
0.005732 0.003546 -0.002289 199 209 149
0.007931 0.003749 -0.002670 197 208 148
0.000154 0.004601 -0.003588 201 208 157
0.002777 0.003870 -0.002710 231 242 186
0.005142 0.003643 -0.002690 199 208 151
0.007433 0.003544 -0.002854 201 212 152
-0.005820 -0.004360 0.001272 151 153 106
-0.005097 0.000159 -0.002286 184 183 137
-0.003790 0.003496 -0.004273 184 181 138
-0.001792 0.004802 -0.004844 177 179 132
0.000671 0.004720 -0.004288 203 211 160
0.003431 0.003622 -0.002964 215 224 167
0.005815 0.003429 -0.002765 193 202 145
0.008013 0.003695 -0.003111 202 213 153
-0.006312 -0.004591 0.001106 162 163 119
-0.005329 -0.000878 -0.001905 178 177 131
-0.004038 0.002407 -0.003990 182 179 136
-0.002428 0.004868 -0.005431 168 170 123
0.000070 0.004698 -0.004800 190 197 146
0.002750 0.003909 -0.003660 217 226 171
0.005204 0.003564 -0.003246 193 202 145
0.007516 0.003483 -0.003294 204 215 155
0.009614 0.004039 -0.003924 216 230 169
-0.007297 -0.005044 0.001131 188 191 144
-0.005440 -0.003956 -0.000045 154 156 109
-0.004653 0.000441 -0.003492 182 181 133
-0.003443 0.004084 -0.005780 179 178 132
-0.001090 0.004260 -0.005619 174 178 128
0.001260 0.004539 -0.005305 200 209 156
0.004044 0.003444 -0.003801 195 202 148
0.006510 0.003157 -0.003182 197 206 149
0.008632 0.003701 -0.003716 211 222 162
-0.007302 -0.005048 0.000747 191 194 147
-0.005443 -0.003959 -0.000432 159 161 114
-0.004656 0.000442 -0.003887 181 180 132
-0.003445 0.004087 -0.006182 179 178 132
-0.001091 0.004264 -0.006021 170 174 124
0.001261 0.004543 -0.005707 194 203 150
0.004047 0.003447 -0.004200 190 197 143
0.006515 0.003159 -0.003580 196 205 148
0.008638 0.003703 -0.004114 214 225 165
-0.006167 -0.004326 -0.000441 173 175 128
-0.005371 -0.000090 -0.003965 182 184 137
-0.003965 0.002862 -0.005889 183 182 136
-0.001953 0.003974 -0.006621 166 168 121
0.000390 0.004181 -0.006452 183 187 137
0.003103 0.003316 -0.005179 197 201 150
0.005614 0.003059 -0.004312 183 190 136
0.007879 0.003332 -0.004290 209 218 161
-0.005761 -0.003899 -0.001248 170 172 125
-0.004975 0.000479 -0.004747 181 183 136
-0.003689 0.003821 -0.006976 187 186 140
-0.001297 0.003796 -0.006833 168 171 124
0.000977 0.004256 -0.006781 185 189 139
0.003760 0.003177 -0.005295 188 193 139
0.006284 0.002846 -0.004401 190 199 142
0.008415 0.003457 -0.004833 212 222 162
-0.005926 -0.004218 -0.001301 179 182 135
-0.005108 -0.000058 -0.004841 182 184 137
-0.003594 0.002534 -0.006608 185 187 140
-0.001564 0.003533 -0.007356 168 170 123
0.000747 0.003784 -0.007312 177 181 131
0.003455 0.002841 -0.006113 189 191 141
0.005956 0.002606 -0.005275 185 192 138
0.008247 0.002912 -0.005059 212 220 163
-0.006877 -0.004704 -0.001099 187 190 143
-0.005346 -0.002688 -0.003080 180 182 135
-0.004240 0.000877 -0.005869 178 180 133
-0.002815 0.003741 -0.007934 177 179 132
-0.000328 0.003394 -0.007564 169 173 123
0.001993 0.003660 -0.007416 187 191 140
0.004718 0.002695 -0.006083 179 183 132
0.007245 0.002363 -0.005141 205 212 158
-0.006783 -0.004240 -0.001981 191 197 149
-0.005593 -0.001226 -0.004746 182 185 138
-0.004097 0.001281 -0.006642 180 183 136
-0.002385 0.003203 -0.008150 173 175 128
-0.000039 0.003291 -0.008088 169 173 123
0.002515 0.002774 -0.007378 187 189 139
0.005100 0.002223 -0.006399 178 180 130
0.007532 0.002203 -0.005702 208 213 159
-0.007239 -0.004555 -0.002025 187 193 145
-0.005663 -0.002658 -0.003927 183 186 139
-0.004499 0.000694 -0.006640 177 180 133
-0.002960 0.003160 -0.008506 182 184 137
-0.000571 0.003090 -0.008392 169 173 123
0.001760 0.003276 -0.008271 181 183 133
0.004526 0.002131 -0.006878 177 179 129
0.007016 0.001937 -0.006031 199 203 152
-0.006443 -0.003645 -0.003328 193 199 151
-0.005449 0.000070 -0.006472 180 186 138
-0.003722 0.001960 -0.007865 182 188 140
-0.001746 0.003029 -0.008849 162 165 118
0.000459 0.003530 -0.009158 174 176 127
0.003288 0.002125 -0.007730 185 184 136
-0.006448 -0.003648 -0.003720 196 202 154
-0.005453 0.000070 -0.006872 180 186 138
-0.003725 0.001962 -0.008269 182 188 140
-0.001747 0.003031 -0.009255 160 163 116
0.000460 0.003533 -0.009565 175 177 128
0.003290 0.002126 -0.008133 186 185 137
-0.007259 -0.003754 -0.003858 198 208 158
-0.005568 -0.002109 -0.005498 187 195 146
-0.004249 0.000874 -0.007844 170 178 129
-0.002523 0.002771 -0.009325 165 171 123
-0.000386 0.003389 -0.009915 177 179 132
0.001937 0.003544 -0.009901 190 189 143
0.004684 0.002488 -0.008549 181 180 132
-0.006644 -0.003161 -0.004958 204 212 163
-0.005452 0.000049 -0.007646 180 188 139
-0.003695 0.001887 -0.008969 178 186 137
-0.001737 0.003030 -0.010007 157 160 113
0.000349 0.003863 -0.010683 181 180 134
0.003142 0.002616 -0.009347 188 187 141
0.005633 0.002450 -0.008575 182 181 133
0.008116 0.002356 -0.007693 196 195 147
-0.006989 -0.002980 -0.005399 213 222 175
-0.005353 -0.001116 -0.007166 185 194 147
-0.003814 0.001341 -0.008974 172 184 136
-0.001981 0.002901 -0.010258 144 152 105
0.000038 0.003903 -0.011150 176 177 133
0.002486 0.003737 -0.010766 188 187 143
0.005043 0.003402 -0.009845 176 175 129
0.007782 0.002543 -0.008232 189 188 140
-0.005939 -0.001947 -0.006861 203 212 165
-0.004534 0.000816 -0.009016 171 180 133
-0.002796 0.002699 -0.010470 163 172 125
-0.000722 0.003523 -0.011238 173 176 131
0.001478 0.004080 -0.011576 180 179 135
0.004127 0.003444 -0.010468 172 171 127
0.006903 0.002472 -0.008802 179 178 134
0.009343 0.002435 -0.008082 186 187 143
-0.005701 -0.000945 -0.008031 196 208 162
-0.004192 0.001607 -0.009923 168 180 134
-0.002318 0.003038 -0.011154 145 152 108
-0.000321 0.004119 -0.012119 171 172 130
0.002003 0.004364 -0.012086 181 179 138
0.004570 0.004049 -0.011157 168 166 125
0.007465 0.002735 -0.009106 176 174 133
0.009885 0.002692 -0.008504 186 187 145
-0.005762 -0.001603 -0.007863 205 217 171
-0.004315 0.001068 -0.009942 168 180 134
-0.002546 0.002845 -0.011374 146 158 112
-0.000481 0.003709 -0.012178 167 170 127
0.001631 0.004544 -0.012772 175 173 132
0.004199 0.004207 -0.011881 163 161 120
0.007146 0.002711 -0.009732 168 166 125
0.009695 0.002369 -0.008657 176 177 137
-0.006728 -0.002099 -0.007642 231 243 197
-0.005188 0.000139 -0.009634 187 200 154
-0.003506 0.002213 -0.011181 167 183 136
-0.001501 0.003235 -0.012155 142 149 105
0.000434 0.004538 -0.013284 163 161 122
0.002844 0.004604 -0.012957 166 164 125
0.005600 0.003697 -0.011472 157 155 116
0.008420 0.002656 -0.009562 160 158 120
0.010709 0.002951 -0.009422 168 168 130
-0.006548 -0.001828 -0.008336 230 241 198
-0.005098 0.000745 -0.010484 189 202 158
-0.003353 0.002623 -0.011948 176 189 145
-0.001261 0.003392 -0.012721 155 162 120
0.000660 0.004779 -0.013866 167 163 126
0.003185 0.004559 -0.013170 167 165 127
0.006117 0.003116 -0.011144 160 157 122
0.008823 0.002423 -0.009550 162 162 126
-0.006693 -0.002174 -0.008283 236 247 207
-0.005130 -0.000021 -0.010262 199 214 171
-0.003486 0.002155 -0.011929 180 195 152
-0.001479 0.003167 -0.012919 156 164 123
0.000454 0.004472 -0.014070 166 164 126
0.002818 0.004698 -0.013875 169 169 133
0.005569 0.003813 -0.012414 161 161 125
0.008412 0.002733 -0.010427 166 166 132
0.010789 0.002798 -0.009987 181 182 148
-0.005720 -0.001695 -0.009250 223 238 195
-0.004305 0.001045 -0.011474 187 202 161
-0.002548 0.002857 -0.012988 169 181 141
-0.000493 0.003750 -0.013863 174 178 141
0.001578 0.004732 -0.014590 177 174 141
0.004046 0.004742 -0.013997 166 166 132
0.007072 0.003019 -0.011642 170 169 138
0.009772 0.002313 -0.010057 184 185 153
-0.005561 -0.002107 -0.009215 228 245 203
-0.004206 0.000763 -0.011621 195 210 171
-0.002459 0.002589 -0.013175 176 188 150
-0.000431 0.003552 -0.014123 176 180 145
0.001585 0.004705 -0.015000 177 176 145
0.004038 0.004780 -0.014446 169 168 137
0.007038 0.003150 -0.012167 172 173 142
0.009779 0.002338 -0.010443 186 189 158
-0.006066 -0.002307 -0.009354 239 255 216
-0.004667 0.000367 -0.011712 211 226 187
-0.002944 0.002281 -0.013290 193 208 169
-0.000874 0.003108 -0.014145 181 188 154
0.000999 0.004646 -0.015443 175 174 143
0.003439 0.004721 -0.014981 174 173 143
0.006364 0.003313 -0.012977 175 174 146
0.009133 0.002485 -0.011162 182 185 156
-0.005269 -0.002102 -0.009985 232 248 211
-0.003943 0.000869 -0.012481 208 224 188
-0.002136 0.002482 -0.013951 190 202 166
-0.000238 0.003867 -0.015227 188 193 161
0.001795 0.005059 -0.016016 190 190 162
0.004337 0.004891 -0.015198 185 185 159
0.007364 0.003247 -0.012775 188 190 166
0.010045 0.002552 -0.011305 206 210 183
-0.005272 -0.002104 -0.010389 234 250 214
-0.003945 0.000870 -0.012891 215 230 197
-0.002138 0.002484 -0.014365 202 213 179
-0.000238 0.003870 -0.015644 201 206 176
0.001796 0.005063 -0.016435 200 203 176
0.004341 0.004895 -0.015616 200 200 176
0.007370 0.003250 -0.013188 202 204 182
0.010052 0.002554 -0.011714 217 221 198
-0.005650 -0.003350 -0.009381 240 255 222
-0.004320 -0.000565 -0.011980 226 243 209
-0.002654 0.001418 -0.013785 220 236 200
-0.000735 0.002688 -0.015023 217 226 197
0.000974 0.004737 -0.016774 206 209 182
0.003158 0.005642 -0.017041 210 212 188
0.006163 0.004032 -0.014830 213 215 194
0.009080 0.002757 -0.012591 217 220 199
0.011407 0.002945 -0.012378 225 229 206
-0.005047 -0.002686 -0.010561 239 254 223
-0.003756 0.000332 -0.013207 228 244 215
-0.002021 0.002132 -0.014891 226 239 209
-0.000207 0.003780 -0.016397 225 229 202
0.001703 0.005370 -0.017535 223 225 201
0.004165 0.005481 -0.016969 225 227 205
0.007309 0.003502 -0.014215 230 231 213
0.010005 0.002768 -0.012718 239 242 225
-0.004507 -0.003321 -0.010290 243 255 230
-0.003224 -0.000319 -0.012992 236 252 223
-0.001571 0.001682 -0.014905 238 251 221
0.000124 0.003682 -0.016724 233 237 212
0.001938 0.005577 -0.018133 235 237 215
0.004284 0.006060 -0.017910 239 242 221
0.007509 0.003834 -0.014912 240 243 226
0.010201 0.003115 -0.013438 252 255 238
-0.005179 -0.003878 -0.010134 240 255 226
-0.003947 -0.000779 -0.012964 236 252 225
-0.002319 0.001285 -0.014923 240 254 228
-0.000564 0.003067 -0.016600 245 251 225
0.001176 0.005096 -0.018261 234 236 214
0.003345 0.006125 -0.018555 240 243 222
0.006439 0.004298 -0.016047 245 248 231
0.009352 0.003002 -0.013853 241 243 229
0.011635 0.003263 -0.013873 234 238 221
-0.004252 -0.004038 -0.010442 243 255 231
-0.002942 -0.001111 -0.013060 235 253 227
-0.001364 0.001086 -0.015171 241 254 228
0.000157 0.003602 -0.017461 237 241 218
0.004186 0.006397 -0.019063 244 247 230
0.007408 0.004173 -0.016103 241 245 230
0.010116 0.003436 -0.014588 245 249 235
-0.004375 -0.002873 -0.011849 245 254 235
-0.002820 -0.000643 -0.013926 239 255 229
-0.001251 0.001603 -0.016085 244 253 232
0.004637 0.006015 -0.018977 248 251 234
0.007933 0.003615 -0.015702 239 243 228
0.010385 0.003569 -0.015075 240 244 230
-0.006402 -0.005522 -0.010159 241 255 232
-0.004297 -0.004815 -0.010692 240 254 229
-0.002886 -0.002109 -0.012959 235 253 229
-0.001373 0.000281 -0.015205 243 255 233
0.003871 0.006475 -0.019981 250 254 239
0.007001 0.004529 -0.017358 247 251 237
0.009765 0.003688 -0.015650 238 244 232
-0.005259 -0.005440 -0.010610 234 253 225
-0.003767 -0.002964 -0.012620 239 254 231
-0.002114 -0.000962 -0.014423 241 255 233
0.005280 0.005967 -0.019640 252 255 242
0.008579 0.003570 -0.016300 229 235 221
0.010926 0.003805 -0.016059 224 232 217
-0.006815 -0.006202 -0.010719 236 254 230
-0.004553 -0.005896 -0.010827 233 253 225
-0.002944 -0.003658 -0.012455 235 253 229
-0.001381 -0.001311 -0.014395 242 255 235
0.005954 0.005881 -0.019722 252 255 244
0.009120 0.003945 -0.016712 230 238 223
0.011480 0.004147 -0.016429 217 228 212
-0.007370 -0.006326 -0.011052 234 254 229
-0.005115 -0.006000 -0.011189 232 255 227
-0.003397 -0.004084 -0.012559 237 255 231
-0.001722 -0.002039 -0.014162 240 255 234
0.008487 0.003972 -0.017415 229 240 224
0.010895 0.004129 -0.016923 222 235 218
-0.008433 -0.006722 -0.011257 235 252 233
-0.006199 -0.006364 -0.011487 234 254 229
-0.003970 -0.005937 -0.011634 233 255 230
-0.002082 -0.004443 -0.012538 237 255 233
-0.000629 -0.001681 -0.014678 241 255 238
0.006722 0.005681 -0.019806 240 253 236
0.009631 0.004490 -0.017625 224 241 223
0.012100 0.004304 -0.017042 219 236 218
-0.007907 -0.006580 -0.011799 233 252 232
-0.005619 -0.006340 -0.011868 232 255 229
-0.003538 -0.005469 -0.012356 235 254 232
-0.001635 -0.004001 -0.013241 237 255 233
-0.000341 -0.000792 -0.015882 242 255 238
0.007610 0.004931 -0.019198 231 248 230
0.010267 0.004421 -0.017865 219 238 219
0.012803 0.003957 -0.017077 223 242 223
-0.008151 -0.006762 -0.012101 232 251 231
-0.005858 -0.006555 -0.012183 231 253 230
-0.003585 -0.006252 -0.012226 235 254 232
-0.001432 -0.005531 -0.012469 236 255 233
0.000034 -0.002745 -0.014502 238 255 237
0.009895 0.004537 -0.018702 217 239 218
0.012519 0.003706 -0.017700 220 242 221
-0.006721 -0.006640 -0.012557 231 253 230
-0.004387 -0.006506 -0.012473 232 254 231
-0.002287 -0.005651 -0.012875 233 255 232
-0.000630 -0.003431 -0.014394 237 254 235
0.008901 0.004862 -0.019544 222 244 223
0.011621 0.003797 -0.018241 218 240 219
-0.008431 -0.006855 -0.012856 231 253 232
-0.006113 -0.006715 -0.012901 231 253 230
-0.003821 -0.006465 -0.012912 232 254 231
-0.001430 -0.006454 -0.012578 233 255 232
0.000043 -0.003716 -0.014592 236 255 236
0.009668 0.004108 -0.019590 219 243 221
-0.008437 -0.006861 -0.013260 231 253 232
-0.006117 -0.006720 -0.013305 232 254 231
-0.003824 -0.006470 -0.013317 232 254 231
-0.001431 -0.006460 -0.012982 233 255 232
0.000043 -0.003718 -0.015002 235 254 235
-0.006640 -0.006917 -0.013545 232 255 234
-0.004365 -0.006640 -0.013642 233 255 232
-0.002035 -0.006469 -0.013500 231 255 231
-0.000143 -0.005002 -0.014457 233 255 234
-0.008105 -0.006975 -0.013930 232 255 234
-0.005816 -0.006768 -0.014073 231 255 231
-0.003552 -0.006444 -0.014170 232 254 233
-0.001017 -0.006854 -0.013490 232 254 231
0.000522 -0.004330 -0.015372 235 254 234
-0.007810 -0.006923 -0.014245 232 255 234
-0.005598 -0.006485 -0.014559 233 255 232
-0.003375 -0.006010 -0.014746 233 255 234
-0.000732 -0.006709 -0.013783 235 254 232
0.000670 -0.003770 -0.016050 237 254 235
-0.008083 -0.007012 -0.014597 232 255 234
-0.005835 -0.006672 -0.014831 233 255 232
-0.003590 -0.006276 -0.014988 233 255 232
-0.001041 -0.006707 -0.014277 237 255 233
0.000635 -0.004588 -0.015819 237 254 235
-0.006955 -0.006799 -0.015025 233 255 232
-0.004778 -0.006223 -0.015392 236 255 231
-0.002519 -0.005808 -0.015462 237 255 233
0.000060 -0.006273 -0.014613 240 255 234
0.001269 -0.002682 -0.017413 237 255 233
-0.006394 -0.006722 -0.015476 237 255 233
-0.004158 -0.006288 -0.015677 240 255 234
-0.001791 -0.006166 -0.015445 242 255 235
0.000426 -0.005581 -0.015538 244 255 236
-0.006464 -0.006500 -0.015991 239 253 230
-0.004210 -0.006092 -0.016144 241 255 232
-0.001804 -0.006065 -0.015819 243 255 235
0.000615 -0.006054 -0.015366 246 255 234
-0.007324 -0.006615 -0.016339 238 247 228
-0.005131 -0.006046 -0.016672 241 250 229
-0.002840 -0.005692 -0.016682 245 252 234
-0.000096 -0.006596 -0.015401 248 253 233
0.001208 -0.003296 -0.017957 242 254 230
-0.006838 -0.006302 -0.016953 234 242 221
-0.004560 -0.005935 -0.017056 238 246 225
-0.002120 -0.005992 -0.016664 244 248 231
0.000422 -0.006336 -0.015910 249 252 233
-0.006843 -0.006307 -0.017364 233 236 217
-0.004564 -0.005940 -0.017468 239 240 222
-0.002121 -0.005996 -0.017075 244 245 227
0.000423 -0.006341 -0.016320 249 251 230
-0.007481 -0.006230 -0.017891 233 230 211
-0.005256 -0.005706 -0.018149 237 234 215
-0.002911 -0.005483 -0.018044 245 242 223
-0.000079 -0.006638 -0.016560 253 248 228
0.001483 -0.004147 -0.018488 253 253 229
-0.006416 -0.005859 -0.018547 232 225 207
-0.004068 -0.005649 -0.018474 243 234 217
-0.001388 -0.006360 -0.017444 251 243 224
0.000843 -0.005817 -0.017538 255 248 227
-0.005980 -0.005424 -0.019328 226 213 197
-0.000760 -0.006429 -0.017686 241 225 209
0.001233 -0.005194 -0.018444 246 233 214
-0.005985 -0.005429 -0.019744 214 195 181
-0.000760 -0.006434 -0.018099 231 209 195
0.001233 -0.005198 -0.018859 233 214 197
-0.001593 -0.005808 -0.019225 217 189 175
0.000789 -0.005666 -0.018931 222 194 180
-0.000867 -0.006149 -0.019216 211 175 163
0.001235 -0.005205 -0.019692 215 179 165
0.002134 -0.000428 0.038615 59 70 64
0.004254 -0.000970 0.038728 59 70 64
0.000806 -0.000136 0.038226 59 68 63
0.002924 -0.000582 0.038286 59 70 64
0.005037 -0.001119 0.038382 59 70 64
-0.001593 0.000359 0.037828 62 68 64
0.000542 -0.000088 0.037892 60 69 64
0.002662 -0.000530 0.037950 59 70 64
0.004777 -0.001063 0.038042 59 70 64
-0.004783 0.000777 0.037549 63 70 62
-0.002657 0.000492 0.037497 62 68 64
-0.000529 0.000126 0.037500 62 68 66
0.001595 -0.000290 0.037535 60 69 64
0.003711 -0.000761 0.037593 60 69 64
-0.004256 0.000724 0.037190 63 69 65
-0.002127 0.000412 0.037156 62 68 64
0.000003 0.000022 0.037176 59 68 63
0.002124 -0.000392 0.037207 60 69 64
0.004240 -0.000873 0.037272 60 69 64
-0.003728 0.000640 0.036830 62 68 64
-0.001601 0.000315 0.036790 61 67 65
0.000525 -0.000067 0.036797 59 68 63
0.002644 -0.000481 0.036828 60 69 64
0.004757 -0.000939 0.036894 60 69 64
-0.003197 0.000560 0.036484 62 68 64
-0.001070 0.000226 0.036452 61 67 65
0.001057 -0.000169 0.036469 59 68 63
0.003176 -0.000598 0.036512 59 68 63
-0.004267 0.000728 0.036172 63 69 65
-0.002136 0.000412 0.036122 63 69 65
-0.000008 0.000048 0.036111 59 68 63
0.002115 -0.000362 0.036133 59 68 63
0.004235 -0.000828 0.036206 59 68 63
-0.004270 0.000728 0.035836 63 69 65
-0.002138 0.000413 0.035786 62 68 64
-0.000008 0.000048 0.035775 59 68 63
0.002116 -0.000363 0.035798 59 68 63
0.004238 -0.000829 0.035871 59 68 63
-0.003474 0.000631 0.035471 62 68 64
-0.001339 0.000288 0.035447 62 68 66
0.000792 -0.000105 0.035457 59 68 63
0.002915 -0.000533 0.035488 59 68 63
-0.004010 0.000705 0.035151 63 69 65
-0.001872 0.000371 0.035117 62 68 64
0.000260 -0.000001 0.035113 59 68 63
0.002386 -0.000420 0.035139 59 68 63
0.004510 -0.000899 0.035216 59 68 63
-0.003744 0.000663 0.034811 63 69 65
-0.001601 0.000299 0.034803 61 67 65
0.000533 -0.000085 0.034807 58 67 62
0.002657 -0.000501 0.034828 59 68 63
0.004777 -0.000960 0.034888 59 68 63
-0.004539 0.000721 0.034535 64 71 63
-0.002404 0.000430 0.034471 62 68 64
-0.000268 0.000069 0.034462 62 68 66
0.001863 -0.000339 0.034480 58 67 62
0.003989 -0.000808 0.034543 58 67 62
-0.004013 0.000686 0.034154 64 70 66
-0.001868 0.000327 0.034137 63 69 65
0.000268 -0.000049 0.034135 61 67 63
0.002395 -0.000454 0.034148 61 67 63
0.004521 -0.000927 0.034221 61 67 63
-0.004284 0.000725 0.033822 64 70 66
-0.002137 0.000371 0.033802 63 69 65
0.000002 -0.000001 0.033796 62 68 64
0.002131 -0.000403 0.033806 61 67 63
0.004260 -0.000872 0.033876 61 67 63
-0.002945 0.000519 0.033459 64 70 66
-0.000800 0.000138 0.033456 63 69 67
0.001334 -0.000252 0.033459 62 67 63
0.003465 -0.000704 0.033510 62 67 63
-0.004286 0.000712 0.033157 65 71 67
-0.002140 0.000372 0.033121 64 70 66
0.000001 -0.000005 0.033115 63 68 64
0.002133 -0.000403 0.033121 61 66 62
0.004266 -0.000886 0.033206 61 66 62
-0.003752 0.000634 0.032805 65 71 67
-0.001603 0.000272 0.032786 64 70 68
0.000536 -0.000106 0.032779 61 66 62
0.002668 -0.000521 0.032799 61 66 62
0.004799 -0.000993 0.032876 61 66 62
-0.003754 0.000635 0.032464 66 72 68
-0.001604 0.000272 0.032445 65 71 69
0.000537 -0.000106 0.032439 61 66 62
0.002670 -0.000521 0.032458 61 66 62
0.004802 -0.000994 0.032536 61 66 62
-0.004014 0.000615 0.032177 66 72 68
-0.001875 0.000331 0.032098 66 72 68
0.000272 -0.000069 0.032110 62 66 65
0.002405 -0.000462 0.032115 61 66 62
0.004543 -0.000960 0.032205 61 66 62
-0.004539 0.000606 0.031914 67 74 66
-0.002415 0.000429 0.031756 66 72 68
-0.000262 0.000022 0.031773 63 69 67
0.001873 -0.000354 0.031765 61 66 62
0.004015 -0.000859 0.031856 61 65 64
-0.003486 0.000560 0.031461 66 72 68
-0.001337 0.000220 0.031425 65 71 67
0.000806 -0.000155 0.031419 61 66 62
0.002945 -0.000589 0.031454 61 66 62
-0.002689 0.000479 0.031069 66 72 68
-0.000530 0.000067 0.031089 65 71 69
0.001607 -0.000298 0.031075 61 66 62
0.003754 -0.000806 0.031167 61 66 62
-0.004286 0.000607 0.030848 68 74 70
-0.002151 0.000385 0.030722 67 73 71
0.000003 -0.000013 0.030733 64 69 65
0.002144 -0.000406 0.030740 61 66 60
0.004288 -0.000908 0.030832 61 66 62
-0.003490 0.000544 0.030443 68 74 70
-0.001341 0.000224 0.030391 67 73 71
0.000806 -0.000145 0.030382 61 66 62
0.002950 -0.000588 0.030424 61 66 60
-0.002957 0.000487 0.030069 67 71 70
-0.000800 0.000114 0.030059 67 71 72
0.001339 -0.000226 0.030028 60 65 61
0.003490 -0.000724 0.030112 61 66 62
-0.004288 0.000578 0.029838 67 71 74
-0.002154 0.000381 0.029694 64 68 71
0.000003 -0.000011 0.029701 63 67 68
0.002147 -0.000402 0.029706 61 65 64
0.004296 -0.000905 0.029800 61 65 64
-0.003485 0.000485 0.029455 65 69 72
-0.001339 0.000203 0.029377 64 67 72
0.000808 -0.000147 0.029355 60 66 66
0.002957 -0.000591 0.029398 60 66 64
-0.004547 0.000526 0.029224 65 68 73
-0.002425 0.000415 0.029017 64 67 74
-0.000261 0.000013 0.029032 61 64 69
0.001880 -0.000335 0.029005 59 65 65
0.004034 -0.000850 0.029104 60 66 66
-0.003483 0.000451 0.028793 65 65 73
-0.001336 0.000182 0.028706 64 64 74
0.000813 -0.000162 0.028680 59 64 67
0.002963 -0.000599 0.028717 60 66 66
-0.004287 0.000511 0.028510 66 66 74
-0.002153 0.000346 0.028344 64 64 74
0.000009 -0.000039 0.028348 61 64 69
0.002156 -0.000417 0.028341 60 66 66
0.004307 -0.000902 0.028420 61 67 65
-0.002953 0.000408 0.028064 65 65 75
-0.000791 0.000053 0.028044 64 64 72
0.001352 -0.000259 0.027991 59 64 67
0.003506 -0.000724 0.028051 60 66 66
-0.003484 0.000420 0.027780 65 65 73
-0.001334 0.000158 0.027687 64 64 74
0.000818 -0.000181 0.027658 59 64 67
0.002970 -0.000604 0.027685 60 66 66
-0.004012 0.000413 0.027509 66 67 72
-0.001878 0.000260 0.027337 65 65 75
0.000288 -0.000127 0.027347 59 64 67
0.002434 -0.000486 0.027326 60 66 64
0.004583 -0.000948 0.027387 60 66 66
-0.004286 0.000452 0.027168 67 68 73
-0.002150 0.000303 0.026992 66 66 76
0.000018 -0.000079 0.026998 61 65 68
0.002166 -0.000434 0.026973 60 66 64
0.004318 -0.000892 0.027031 60 66 66
-0.004288 0.000444 0.026825 67 67 75
-0.002148 0.000290 0.026655 65 65 73
0.000020 -0.000088 0.026659 61 65 68
0.002168 -0.000435 0.026629 60 66 66
0.004320 -0.000882 0.026678 60 66 64
-0.004019 0.000406 0.026468 67 67 75
-0.001879 0.000246 0.026302 66 66 74
0.000290 -0.000136 0.026310 60 65 68
0.002439 -0.000487 0.026284 60 66 66
0.004591 -0.000939 0.026337 60 66 64
-0.003232 0.000433 0.025993 66 66 74
-0.001059 0.000075 0.025978 67 68 73
0.001092 -0.000226 0.025919 60 66 66
0.003248 -0.000637 0.025941 60 66 64
-0.004301 0.000473 0.025753 67 68 73
-0.002153 0.000293 0.025602 67 67 75
0.000018 -0.000079 0.025602 63 67 70
0.002171 -0.000423 0.025572 61 67 67
0.004327 -0.000869 0.025620 61 67 65
-0.002969 0.000407 0.025263 67 68 73
-0.000798 0.000067 0.025237 67 68 73
0.001359 -0.000256 0.025198 61 67 67
0.003518 -0.000671 0.025227 61 67 65
-0.003243 0.000449 0.024917 67 68 73
-0.001069 0.000112 0.024887 67 68 73
0.001089 -0.000205 0.024844 62 68 68
0.003250 -0.000616 0.024870 61 67 65
-0.002978 0.000430 0.024537 67 68 73
-0.000806 0.000103 0.024500 67 68 72
0.001354 -0.000220 0.024462 62 68 68
0.003518 -0.000644 0.024501 62 68 66
-0.004327 0.000540 0.024282 67 68 72
-0.002171 0.000351 0.024137 68 69 74
0.000005 -0.000013 0.024130 65 69 70
0.002167 -0.000367 0.024115 63 69 67
0.004331 -0.000825 0.024176 62 68 66
-0.004894 0.000657 0.023847 67 68 70
-0.002742 0.000552 0.023679 68 69 73
-0.000540 0.000094 0.023770 67 68 70
0.001623 -0.000233 0.023737 63 69 67
0.003791 -0.000683 0.023793 63 69 65
-0.003010 0.000544 0.023354 68 69 73
-0.000816 0.000153 0.023401 68 69 73
0.001355 -0.000198 0.023392 64 70 68
0.003522 -0.000622 0.023430 64 70 66
-0.004939 0.000597 0.022895 67 69 68
-0.002783 0.000582 0.022757 68 69 71
-0.000546 0.000059 0.023029 68 69 71
0.001631 -0.000272 0.023062 65 71 69
0.003797 -0.000683 0.023093 64 70 66
-0.006353 0.000912 0.022382 67 69 68
-0.004130 0.000552 0.022493 68 70 69
-0.001956 0.000443 0.022446 68 69 71
0.000277 -0.000092 0.022711 66 72 70
0.002445 -0.000412 0.022709 65 71 67
0.004610 -0.000855 0.022756 64 70 66
-0.007121 0.000431 0.022197 66 68 65
-0.004951 0.000405 0.022102 67 69 68
-0.002810 0.000500 0.021895 68 70 69
-0.000569 0.000101 0.022199 69 71 70
0.001633 -0.000266 0.022351 66 72 68
0.003801 -0.000665 0.022379 65 72 65
-0.007126 0.000431 0.021841 66 68 65
-0.004954 0.000405 0.021746 67 69 68
-0.002812 0.000500 0.021538 69 71 70
-0.000569 0.000101 0.021843 69 71 70
0.001634 -0.000266 0.021995 66 72 68
0.003803 -0.000666 0.022024 65 72 65
-0.006721 -0.000426 0.021990 66 68 65
-0.004627 -0.000048 0.021597 67 69 66
-0.002517 0.000198 0.021263 69 71 70
-0.000317 0.000090 0.021379 67 72 68
0.001898 -0.000280 0.021594 67 73 69
0.004075 -0.000708 0.021663 65 72 65
-0.008058 -0.000458 0.021814 66 68 65
-0.005929 -0.000346 0.021529 67 69 66
-0.003850 0.000127 0.021067 68 70 67
-0.001707 0.000266 0.020885 69 71 70
0.000531 -0.000065 0.021185 67 73 69
0.002719 -0.000437 0.021269 66 72 68
0.004889 -0.000886 0.021325 64 71 64
-0.008579 -0.000900 0.021490 64 66 61
-0.006392 -0.001069 0.021462 67 69 64
-0.004366 -0.000282 0.020802 67 69 64
-0.002276 0.000188 0.020387 69 71 68
-0.000087 0.000276 0.020456 68 73 67
0.002119 0.000008 0.020613 66 73 66
0.004350 -0.000725 0.020950 65 72 65
-0.008311 -0.000936 0.021123 65 67 62
-0.006123 -0.001108 0.021099 67 69 64
-0.004095 -0.000325 0.020439 68 70 65
-0.002004 0.000143 0.020027 69 71 68
0.000186 0.000227 0.020098 68 73 66
0.002393 -0.000045 0.020258 66 73 65
0.004624 -0.000783 0.020600 65 72 65
-0.009691 -0.001135 0.020674 65 67 62
-0.007530 -0.001121 0.020533 66 68 63
-0.005393 -0.001022 0.020312 67 69 64
-0.003364 -0.000181 0.019649 68 70 65
-0.001315 0.000850 0.019065 69 71 66
0.000845 0.001485 0.018991 67 74 67
0.003179 0.000354 0.019757 65 72 65
0.005458 -0.000833 0.020358 63 70 62
-0.010243 -0.001104 0.020345 65 67 62
-0.008074 -0.001146 0.020213 66 68 63
-0.005886 -0.001306 0.020198 67 69 64
-0.003896 -0.000278 0.019364 68 70 65
-0.001841 0.000615 0.018790 69 71 66
0.000319 0.001281 0.018721 68 73 67
0.002549 0.000999 0.018948 65 72 65
0.004911 -0.000645 0.019939 64 71 64
-0.012403 -0.001326 0.020142 68 70 65
-0.010250 -0.001271 0.019936 65 67 62
-0.008103 -0.001150 0.019732 66 68 63
-0.005921 -0.001229 0.019691 67 69 64
-0.004087 0.000694 0.018163 68 71 64
-0.002043 0.001660 0.017486 68 70 65
0.000130 0.002371 0.017428 66 73 66
0.002488 0.001669 0.018287 65 72 65
0.004961 -0.000582 0.019837 63 70 62
-0.011591 -0.001389 0.019743 68 70 65
-0.009446 -0.001277 0.019511 65 67 62
-0.007306 -0.001106 0.019289 66 68 63
-0.005191 -0.000822 0.018961 67 69 64
-0.003268 0.000660 0.017786 68 71 64
-0.001277 0.002055 0.016857 68 70 65
0.000987 0.002297 0.017238 65 72 65
0.003408 0.000956 0.018426 64 71 64
0.005798 -0.000898 0.019604 62 69 61
-0.012090 -0.001691 0.019592 68 71 64
-0.009933 -0.001651 0.019405 65 68 61
-0.007801 -0.001440 0.019155 66 69 62
-0.005630 -0.001404 0.019080 67 70 63
-0.003960 0.001532 0.016812 67 70 61
-0.001902 0.002400 0.016139 68 71 64
0.000250 0.002910 0.015894 64 71 64
0.002834 0.000968 0.017894 63 70 63
0.005255 -0.000543 0.019213 62 69 61
-0.011812 -0.001762 0.019273 68 71 64
-0.009687 -0.001536 0.018968 66 69 62
-0.007558 -0.001273 0.018698 66 69 62
-0.005458 -0.000830 0.018312 67 70 63
-0.003705 0.001667 0.016374 67 70 63
-0.001693 0.002867 0.015470 68 71 64
0.000580 0.002730 0.015806 64 71 64
0.003210 0.000476 0.018071 63 70 63
0.005559 -0.000785 0.019016 62 69 61
-0.010304 -0.002479 0.019456 66 69 62
-0.008230 -0.002082 0.018961 66 69 62
-0.006099 -0.001834 0.018725 67 70 63
-0.004324 0.000476 0.016939 67 70 61
-0.002291 0.001391 0.016172 68 71 64
-0.000193 0.002100 0.015675 64 69 62
0.002103 0.001936 0.016182 63 70 62
0.004615 0.000532 0.017937 62 69 61
0.006923 -0.000615 0.018692 61 68 60
-0.010584 -0.002447 0.019112 66 69 62
-0.008509 -0.002046 0.018612 67 70 63
-0.006377 -0.001795 0.018372 67 70 63
-0.004603 0.000520 0.016580 67 70 61
-0.002569 0.001438 0.015808 68 71 64
-0.000470 0.002151 0.015307 65 70 63
0.001828 0.001990 0.015812 62 69 61
0.004344 0.000587 0.017568 62 69 61
0.006655 -0.000556 0.018321 60 67 59
0.008715 -0.000110 0.017696 59 67 56
-0.009924 -0.002968 0.019234 67 70 63
-0.007834 -0.002709 0.018796 67 70 63
-0.005741 -0.002274 0.018411 67 70 63
-0.003892 -0.000439 0.016933 68 69 61
-0.001906 0.000748 0.015966 68 69 63
-0.000130 0.003826 0.013933 62 67 60
0.001961 0.005458 0.013338 61 68 60
0.004947 0.000514 0.017518 61 68 60
0.007159 0.000088 0.017705 59 66 58
0.009236 0.000513 0.017132 58 66 55
0.011246 0.001889 0.016056 63 71 58
-0.010446 -0.003038 0.019027 65 68 61
-0.008380 -0.002707 0.018472 67 70 63
-0.006284 -0.002308 0.018083 67 70 63
-0.004390 -0.000719 0.016812 68 69 61
-0.002329 -0.000033 0.016194 68 69 63
-0.000686 0.003683 0.013546 66 69 62
0.001382 0.005399 0.012829 61 68 60
0.004247 0.001607 0.016303 61 68 60
0.006639 -0.000004 0.017452 59 66 58
0.008722 0.000425 0.016906 59 67 56
0.010746 0.001532 0.015943 61 69 56
-0.010161 -0.003046 0.018764 66 69 62
-0.008068 -0.002874 0.018302 68 69 63
-0.005966 -0.002554 0.017934 68 69 63
-0.004021 -0.001295 0.016875 69 70 64
-0.002091 0.000194 0.015669 68 69 63
-0.000789 0.006297 0.011345 62 67 61
0.001584 0.006160 0.012079 60 67 60
0.004729 0.000191 0.017055 59 66 58
0.007074 -0.001145 0.018011 58 65 57
0.009045 0.000238 0.016813 58 65 57
0.011007 0.001968 0.015420 62 70 59
-0.009402 -0.002914 0.018150 67 70 63
-0.007277 -0.002790 0.017838 68 69 63
-0.005209 -0.002230 0.017326 68 69 63
-0.003254 -0.001022 0.016274 68 69 63
-0.001763 0.003429 0.012978 68 69 63
0.000084 0.006506 0.011170 61 66 60
0.002672 0.004827 0.013037 60 65 59
0.005845 -0.001920 0.018339 59 66 58
0.007770 -0.000233 0.016923 58 66 55
0.009758 0.001113 0.015754 57 65 54
0.011778 0.002456 0.014668 64 72 59
-0.009714 -0.002673 0.017694 62 65 58
-0.007583 -0.002609 0.017379 64 65 59
-0.005497 -0.002168 0.016919 64 65 59
-0.003535 -0.000991 0.015893 65 66 60
-0.001942 0.002786 0.013076 68 69 63
-0.000215 0.006498 0.010686 61 66 62
0.002517 0.003878 0.013282 62 67 63
0.005680 -0.002688 0.018541 62 67 60
0.007651 -0.001368 0.017438 60 66 56
0.009524 0.000935 0.015589 59 64 57
0.011494 0.002740 0.014158 65 71 61
-0.009202 -0.002596 0.017193 57 60 53
-0.007062 -0.002530 0.016921 59 60 55
-0.005009 -0.001883 0.016314 60 61 56
-0.003062 -0.000579 0.015192 65 64 60
-0.001603 0.004220 0.011687 70 69 65
0.000458 0.005964 0.010883 62 67 63
0.003232 0.002915 0.013756 64 69 65
0.006279 -0.003120 0.018492 63 68 62
0.008107 -0.000671 0.016519 61 66 59
0.010006 0.001525 0.014759 60 65 58
0.012036 0.002822 0.013692 65 71 61
-0.010308 -0.002439 0.016884 55 57 52
-0.008205 -0.002220 0.016424 53 54 49
-0.006089 -0.001938 0.016052 57 56 54
-0.004095 -0.000918 0.015146 61 57 56
-0.002374 0.001967 0.012922 70 64 64
-0.000683 0.005714 0.010370 66 66 66
0.001925 0.003989 0.012314 66 68 67
0.004878 -0.000767 0.016338 69 71 68
0.007187 -0.001839 0.017107 66 68 63
0.008998 0.001020 0.014888 63 65 60
0.010863 0.003868 0.012726 68 71 64
-0.010315 -0.002441 0.016523 53 55 50
-0.008210 -0.002222 0.016062 49 49 47
-0.006093 -0.001939 0.015689 52 50 51
-0.004098 -0.000919 0.014780 59 53 55
-0.002376 0.001969 0.012551 71 62 65
-0.000683 0.005719 0.009992 67 65 66
0.001927 0.003992 0.011940 69 70 72
0.004881 -0.000768 0.015973 73 75 74
0.007192 -0.001840 0.016744 67 69 66
0.009004 0.001020 0.014519 63 65 60
0.010871 0.003871 0.012352 69 72 65
-0.009620 -0.001908 0.015644 42 42 40
-0.007456 -0.001908 0.015424 45 45 43
-0.005396 -0.001259 0.014793 52 48 49
-0.003478 0.000267 0.013494 60 54 56
-0.001784 0.003625 0.011051 74 65 68
0.000273 0.005348 0.010221 66 66 66
0.002971 0.002919 0.012696 72 74 73
0.006028 -0.003132 0.017447 72 74 73
0.007840 -0.000451 0.015353 66 68 65
0.009664 0.002556 0.013056 63 65 60
-0.009861 -0.002085 0.015455 56 58 53
-0.007712 -0.002043 0.015162 57 57 55
-0.005619 -0.001587 0.014672 56 52 53
-0.003614 -0.000599 0.013766 57 51 53
-0.001919 0.002610 0.011353 68 59 62
-0.000053 0.005429 0.009590 65 63 64
0.002538 0.003813 0.011472 67 69 68
0.005645 -0.002291 0.016427 66 68 67
0.007664 -0.001203 0.015532 64 66 63
0.009501 0.001600 0.013370 64 66 61
-0.009391 -0.001757 0.014777 72 73 68
-0.007225 -0.001744 0.014548 66 67 62
-0.005147 -0.001174 0.013973 61 57 56
-0.003199 0.000192 0.012786 58 52 52
-0.001480 0.003456 0.010427 62 53 54
0.000533 0.005502 0.009354 63 63 63
0.003214 0.003152 0.011735 61 61 61
0.006348 -0.003503 0.016963 57 57 55
0.008177 -0.000931 0.014943 62 62 60
0.010046 0.001665 0.012926 69 70 65
-0.008032 -0.001811 0.014308 80 81 76
-0.005930 -0.001377 0.013834 70 69 67
-0.003897 -0.000541 0.013030 58 52 52
-0.002174 0.002515 0.010744 55 46 47
-0.000335 0.005533 0.008842 63 62 60
0.002195 0.004332 0.010372 57 57 57
0.005435 -0.002654 0.016005 51 51 49
0.007436 -0.001428 0.015004 57 57 55
0.009335 0.000817 0.013235 68 69 64
-0.007804 -0.001614 0.013761 91 92 84
-0.005701 -0.001161 0.013277 74 73 68
-0.003640 -0.000470 0.012584 55 52 47
-0.001909 0.002607 0.010309 48 43 39
-0.000059 0.005592 0.008435 62 61 57
0.002502 0.004111 0.010123 50 51 46
0.005811 -0.003485 0.016211 44 45 40
0.007778 -0.002029 0.015033 54 55 50
0.009643 0.000489 0.013049 71 72 66
-0.008917 -0.001510 0.013423 112 115 104
-0.006767 -0.001337 0.013113 92 93 85
-0.004688 -0.000734 0.012503 66 66 58
-0.002827 0.001299 0.010859 48 43 37
-0.001072 0.004582 0.008583 49 46 39
0.001152 0.005364 0.008517 52 53 47
0.004162 0.000500 0.012715 38 39 33
0.006846 -0.003146 0.015548 41 42 36
0.008715 -0.000798 0.013693 64 65 59
0.010461 0.003050 0.010754 77 78 70
-0.008964 -0.001303 0.012893 129 133 119
-0.006841 -0.000959 0.012454 110 112 99
-0.004755 -0.000360 0.011855 85 87 76
-0.002887 0.001683 0.010219 67 64 55
-0.001070 0.004592 0.008221 62 59 50
0.001214 0.004941 0.008450 55 56 48
0.004296 -0.000501 0.013064 37 38 30
0.006908 -0.003648 0.015520 39 40 32
0.008711 -0.000743 0.013258 56 57 49
0.010383 0.003825 0.009799 70 72 61
-0.007637 -0.001108 0.012271 135 139 122
-0.005552 -0.000501 0.011670 114 116 102
-0.003561 0.000723 0.010606 95 93 80
-0.001792 0.003769 0.008430 81 79 66
0.000297 0.005324 0.007685 64 66 53
0.003128 0.001866 0.010823 43 45 34
0.006222 -0.004493 0.015859 34 36 25
0.008016 -0.001648 0.013622 44 46 35
0.009730 0.002344 0.010562 58 60 49
-0.007711 -0.000749 0.011616 154 159 139
-0.005649 0.000030 0.010890 134 139 119
-0.003648 0.001239 0.009850 113 114 96
-0.001802 0.003820 0.008011 100 101 85
0.000367 0.004845 0.007653 67 69 55
0.003220 0.001199 0.010927 44 46 33
0.006233 -0.004606 0.015539 34 36 23
0.007959 -0.001153 0.012867 40 42 29
0.009618 0.003424 0.009393 48 50 37
0.011401 0.007515 0.006290 66 68 55
-0.008761 -0.001040 0.011550 175 183 159
-0.006684 -0.000375 0.010890 162 167 144
-0.004601 0.000307 0.010230 145 149 126
-0.002750 0.002601 0.008460 125 127 105
-0.000827 0.004989 0.006912 94 95 77
0.001686 0.003840 0.008299 59 62 45
0.004938 -0.003024 0.013954 34 37 20
0.007118 -0.003090 0.013981 32 35 18
0.008782 0.001166 0.010730 39 41 27
0.010436 0.006172 0.006955 52 54 40
-0.008807 -0.000830 0.011016 193 202 173
-0.006765 0.000040 0.010192 179 188 159
-0.004669 0.000684 0.009567 163 169 141
-0.002787 0.002815 0.007918 144 148 123
-0.000823 0.004970 0.006549 101 105 82
0.001738 0.003499 0.008187 61 64 45
0.004934 -0.002989 0.013545 34 37 18
0.007077 -0.002737 0.013337 30 33 14
0.008687 0.002040 0.009706 32 35 18
0.010419 0.006374 0.006404 47 50 33
0.012524 0.007560 0.005381 68 70 56
-0.007788 -0.000429 0.010252 185 194 163
-0.005739 0.000467 0.009431 173 182 151
-0.003708 0.001559 0.008479 164 171 140
-0.001827 0.003965 0.006763 153 157 130
0.000408 0.004599 0.006709 92 96 73
0.003259 0.000971 0.009976 65 68 47
0.006214 -0.004399 0.014262 53 56 35
0.007857 -0.000175 0.011021 47 50 31
0.009569 0.004049 0.007789 38 41 22
0.011429 0.007464 0.005149 57 60 43
0.013606 0.007957 0.004593 68 70 56
-0.008045 -0.000575 0.009993 184 194 159
-0.006027 0.000480 0.009035 178 188 153
-0.003897 0.000964 0.008531 173 183 148
-0.002033 0.003370 0.006745 165 172 139
0.000083 0.004705 0.006090 113 117 92
0.002818 0.001978 0.008700 92 96 73
0.005888 -0.003993 0.013555 77 81 58
0.007658 -0.000782 0.011080 65 69 46
0.009405 0.003049 0.008126 47 50 29
0.011217 0.006808 0.005211 53 56 37
0.013343 0.007813 0.004282 60 63 46
0.017165 0.015245 -0.001885 48 51 34
-0.007348 0.000127 0.009042 180 190 153
-0.005241 0.000734 0.008437 182 192 155
-0.003301 0.002469 0.007029 182 190 153
-0.001361 0.004681 0.005534 168 175 141
0.001146 0.003623 0.006852 125 131 103
0.004149 -0.001273 0.011056 107 111 84
0.006595 -0.003120 0.012522 97 101 76
0.008208 0.001583 0.008934 72 76 53
0.010008 0.005198 0.006125 47 51 28
0.012007 0.007378 0.004359 53 56 37
0.015932 0.013275 -0.000591 45 48 31
0.017801 0.018118 -0.004617 45 48 31
-0.007383 0.000313 0.008544 179 192 149
-0.005257 0.000821 0.008005 186 199 156
-0.003304 0.002481 0.006650 192 203 160
-0.001329 0.004475 0.005315 182 190 153
0.001258 0.002882 0.007055 144 151 118
0.004183 -0.001501 0.010860 128 133 101
0.006491 -0.002285 0.011509 118 123 93
0.008189 0.001788 0.008401 85 89 64
0.010031 0.005035 0.005847 52 56 31
0.012036 0.007141 0.004125 48 53 31
0.015801 0.014899 -0.002247 37 40 21
0.017713 0.019403 -0.006014 39 42 23
-0.008374 -0.000337 0.008757 175 187 141
-0.006348 0.000696 0.007796 183 196 152
-0.004193 0.001062 0.007373 200 211 168
-0.002310 0.003369 0.005650 205 214 171
-0.000132 0.004322 0.005284 170 178 139
0.002658 0.001252 0.008179 157 162 130
0.005587 -0.003660 0.012218 147 152 120
0.007295 0.000104 0.009321 124 129 99
0.009140 0.003150 0.006939 74 79 49
0.010984 0.006615 0.004214 47 51 28
0.013091 0.007830 0.003115 42 46 23
0.014876 0.012673 -0.000822 33 36 15
0.016786 0.016886 -0.004314 30 33 14
-0.006626 0.000705 0.007461 175 189 140
-0.004445 0.000894 0.007141 191 203 155
-0.002495 0.002679 0.005733 198 210 164
-0.000400 0.004035 0.004959 182 190 149
0.002328 0.001438 0.007503 169 175 139
0.005180 -0.002719 0.011059 165 171 135
0.007027 0.000018 0.008964 148 153 121
0.008918 0.002715 0.006886 102 107 75
0.010807 0.005714 0.004511 74 78 51
0.012901 0.007019 0.003364 62 66 39
0.016583 0.016054 -0.004046 43 46 25
-0.007937 0.000303 0.007543 167 181 130
-0.005847 0.000998 0.006810 174 188 137
-0.003735 0.001664 0.006158 191 203 153
-0.001765 0.003562 0.004805 194 203 158
0.000649 0.003056 0.005640 184 192 151
0.003464 -0.000354 0.008763 178 184 148
0.006022 -0.002797 0.010784 178 184 148
0.007682 0.001549 0.007461 153 158 126
0.009594 0.004171 0.005383 108 113 81
0.011550 0.006711 0.003334 91 96 66
0.015298 0.014562 -0.003135 59 63 38
0.017274 0.018257 -0.006266 55 59 36
-0.008255 0.000627 0.007078 162 177 122
-0.006162 0.001231 0.006319 168 182 129
-0.003931 0.001138 0.006187 184 197 144
-0.001921 0.002688 0.005038 189 198 151
0.000327 0.003167 0.005032 195 204 161
0.003048 0.000483 0.007608 190 197 156
0.005749 -0.002822 0.010391 195 201 163
0.007422 0.001388 0.007158 180 186 150
0.009368 0.003752 0.005312 137 143 107
0.011346 0.006067 0.003450 117 122 90
0.015127 0.013403 -0.002623 73 77 50
0.017130 0.016689 -0.005410 68 72 45
-0.007509 0.001024 0.006270 157 172 117
-0.005323 0.001166 0.005913 167 180 126
-0.003253 0.002160 0.005041 183 196 142
-0.001162 0.003451 0.004241 188 198 148
0.001401 0.001983 0.005870 201 210 167
0.004189 -0.001460 0.008939 205 212 171
0.006233 -0.000131 0.007966 212 219 178
0.008101 0.002776 0.005748 184 190 152
0.010072 0.005037 0.003942 147 153 117
0.012143 0.006583 0.002630 129 135 101
0.015817 0.015446 -0.004682 85 90 60
0.017867 0.018443 -0.007276 76 80 53
-0.007884 0.001650 0.005561 153 168 109
-0.005674 0.001623 0.005253 159 173 114
-0.003482 0.001842 0.004922 175 189 130
-0.001365 0.002920 0.004258 180 190 138
0.001068 0.002241 0.005203 211 220 175
0.003752 -0.000417 0.007649 216 223 179
0.006113 -0.001382 0.008497 232 239 197
0.007853 0.002494 0.005530 209 216 175
0.009852 0.004502 0.003929 172 178 140
0.011919 0.006089 0.002612 156 162 126
0.015610 0.014672 -0.004461 99 105 71
0.017719 0.016906 -0.006425 90 95 63
-0.007089 0.001792 0.004933 156 171 112
-0.004818 0.001452 0.004914 166 180 121
-0.002731 0.002518 0.004103 178 192 133
-0.000507 0.003115 0.003945 192 202 149
0.002117 0.001144 0.005930 201 208 164
0.004836 -0.002083 0.008695 211 218 174
0.006611 0.001325 0.006075 218 225 181
0.008562 0.003673 0.004258 198 205 163
0.010593 0.005514 0.002763 185 189 152
0.012727 0.006500 0.001865 158 164 126
0.014453 0.011869 -0.002530 123 129 93
0.016377 0.015933 -0.005915 121 127 93
0.018513 0.018068 -0.007797 105 110 78
-0.007209 0.002465 0.004064 159 173 112
-0.004904 0.001988 0.004160 165 179 118
-0.002779 0.002909 0.003510 178 189 129
-0.000422 0.002655 0.004001 187 196 143
0.002183 0.000723 0.005901 190 198 151
0.004807 -0.001900 0.008137 199 207 160
0.006590 0.001513 0.005533 211 219 172
0.008548 0.003825 0.003738 200 207 163
0.010595 0.005527 0.002337 198 203 163
0.012744 0.006386 0.001540 174 181 140
0.014466 0.011842 -0.002912 142 148 110
0.016411 0.015719 -0.006135 143 149 113
0.018561 0.017695 -0.007882 129 135 101
-0.006044 0.002125 0.003790 161 175 114
-0.003874 0.002582 0.003312 171 185 123
-0.001631 0.002956 0.003213 174 185 127
0.000882 0.001728 0.004548 180 188 137
0.003502 -0.000526 0.006625 181 189 140
0.005775 -0.000817 0.006927 196 204 155
0.007572 0.002679 0.004263 205 213 166
0.009571 0.004711 0.002620 200 207 163
0.011669 0.006058 0.001480 211 216 176
0.015366 0.014662 -0.005611 162 169 128
0.017492 0.016748 -0.007457 164 170 132
-0.006095 0.002366 0.003191 165 177 115
-0.003946 0.003019 0.002601 173 185 121
-0.001587 0.002665 0.003050 175 185 125
0.000960 0.001171 0.004562 170 179 126
0.003494 -0.000500 0.006190 172 180 129
0.005700 -0.000237 0.006077 184 192 141
0.007575 0.002727 0.003858 203 211 162
0.009562 0.004871 0.002114 209 217 170
0.011670 0.006119 0.001036 227 232 191
0.015395 0.014491 -0.005871 185 192 150
0.017543 0.016323 -0.007512 189 196 155
-0.007285 0.002761 0.002630 168 182 120
-0.004974 0.002339 0.002734 167 179 115
-0.002808 0.003074 0.002236 175 185 122
-0.000334 0.002053 0.003294 165 174 117
0.002226 0.000418 0.004957 159 167 116
0.004760 -0.001528 0.006673 166 174 123
0.006577 0.001739 0.004215 185 193 142
0.008561 0.003903 0.002531 212 220 171
0.010603 0.005684 0.001046 240 246 202
0.012768 0.006431 0.000325 224 232 185
0.014495 0.011916 -0.004168 199 207 160
0.016487 0.015333 -0.007031 212 219 175
-0.007023 0.002787 0.002145 168 180 116
-0.004729 0.002509 0.002172 167 177 114
-0.002503 0.002867 0.001952 174 183 120
0.000029 0.001422 0.003317 159 168 111
0.002514 0.000273 0.004604 159 167 116
0.004970 -0.001078 0.005884 162 171 118
0.006838 0.001900 0.003682 179 187 136
0.008856 0.003823 0.002191 204 214 162
0.010890 0.005687 0.000627 232 238 190
0.013061 0.006381 -0.000058 210 218 169
0.014796 0.011851 -0.004553 196 204 155
0.016818 0.014970 -0.007183 214 222 175
-0.007894 0.002931 0.001743 175 187 123
-0.005566 0.002464 0.001892 162 172 109
-0.003408 0.003183 0.001326 171 180 117
-0.000892 0.001861 0.002550 166 174 115
0.001630 0.000508 0.003976 157 166 113
0.004089 -0.000702 0.005218 159 168 115
0.006037 0.001630 0.003518 161 170 117
0.008082 0.003357 0.002226 188 196 145
0.010092 0.005376 0.000544 217 224 173
0.012245 0.006270 -0.000284 207 213 165
0.015981 0.014823 -0.007387 211 219 168
-0.007043 0.002918 0.001341 168 180 114
-0.004772 0.002776 0.001238 165 174 111
-0.002472 0.002705 0.001348 170 179 116
0.000071 0.001201 0.002764 153 162 105
0.002514 0.000300 0.003819 158 166 115
0.004918 -0.000653 0.004774 154 163 110
0.006836 0.001976 0.002837 158 167 114
0.008878 0.003738 0.001473 193 204 148
0.010913 0.005608 -0.000106 205 212 160
0.013088 0.006303 -0.000790 185 194 139
0.014838 0.011643 -0.005197 188 197 142
0.016877 0.014582 -0.007691 215 224 171
-0.007334 0.002956 0.000964 169 181 115
-0.005060 0.002819 0.000856 162 171 108
-0.002758 0.002752 0.000963 169 175 113
-0.000212 0.001251 0.002377 155 163 106
0.002234 0.000353 0.003432 156 164 113
0.004641 -0.000597 0.004385 152 161 108
0.006559 0.002036 0.002441 145 154 101
0.008601 0.003802 0.001072 181 192 136
0.010636 0.005677 -0.000514 196 203 151
0.012813 0.006377 -0.001204 175 184 129
0.014559 0.011723 -0.005624 184 193 138
0.016598 0.014668 -0.008127 215 224 169
-0.006230 0.003189 0.000413 164 173 110
-0.003949 0.003111 0.000355 166 171 107
-0.001470 0.002047 0.001354 167 171 112
0.001047 0.000656 0.002696 149 158 103
0.003409 0.000142 0.003334 159 168 115
0.005568 0.000937 0.002837 138 147 94
0.007594 0.002844 0.001436 148 157 102
0.009615 0.004776 -0.000162 201 210 155
0.011734 0.005986 -0.001242 165 174 119
0.015548 0.013588 -0.007608 198 207 150
0.017741 0.014971 -0.008867 220 230 170
-0.006234 0.003191 0.000023 166 172 110
-0.003952 0.003114 -0.000036 168 170 105
-0.001471 0.002049 0.000965 167 171 112
0.001048 0.000656 0.002309 157 166 111
0.003412 0.000142 0.002949 171 180 127
0.005572 0.000938 0.002450 145 154 101
0.007599 0.002846 0.001045 146 155 100
0.009622 0.004780 -0.000557 198 207 152
0.011742 0.005990 -0.001640 151 160 103
0.015560 0.013599 -0.008022 193 203 143
-0.005152 0.003575 -0.000644 165 169 108
-0.002716 0.002770 0.000066 170 172 107
-0.000180 0.001253 0.001397 160 168 109
0.002235 0.000393 0.002252 176 186 133
0.004521 0.000282 0.002474 169 180 124
0.006534 0.002307 0.001031 139 148 91
0.008604 0.003927 -0.000217 168 177 120
0.010668 0.005582 -0.001640 163 172 115
0.012870 0.006010 -0.002157 141 151 90
0.014663 0.010883 -0.006223 168 178 117
0.016741 0.013412 -0.008366 203 213 150
-0.004869 0.003538 -0.001046 166 170 109
-0.002432 0.002728 -0.000331 169 171 108
0.000103 0.001205 0.001008 165 173 114
0.002519 0.000341 0.001868 189 199 146
0.004806 0.000226 0.002093 176 187 131
0.006822 0.002250 0.000648 140 149 92
0.008894 0.003869 -0.000601 171 180 123
0.010962 0.005521 -0.002025 139 148 91
0.013164 0.005945 -0.002539 133 143 82
0.014964 0.010820 -0.006615 168 178 115
0.017045 0.013347 -0.008761 199 209 146
-0.005764 0.003821 -0.001552 165 171 109
-0.003352 0.003239 -0.000999 169 171 108
-0.000817 0.001706 0.000261 167 168 111
0.001643 0.000490 0.001303 191 200 147
0.003908 0.000580 0.001363 199 208 155
0.005949 0.002493 0.000070 149 158 103
0.008080 0.003711 -0.000804 152 161 106
0.010152 0.005318 -0.002173 178 187 130
0.012357 0.005710 -0.002669 115 125 65
0.016297 0.012172 -0.008151 187 198 132
-0.005205 0.003890 -0.002008 167 171 112
-0.002716 0.002864 -0.001070 169 170 110
-0.000186 0.001299 0.000203 176 181 125
0.002224 0.000432 0.000999 209 217 166
0.004458 0.000745 0.000881 202 211 158
0.006510 0.002612 -0.000387 144 153 100
0.008599 0.004159 -0.001565 157 166 111
0.010696 0.005572 -0.002808 134 143 88
0.012920 0.005784 -0.003180 110 119 62
0.014745 0.010355 -0.007025 153 163 102
0.016881 0.012261 -0.008650 186 196 135
-0.005804 0.004026 -0.002482 170 173 116
-0.003371 0.003435 -0.001836 169 170 112
-0.000840 0.001901 -0.000626 170 170 116
0.001607 0.000756 0.000311 196 203 152
0.003841 0.001108 0.000166 217 220 173
0.005899 0.003002 -0.001080 173 179 131
0.008064 0.003976 -0.001780 169 175 127
0.010166 0.005330 -0.002978 187 193 145
0.012394 0.005507 -0.003320 120 128 77
0.016457 0.010694 -0.007735 183 193 132
-0.004955 0.004056 -0.002945 174 174 120
-0.002442 0.002993 -0.001891 170 170 116
0.000070 0.001470 -0.000728 173 177 127
0.002467 0.000681 -0.000017 207 210 165
0.004663 0.001322 -0.000394 217 223 177
0.006753 0.003004 -0.001491 187 193 149
0.008874 0.004320 -0.002507 199 204 163
0.011006 0.005427 -0.003534 155 162 120
0.013244 0.005488 -0.003796 136 143 99
0.015119 0.009620 -0.007279 158 167 114
-0.004959 0.004156 -0.003331 174 176 126
-0.002448 0.003141 -0.002290 168 171 118
0.000035 0.001807 -0.001300 172 174 127
0.002401 0.001320 -0.000788 202 203 161
0.004576 0.002170 -0.001330 230 232 192
0.006708 0.003478 -0.002208 210 212 175
0.008866 0.004438 -0.003004 216 220 185
0.011024 0.005260 -0.003848 175 179 144
0.013268 0.005268 -0.004064 147 153 115
0.015209 0.008724 -0.006978 158 165 121
-0.005819 0.004175 -0.003660 180 182 135
-0.003379 0.003561 -0.003009 171 173 124
-0.000867 0.002177 -0.001926 172 171 127
0.001548 0.001319 -0.001198 185 183 142
0.003764 0.001915 -0.001510 226 224 186
0.005854 0.003573 -0.002633 236 237 205
0.008061 0.004168 -0.003113 232 231 201
0.010192 0.005254 -0.004150 232 235 208
0.012433 0.005316 -0.004412 171 174 145
0.014428 0.008065 -0.006793 150 156 122
-0.003061 0.003401 -0.003241 170 173 126
-0.000575 0.002075 -0.002290 169 170 126
0.001802 0.001457 -0.001765 183 179 142
0.004006 0.002232 -0.002166 235 232 197
0.006102 0.003877 -0.003293 255 255 227
0.008334 0.004237 -0.003628 252 250 225
0.010490 0.005105 -0.004501 235 237 215
0.012737 0.005079 -0.004709 184 186 162
-0.003707 0.003778 -0.003974 172 175 130
-0.001185 0.002366 -0.002874 169 170 128
0.001226 0.001451 -0.002209 175 171 133
0.003470 0.001975 -0.002385 221 217 182
0.005568 0.003587 -0.003486 255 253 228
0.007802 0.003980 -0.003808 254 249 229
0.009945 0.005021 -0.004776 254 253 235
0.012189 0.005030 -0.005021 204 206 185
-0.003029 0.003329 -0.003836 167 173 129
-0.000567 0.002032 -0.003036 163 165 125
0.001784 0.001531 -0.002670 179 175 138
0.003986 0.002346 -0.003112 237 234 201
0.006083 0.004013 -0.004263 253 252 231
0.008319 0.004419 -0.004610 253 250 231
0.010508 0.005196 -0.005303 241 239 224
0.012782 0.005007 -0.005342 205 206 188
-0.003675 0.003749 -0.004560 170 175 134
-0.001171 0.002305 -0.003583 162 164 124
0.001214 0.001486 -0.003074 169 167 128
0.003447 0.002096 -0.003339 220 217 184
0.005547 0.003740 -0.004462 255 255 229
0.007786 0.004120 -0.004785 253 250 231
0.009951 0.005180 -0.005654 252 250 235
0.012235 0.004938 -0.005643 224 225 209
-0.002395 0.003146 -0.004300 161 168 126
0.000014 0.002051 -0.003777 154 156 116
0.002310 0.001950 -0.003729 187 185 147
0.004496 0.002797 -0.004307 252 251 220
0.006653 0.003897 -0.005132 253 255 234
0.008831 0.004991 -0.005916 251 248 231
0.011106 0.005166 -0.006048 247 245 230
0.013421 0.004759 -0.005800 218 220 199
-0.002397 0.003148 -0.004698 160 167 125
0.000014 0.002053 -0.004174 151 153 113
0.002312 0.001951 -0.004126 186 184 146
0.004499 0.002799 -0.004707 255 254 223
0.006658 0.003900 -0.005534 254 255 235
0.008837 0.004995 -0.006320 252 249 232
0.011114 0.005170 -0.006453 254 252 237
0.013431 0.004763 -0.006204 229 231 210
-0.000914 0.002910 -0.004875 152 156 119
0.001427 0.002283 -0.004676 165 163 125
0.003638 0.002835 -0.005140 222 219 188
0.005778 0.004059 -0.006088 251 251 225
0.007985 0.004825 -0.006688 253 252 234
0.010210 0.005569 -0.007225 248 249 233
0.012598 0.004779 -0.006524 243 244 226
0.014844 0.004926 -0.006795 218 220 198
-0.000316 0.002649 -0.005172 152 154 115
0.001984 0.002401 -0.005171 172 169 134
0.004183 0.003069 -0.005729 228 227 197
0.006361 0.003950 -0.006461 251 251 227
0.008525 0.005222 -0.007381 253 252 234
0.010828 0.005241 -0.007365 251 252 236
0.013198 0.004539 -0.006761 242 244 223
-0.000645 0.003123 -0.005765 149 155 117
0.001691 0.002519 -0.005612 161 158 123
0.003889 0.003129 -0.006193 211 210 180
0.006046 0.004184 -0.007071 247 247 221
0.008258 0.004877 -0.007666 254 253 235
0.010483 0.005584 -0.008227 252 253 237
0.012907 0.004482 -0.007244 247 248 230
0.000545 0.002651 -0.005991 152 154 117
0.002799 0.002769 -0.006262 179 176 143
0.004964 0.003716 -0.007068 226 226 198
0.007189 0.004165 -0.007544 252 251 230
0.009340 0.005589 -0.008621 254 253 235
0.011732 0.004681 -0.007919 253 254 236
-0.001507 0.003153 -0.006522 148 155 121
0.000841 0.002560 -0.006350 153 155 118
0.003021 0.003403 -0.007056 175 174 144
0.005140 0.004890 -0.008204 227 227 201
0.007392 0.005158 -0.008582 254 253 233
0.009571 0.006329 -0.009516 254 255 237
0.012041 0.004663 -0.008246 254 255 237
0.014457 0.003603 -0.007229 252 254 232
0.000267 0.002610 -0.006741 158 162 127
0.002489 0.003095 -0.007212 164 163 132
0.004608 0.004570 -0.008350 200 200 172
0.006846 0.004944 -0.008812 237 236 215
0.009015 0.006215 -0.009816 253 254 236
0.011441 0.004879 -0.008897 253 254 236
0.013885 0.003692 -0.007727 253 255 234
-0.000881 0.002624 -0.007105 155 165 131
0.001393 0.002750 -0.007303 162 163 129
0.003491 0.004459 -0.008529 169 169 141
0.005622 0.005948 -0.009695 207 207 183
0.007855 0.006638 -0.010301 244 243 223
0.010133 0.007013 -0.010633 254 255 237
0.012667 0.004945 -0.008912 249 250 232
0.015162 0.003209 -0.007250 241 243 221
-0.000882 0.002626 -0.007508 163 172 141
0.001394 0.002752 -0.007707 165 166 132
0.003494 0.004462 -0.008936 159 159 131
0.005626 0.005953 -0.010105 190 190 166
0.007861 0.006644 -0.010714 237 236 216
0.010140 0.007019 -0.011046 254 255 237
0.012676 0.004949 -0.009322 247 248 230
0.015173 0.003212 -0.007656 243 245 223
-0.001750 0.002700 -0.007900 175 188 158
0.000568 0.002407 -0.007898 179 186 152
0.002733 0.003526 -0.008725 150 153 122
0.004816 0.005421 -0.010149 159 162 135
0.007013 0.006355 -0.010986 206 208 186
0.011740 0.005325 -0.010301 248 249 231
0.014307 0.003344 -0.008219 252 254 233
-0.000864 0.002439 -0.008224 176 187 157
0.001383 0.002845 -0.008591 172 176 143
0.003482 0.004559 -0.009857 138 141 112
0.005611 0.006079 -0.011080 157 159 135
0.007848 0.006789 -0.011708 224 226 205
0.010161 0.006892 -0.011823 252 253 235
0.012701 0.004969 -0.010108 242 244 223
0.015295 0.002627 -0.007696 242 244 222
-0.001156 0.002524 -0.008631 184 197 169
0.001107 0.002716 -0.008931 183 190 157
0.003255 0.003899 -0.009904 143 148 118
0.005378 0.005375 -0.011139 149 153 128
0.007611 0.005920 -0.011745 208 210 188
0.009885 0.006347 -0.012114 252 254 233
0.012380 0.004693 -0.010715 244 246 225
0.014990 0.002591 -0.008289 250 252 231
-0.002029 0.002695 -0.009026 207 221 195
0.000261 0.002629 -0.009210 206 215 184
0.002439 0.003580 -0.010007 163 168 136
0.004553 0.005120 -0.011276 140 144 117
0.006749 0.006006 -0.012131 174 178 155
0.009016 0.006470 -0.012565 236 238 217
0.011491 0.004788 -0.011345 251 253 232
0.014051 0.003258 -0.009430 249 251 230
-0.001449 0.002651 -0.009437 211 224 198
0.000799 0.002934 -0.009854 206 213 182
0.002955 0.004012 -0.010812 157 162 132
0.005093 0.005306 -0.011972 143 149 123
0.007338 0.005632 -0.012504 185 189 166
0.009646 0.005521 -0.012585 241 244 223
0.014704 0.002583 -0.009236 253 255 234
-0.001727 0.002630 -0.009765 224 238 212
0.000533 0.002756 -0.010129 220 229 200
0.002717 0.003620 -0.010924 170 175 145
0.004848 0.004984 -0.012119 140 146 120
0.007052 0.005703 -0.012924 171 175 152
0.009356 0.005600 -0.013053 230 233 212
0.014332 0.003071 -0.010361 251 253 232
-0.000586 0.002594 -0.010298 231 244 216
0.001629 0.003159 -0.010915 208 215 184
0.003760 0.004479 -0.012072 151 157 129
0.005926 0.005541 -0.013116 143 149 123
0.008201 0.005527 -0.013449 198 202 179
-0.000317 0.002726 -0.010825 234 244 219
0.001878 0.003486 -0.011571 208 215 184
0.004007 0.004858 -0.012779 162 168 142
0.006189 0.005791 -0.013754 159 164 141
0.008495 0.005496 -0.013874 207 210 189
-0.000566 0.002473 -0.011003 235 248 222
0.001626 0.003202 -0.011765 218 229 199
0.003737 0.004732 -0.013077 180 189 162
0.005911 0.005759 -0.014108 168 173 150
0.008188 0.005692 -0.014449 200 205 182
-0.001648 0.002133 -0.010957 239 251 229
0.000542 0.002725 -0.011728 236 246 221
0.002692 0.003875 -0.012767 211 220 191
0.004813 0.005390 -0.014092 185 194 167
0.007034 0.005972 -0.014857 188 193 170
0.009379 0.005108 -0.014650 219 222 203
-0.001587 0.001829 -0.011026 240 254 231
0.000546 0.002747 -0.012116 238 251 225
0.002662 0.004173 -0.013373 221 230 203
0.004769 0.005850 -0.014822 199 207 183
0.007011 0.006270 -0.015479 194 202 178
0.009370 0.005139 -0.015164 214 219 197
-0.002082 0.001430 -0.010961 241 254 234
0.000001 0.002564 -0.012319 241 254 228
0.002141 0.003748 -0.013422 238 247 220
0.004237 0.005494 -0.014915 220 228 204
0.006443 0.006302 -0.015816 203 211 187
0.008774 0.005622 -0.015790 210 215 193
-0.001297 0.001930 -0.011832 238 254 228
0.000776 0.003311 -0.013285 239 252 226
0.002824 0.005348 -0.015015 237 242 220
0.004957 0.006855 -0.016393 219 227 204
0.007286 0.006431 -0.016510 210 220 195
-0.001298 0.001932 -0.012242 236 252 226
0.000777 0.003313 -0.013698 239 252 226
0.002826 0.005352 -0.015433 241 246 224
0.004961 0.006860 -0.016815 226 234 211
0.007292 0.006436 -0.016932 217 227 202
-0.001791 -0.000102 -0.010607 232 247 224
0.000066 0.002448 -0.013174 237 251 226
0.002054 0.004662 -0.015205 242 252 228
0.004113 0.006705 -0.017023 237 245 224
0.006339 0.007449 -0.017909 229 237 214
0.008767 0.005801 -0.017235 220 228 204
-0.001160 0.001209 -0.012300 231 247 221
0.000768 0.003536 -0.014581 240 253 227
0.002763 0.005951 -0.016676 245 253 232
0.004885 0.007584 -0.018202 240 248 227
0.007273 0.006686 -0.017986 232 242 217
-0.004787 -0.003352 -0.009121 228 244 218
-0.002805 -0.001331 -0.010710 227 241 216
-0.000631 -0.000535 -0.011442 231 245 220
0.001130 0.003047 -0.014604 240 254 229
0.003019 0.006245 -0.017357 248 255 237
0.005120 0.008029 -0.019058 250 255 235
0.007541 0.006818 -0.018620 238 246 222
-0.005692 -0.003114 -0.009704 229 245 219
-0.003541 -0.002111 -0.010440 228 242 217
-0.001401 -0.001085 -0.011321 229 243 218
0.000388 0.002232 -0.014250 237 251 226
0.002237 0.005578 -0.017157 243 252 231
0.004285 0.007765 -0.019149 247 252 232
0.006618 0.007516 -0.019385 243 251 227
0.009095 0.005283 -0.018313 230 235 212
-0.007488 -0.001902 -0.011851 224 238 213
-0.004766 -0.004110 -0.009857 232 248 222
-0.002697 -0.002556 -0.010996 230 244 219
-0.000394 -0.002492 -0.010978 234 248 223
0.003015 0.006364 -0.018257 242 251 230
-0.007121 -0.002298 -0.011865 226 240 215
-0.004505 -0.003877 -0.010363 233 249 223
-0.002401 -0.002567 -0.011346 231 245 220
-0.000197 -0.001799 -0.011883 238 250 226
0.001444 0.002884 -0.015755 239 253 230
0.003205 0.007196 -0.019353 236 248 226
0.007844 0.006646 -0.019926 234 244 219
-0.007792 -0.002023 -0.012701 222 236 211
-0.005020 -0.004650 -0.010493 235 249 224
-0.002901 -0.003520 -0.011376 230 246 220
-0.000559 -0.003722 -0.011120 237 251 226
0.002765 0.006099 -0.018847 233 247 222
-0.006404 -0.003375 -0.012009 233 247 222
-0.003959 -0.004117 -0.011307 235 251 225
-0.001706 -0.003818 -0.011525 232 248 222
0.000477 -0.002832 -0.012147 240 254 229
-0.005547 -0.004755 -0.011012 234 248 223
-0.003374 -0.004358 -0.011643 228 246 220
-0.001132 -0.004129 -0.011916 233 249 223
0.001111 -0.003619 -0.012194 241 255 230
-0.006290 -0.003760 -0.012189 230 244 219
-0.003882 -0.004698 -0.011696 228 246 220
-0.001708 -0.004140 -0.012327 228 246 220
0.000582 -0.003978 -0.012347 238 252 227
-0.004697 -0.005787 -0.010368 229 245 219
-0.002667 -0.004898 -0.011730 224 244 217
-0.000540 -0.004228 -0.012617 230 249 221
0.001765 -0.004445 -0.012516 236 252 225
-0.004172 -0.005677 -0.011001 224 242 216
-0.002164 -0.004620 -0.012494 224 244 217
0.000051 -0.004401 -0.012916 230 249 221
0.002280 -0.004037 -0.013268 234 250 221
-0.004269 -0.006164 -0.010378 224 240 214
-0.002097 -0.006113 -0.011010 223 243 216
-0.000039 -0.005323 -0.012232 227 247 220
0.002230 -0.005822 -0.012249 231 251 223
-0.002929 -0.006043 -0.011259 224 242 216
-0.000870 -0.005288 -0.012497 228 248 221
0.001366 -0.005556 -0.012741 234 253 225
-0.004503 -0.006310 -0.010859 227 237 213
-0.002168 -0.007139 -0.010657 230 246 220
-0.000025 -0.006876 -0.011380 235 250 227
0.002174 -0.007156 -0.011731 235 253 227
-0.004506 -0.006315 -0.011260 227 235 212
-0.002170 -0.007144 -0.011058 236 246 222
-0.000025 -0.006881 -0.011782 239 253 230
0.002175 -0.007162 -0.012133 239 255 229
-0.002707 -0.007156 -0.011265 240 243 222
-0.000430 -0.007613 -0.011280 249 253 236
0.001743 -0.007541 -0.011799 245 254 233
-0.004203 -0.006483 -0.011957 234 233 213
-0.001797 -0.007708 -0.011379 250 249 229
0.000395 -0.007611 -0.011830 253 255 239
0.002590 -0.007767 -0.012200 246 255 234
-0.003893 -0.006691 -0.012237 227 222 203
-0.001506 -0.007799 -0.011743 246 239 223
0.000673 -0.007526 -0.012267 245 246 230
0.002897 -0.007791 -0.012484 245 254 233
-0.004202 -0.006544 -0.012730 217 205 189
-0.001795 -0.007742 -0.012157 236 224 210
0.000411 -0.007617 -0.012551 238 235 220
0.002616 -0.007684 -0.012902 245 252 234
-0.003021 -0.006973 -0.012971 216 202 189
-0.000678 -0.007778 -0.012676 234 220 207
0.001536 -0.007753 -0.013013 244 245 229
0.003799 -0.008335 -0.012962 241 253 233
-0.002420 -0.007301 -0.013229 215 195 184
-0.000114 -0.007829 -0.013107 225 211 200
0.002093 -0.007809 -0.013476 248 249 233
-0.002410 -0.007368 -0.013572 207 180 171
-0.000115 -0.007823 -0.013520 222 200 189
0.002119 -0.008011 -0.013731 251 248 233
-0.003294 -0.007056 -0.014077 191 158 151
-0.000968 -0.007716 -0.013908 210 175 169
0.001270 -0.007845 -0.014136 226 212 201
0.003556 -0.008573 -0.013971 233 234 218
-0.002688 -0.007399 -0.014313 186 145 141
-0.000411 -0.007702 -0.014386 200 161 156
0.001834 -0.007945 -0.014569 231 214 204
-0.002690 -0.007405 -0.014719 179 129 128
-0.000411 -0.007709 -0.014792 189 144 141
0.001835 -0.007951 -0.014975 220 197 189
-0.003265 -0.007278 -0.015108 166 110 111
-0.001000 -0.007474 -0.015293 178 122 123
0.001229 -0.007490 -0.015615 194 161 156
0.003521 -0.008199 -0.015471 206 189 181
-0.004534 -0.006405 -0.016071 154 92 95
-0.002104 -0.007617 -0.015457 162 100 103
0.000107 -0.007399 -0.015913 162 110 112
0.002370 -0.007774 -0.016010 197 166 163
-0.003867 -0.007008 -0.016021 157 92 96
-0.001573 -0.007392 -0.016090 165 101 102
0.000603 -0.006908 -0.016768 169 115 115
0.002874 -0.007321 -0.016841 187 156 153
-0.003870 -0.007013 -0.016429 162 93 98
-0.001574 -0.007398 -0.016499 168 99 102
0.000604 -0.006914 -0.017178 168 109 111
0.002876 -0.007326 -0.017252 176 138 137
-0.002140 -0.007328 -0.016845 168 93 98
0.000005 -0.006595 -0.017732 165 99 103
0.002274 -0.006908 -0.017881 168 120 120
0.004543 -0.007363 -0.017927 170 130 128
-0.003859 -0.007021 -0.017155 171 92 98
-0.001613 -0.007103 -0.017518 170 93 99
0.000562 -0.006580 -0.018254 166 97 102
0.002847 -0.007044 -0.018294 157 105 107
-0.001402 -0.006450 -0.018347 171 90 96
0.000796 -0.006142 -0.018995 161 90 94
0.003101 -0.006789 -0.018929 148 89 93
-0.001692 -0.006407 -0.018757 176 94 100
0.000507 -0.006095 -0.019411 168 92 96
0.002815 -0.006736 -0.019352 153 88 94
0.004258 -0.007098 -0.019691 158 92 96
0.003760 -0.001346 0.038794 75 86 82
0.002009 -0.000811 0.038530 75 86 82
0.004011 -0.001442 0.038461 75 86 82
0.000755 -0.000384 0.038229 76 85 82
0.002763 -0.001068 0.038191 75 86 82
-0.001518 0.000364 0.037958 79 87 90
0.000503 -0.000291 0.037895 76 85 82
0.002514 -0.000971 0.037854 75 86 82
0.004514 -0.001690 0.037844 75 86 82
-0.004576 0.001528 0.037591 82 91 90
-0.002535 0.000841 0.037551 79 87 90
-0.000505 0.000131 0.037528 78 87 86
0.001513 -0.000593 0.037519 75 86 80
0.003520 -0.001323 0.037519 75 86 80
-0.004067 0.001351 0.037251 81 90 89
-0.002028 0.000667 0.037210 79 87 90
0.000000 -0.000050 0.037192 76 87 83
0.002017 -0.000776 0.037184 75 86 78
0.004021 -0.001523 0.037198 75 86 80
-0.003560 0.001209 0.036880 80 88 90
-0.001521 0.000515 0.036847 79 87 90
0.000505 -0.000224 0.036847 75 86 80
0.002521 -0.000956 0.036848 75 86 78
0.004523 -0.001728 0.036879 75 86 80
-0.003051 0.001041 0.036533 80 88 90
-0.001014 0.000330 0.036513 79 87 89
0.001011 -0.000408 0.036513 75 86 80
0.003025 -0.001140 0.036514 75 86 78
-0.004076 0.001385 0.036218 81 90 89
-0.002033 0.000703 0.036174 79 87 89
-0.000001 -0.000039 0.036175 76 87 83
0.002020 -0.000772 0.036173 75 86 78
0.004028 -0.001533 0.036196 75 86 80
-0.004079 0.001386 0.035882 81 90 89
-0.002034 0.000703 0.035838 79 87 89
-0.000001 -0.000039 0.035839 76 87 81
0.002021 -0.000772 0.035837 75 86 78
0.004031 -0.001534 0.035860 75 86 80
-0.003314 0.001141 0.035518 79 89 88
-0.001272 0.000442 0.035484 77 87 86
0.000759 -0.000316 0.035498 75 86 80
0.002777 -0.001063 0.035506 75 86 78
-0.003828 0.001313 0.035194 79 89 88
-0.001782 0.000622 0.035152 77 87 86
0.000252 -0.000126 0.035157 76 87 81
0.002275 -0.000878 0.035168 75 86 78
0.004285 -0.001638 0.035191 75 86 78
-0.003576 0.001239 0.034834 79 90 86
-0.001531 0.000542 0.034792 77 88 84
0.000503 -0.000223 0.034809 75 86 78
0.002526 -0.000983 0.034829 75 86 78
0.004537 -0.001736 0.034853 75 86 78
-0.004347 0.001515 0.034508 80 91 87
-0.002298 0.000810 0.034463 78 89 83
-0.000258 0.000073 0.034457 76 87 81
0.001770 -0.000705 0.034488 75 86 78
0.003787 -0.001448 0.034501 75 86 78
-0.003840 0.001354 0.034128 78 89 83
-0.001795 0.000638 0.034074 77 88 80
0.000242 -0.000142 0.034097 75 86 78
0.002271 -0.000923 0.034150 75 87 77
0.004292 -0.001640 0.034171 75 87 77
-0.004099 0.001440 0.033796 79 90 84
-0.002052 0.000727 0.033738 77 88 80
-0.000012 -0.000049 0.033758 76 87 79
0.002020 -0.000827 0.033807 75 87 77
0.004043 -0.001540 0.033825 75 87 77
-0.002831 0.001028 0.033336 77 89 79
-0.000789 0.000262 0.033325 76 88 76
0.001249 -0.000549 0.033398 75 87 77
0.003285 -0.001278 0.033469 75 86 78
-0.004112 0.001485 0.033045 79 90 82
-0.002067 0.000738 0.032982 77 89 77
-0.000024 -0.000049 0.033014 76 87 79
0.002016 -0.000826 0.033092 76 88 78
0.004047 -0.001546 0.033144 76 88 78
-0.003609 0.001361 0.032604 78 90 80
-0.001563 0.000600 0.032563 77 89 75
0.000482 -0.000153 0.032592 76 88 78
0.002525 -0.000939 0.032701 76 88 78
-0.003611 0.001361 0.032264 78 90 80
-0.001564 0.000600 0.032223 77 89 75
0.000483 -0.000153 0.032251 76 88 78
0.002527 -0.000940 0.032360 77 89 79
-0.003871 0.001492 0.031899 77 91 78
-0.001826 0.000842 0.031748 76 90 73
0.000225 0.000139 0.031735 77 89 77
0.002270 -0.000702 0.031869 77 89 79
0.004307 -0.001625 0.032106 77 89 79
-0.004384 0.001572 0.031673 78 92 79
-0.002340 0.001023 0.031416 76 90 73
-0.000287 0.000331 0.031380 76 88 74
0.001760 -0.000479 0.031479 77 89 79
0.003802 -0.001406 0.031721 77 89 79
-0.003376 0.001494 0.030985 77 91 76
-0.001321 0.000946 0.030805 75 90 71
0.000733 0.000171 0.030859 77 89 77
0.002786 -0.000792 0.031133 77 89 79
-0.004655 0.001595 0.030997 78 92 79
-0.002610 0.001354 0.030504 76 91 72
-0.000550 0.000686 0.030458 76 89 72
0.001506 -0.000180 0.030611 77 89 79
0.003558 -0.001205 0.030963 77 89 79
-0.004151 0.001530 0.030504 79 93 78
-0.002095 0.001455 0.029947 76 91 70
-0.000033 0.000742 0.029941 76 88 74
0.002027 -0.000197 0.030182 77 89 79
0.004070 -0.001404 0.030650 77 89 79
-0.003385 0.001598 0.029869 77 91 74
-0.001322 0.001227 0.029565 75 90 71
0.000738 0.000424 0.029638 77 89 77
0.002799 -0.000585 0.029963 77 89 79
-0.004927 0.001351 0.030179 77 91 78
-0.002868 0.001813 0.029235 77 90 72
-0.000800 0.001311 0.029051 75 88 71
0.001262 0.000434 0.029191 78 90 78
0.003320 -0.000719 0.029632 77 89 79
-0.004159 0.001564 0.029450 78 90 76
-0.002093 0.001691 0.028769 75 88 70
-0.000026 0.000975 0.028758 78 90 76
0.002039 0.000036 0.028994 78 90 80
0.004079 -0.001362 0.029584 75 87 77
-0.005461 0.001565 0.029425 79 91 79
-0.003388 0.001793 0.028714 76 89 72
-0.001316 0.001623 0.028271 72 85 68
0.000750 0.000797 0.028355 81 93 79
0.002814 -0.000255 0.028696 78 88 79
-0.004425 0.001425 0.028920 76 88 74
-0.002354 0.001833 0.028051 73 86 69
-0.000283 0.001250 0.027927 75 87 73
0.001785 0.000358 0.028101 80 92 80
0.003835 -0.001045 0.028716 76 86 75
-0.005476 0.001624 0.028653 78 89 75
-0.003394 0.001751 0.028040 74 86 72
-0.001320 0.001669 0.027532 71 83 69
0.000750 0.000861 0.027602 83 95 81
0.002818 -0.000200 0.027954 78 88 77
-0.004175 0.001677 0.027958 77 89 77
-0.002098 0.001842 0.027269 74 86 72
-0.000025 0.001172 0.027217 78 90 76
0.002048 0.000259 0.027433 80 90 79
0.004090 -0.001340 0.028180 74 84 73
-0.004980 0.001326 0.027929 80 91 75
-0.002892 0.001796 0.027096 80 91 75
-0.000807 0.001637 0.026692 78 90 76
0.001270 0.000752 0.026860 78 90 76
0.003333 -0.000580 0.027429 76 86 75
-0.005508 0.001404 0.027637 79 90 76
-0.003416 0.001661 0.026979 83 94 80
-0.001328 0.001785 0.026363 82 94 80
0.000751 0.000957 0.026475 76 88 74
0.002823 -0.000141 0.026855 76 86 75
-0.006075 0.000892 0.027521 80 88 75
-0.003979 0.001226 0.026853 85 96 80
-0.001875 0.002019 0.025833 86 99 82
0.000222 0.001489 0.025772 76 88 74
0.002306 0.000429 0.026142 75 85 74
0.004350 -0.001396 0.027088 76 86 75
-0.006340 0.000976 0.027183 81 87 75
-0.004242 0.001313 0.026510 87 98 82
-0.002136 0.002111 0.025484 90 103 86
-0.000037 0.001585 0.025420 79 91 77
0.002050 0.000528 0.025787 74 84 73
0.004098 -0.001295 0.026731 77 87 76
-0.006366 0.000213 0.027222 81 84 73
-0.004272 0.000855 0.026337 86 95 78
-0.002158 0.002151 0.024992 87 98 82
-0.000048 0.001904 0.024748 77 90 73
0.002046 0.000782 0.025186 72 84 72
0.004099 -0.001227 0.026312 79 87 76
-0.006110 0.000129 0.026867 79 82 71
-0.004015 0.000768 0.025983 85 94 77
-0.001899 0.002061 0.024636 85 96 80
0.000212 0.001811 0.024395 73 86 69
0.002305 0.000684 0.024837 72 84 72
0.004357 -0.001331 0.025969 78 86 75
-0.007363 -0.001111 0.027927 77 79 68
-0.005295 0.000313 0.026417 79 85 71
-0.003189 0.001468 0.025174 83 94 77
-0.001077 0.002676 0.023799 81 92 76
0.001012 0.001748 0.023973 70 82 68
0.003085 -0.000066 0.024928 75 85 74
-0.006343 -0.000202 0.026658 76 78 65
-0.004244 0.000857 0.025489 81 88 72
-0.002133 0.002309 0.023973 80 91 74
-0.000033 0.002270 0.023474 72 85 68
0.002055 0.001046 0.023929 71 83 71
0.004107 -0.001173 0.025210 78 86 75
-0.007062 -0.001647 0.027816 75 75 63
-0.004993 0.000261 0.025965 79 83 69
-0.002889 0.001379 0.024711 81 90 73
-0.000770 0.002948 0.023063 74 85 69
0.001308 0.001985 0.023176 70 82 68
0.003356 -0.000073 0.024198 74 84 73
-0.005257 0.000346 0.025624 79 83 69
-0.003152 0.001468 0.024363 81 90 73
-0.001032 0.003042 0.022709 74 85 69
0.001049 0.002083 0.022819 71 83 69
0.003101 0.000028 0.023838 74 84 73
-0.007085 -0.001983 0.027263 81 79 67
-0.005027 -0.000217 0.025445 82 84 70
-0.002924 0.001299 0.023888 81 90 71
-0.000775 0.003455 0.021918 72 83 67
0.001324 0.002573 0.022043 72 84 70
0.003370 0.000226 0.023273 74 84 73
-0.006329 -0.000708 0.025779 82 80 67
-0.004244 0.000603 0.024331 84 88 73
-0.002115 0.002704 0.022385 77 88 71
0.000016 0.003203 0.021556 73 86 69
0.002101 0.001842 0.022034 73 85 73
0.004119 -0.001173 0.023803 75 83 72
-0.006886 -0.001876 0.026157 88 82 70
-0.004826 -0.000402 0.024518 85 86 70
-0.002705 0.002100 0.022283 79 88 69
-0.000532 0.004121 0.020481 71 82 66
0.001583 0.003069 0.020793 74 86 74
0.003618 -0.000171 0.022763 73 83 72
-0.007135 -0.002590 0.026428 91 83 72
-0.005089 -0.001039 0.024693 86 87 71
-0.002984 0.001284 0.022538 82 89 71
-0.000804 0.004074 0.020192 69 80 63
0.001320 0.003316 0.020294 76 88 74
0.003382 0.000786 0.021728 74 84 73
-0.008903 -0.004347 0.027870 114 97 87
-0.006918 -0.003132 0.026178 92 82 70
-0.004881 -0.001038 0.024014 88 86 71
-0.002746 0.002766 0.020859 81 88 70
-0.000550 0.004993 0.018953 73 84 67
0.001568 0.003700 0.019439 76 88 76
0.003622 0.000425 0.021503 73 83 72
-0.008156 -0.004310 0.027221 107 93 82
-0.006162 -0.002786 0.025330 88 82 68
-0.004102 -0.000115 0.022793 88 91 74
-0.001929 0.003772 0.019647 80 89 70
0.000247 0.004646 0.018656 76 89 72
0.002357 0.003139 0.019323 75 87 75
-0.006851 -0.005241 0.027324 96 84 72
-0.004841 -0.001048 0.023572 88 85 68
-0.002682 0.005098 0.018722 84 92 71
-0.000492 0.006940 0.016968 77 88 71
0.001583 0.004667 0.017949 76 88 76
0.003632 0.001449 0.019883 74 84 73
-0.008822 -0.006582 0.028782 128 104 94
-0.006855 -0.005245 0.026981 98 84 73
-0.004844 -0.001049 0.023220 88 85 68
-0.002684 0.005102 0.018358 86 94 73
-0.000492 0.006945 0.016599 80 91 74
0.001584 0.004670 0.017583 76 88 76
0.003635 0.001450 0.019522 74 84 73
-0.006495 -0.006635 0.028114 95 83 69
-0.004480 -0.000804 0.023210 88 87 69
-0.002319 0.006358 0.017530 88 96 75
-0.000142 0.007793 0.015935 81 92 75
0.001888 0.005202 0.016879 76 88 76
-0.007740 -0.007491 0.028843 111 88 80
-0.005760 -0.004681 0.026064 84 75 60
-0.003685 0.003587 0.019462 82 85 66
-0.001485 0.008135 0.015716 81 90 71
0.000621 0.006698 0.015994 76 88 74
0.002619 0.004018 0.016963 75 85 74
-0.006241 -0.005002 0.026281 86 70 55
-0.004194 0.001007 0.021280 77 76 56
-0.002019 0.006498 0.016828 76 85 64
0.000103 0.005997 0.016477 73 86 69
0.002086 0.003816 0.016911 73 85 75
-0.005988 -0.005091 0.025930 77 64 48
-0.003934 0.000921 0.020916 69 71 50
-0.001751 0.006415 0.016451 71 80 59
0.000370 0.005908 0.016104 71 84 67
0.002351 0.003719 0.016547 72 84 74
-0.005240 -0.002014 0.023075 68 59 42
-0.003122 0.003771 0.018320 65 68 47
-0.000982 0.004598 0.017120 62 74 54
0.000999 0.002366 0.017590 70 82 68
0.003082 0.002543 0.016669 74 84 73
-0.005752 -0.003289 0.023823 65 52 36
-0.003669 0.002238 0.019183 57 59 38
-0.001501 0.005059 0.016627 58 70 48
0.000510 0.002801 0.017217 68 81 64
0.002526 0.001959 0.016829 71 83 71
-0.005755 -0.003166 0.023389 74 61 44
-0.003671 0.001922 0.019059 64 66 45
-0.001531 0.003552 0.017301 60 72 50
0.000440 0.000963 0.018038 68 81 64
-0.004991 -0.001905 0.021860 76 69 50
-0.002863 0.003235 0.017561 69 72 51
-0.000761 0.002765 0.017198 62 74 54
0.001192 0.000555 0.017613 69 81 67
-0.005500 -0.003400 0.022801 90 77 60
-0.003410 0.001762 0.018394 76 78 57
-0.001284 0.002627 0.017148 67 76 57
0.000690 0.000310 0.017730 67 80 63
-0.005258 -0.001768 0.021127 97 84 67
-0.003134 0.003042 0.017054 79 82 61
-0.001045 0.002064 0.017025 66 77 60
0.000923 0.000148 0.017279 66 78 64
-0.006008 -0.004415 0.023056 113 91 77
-0.003950 0.000422 0.018793 92 91 73
-0.001808 0.002738 0.016536 74 82 61
0.000211 0.000789 0.016995 65 78 61
-0.006271 -0.004334 0.022714 137 111 98
-0.004216 0.000509 0.018440 117 111 95
-0.002075 0.002830 0.016175 95 103 82
-0.000051 0.000886 0.016630 74 87 70
0.001964 -0.000030 0.016350 69 81 71
-0.005769 -0.003513 0.021569 155 133 119
-0.003680 0.001878 0.016954 132 131 111
-0.001557 0.002420 0.015913 107 116 95
0.000450 0.000775 0.016069 70 83 66
-0.006276 -0.004431 0.022097 175 152 136
-0.004219 0.000589 0.017672 160 155 135
-0.002079 0.002710 0.015535 131 139 115
-0.000045 0.001132 0.015725 89 101 81
0.001976 0.000195 0.015467 70 82 70
-0.006016 -0.004510 0.021755 195 177 157
-0.003953 0.000599 0.017254 178 176 153
-0.001812 0.002617 0.015178 145 153 129
0.000212 0.001206 0.015179 84 96 76
-0.005270 -0.001593 0.018902 211 201 176
-0.003142 0.002751 0.015111 188 188 162
-0.001049 0.002115 0.014791 153 163 138
0.000943 0.000677 0.014713 74 86 66
-0.005517 -0.003479 0.020090 205 193 167
-0.003416 0.001972 0.015397 188 189 158
-0.001296 0.002406 0.014374 162 172 145
0.000691 0.000865 0.014316 84 96 74
-0.005012 -0.001586 0.018122 195 190 158
-0.002876 0.002733 0.014336 178 184 148
-0.000791 0.002044 0.014001 165 176 144
0.001191 0.000578 0.013896 97 109 85
-0.006032 -0.004381 0.020245 187 185 146
-0.003962 0.000713 0.015723 179 184 144
-0.001818 0.002677 0.013649 175 183 144
0.000185 0.001172 0.013592 124 135 101
-0.006036 -0.004385 0.019890 178 181 136
-0.003965 0.000714 0.015358 172 179 135
-0.001819 0.002679 0.013279 180 189 146
0.000185 0.001173 0.013222 136 148 110
-0.005286 -0.001523 0.017062 167 173 127
-0.003149 0.002941 0.013147 171 180 133
-0.001076 0.002126 0.012806 190 199 156
0.000909 0.000599 0.012747 134 144 107
-0.005535 -0.003512 0.018326 164 172 123
-0.003426 0.002099 0.013467 167 177 127
-0.001311 0.002426 0.012447 186 195 150
0.000669 0.000809 0.012397 139 150 110
-0.002863 0.002919 0.012479 170 180 128
-0.000810 0.002081 0.012029 187 196 149
0.001169 0.000571 0.011924 144 155 115
-0.001573 0.002535 0.011738 180 190 140
0.000401 0.001003 0.011542 150 161 119
-0.001274 0.002311 0.011661 179 189 137
0.000667 0.000979 0.011114 153 164 121
-0.000309 0.001705 0.010899 171 180 133
-0.000288 0.001522 0.010799 171 180 133
-0.001028 0.001830 0.010751 178 187 140
0.000911 0.000666 0.010073 163 171 132
-0.001042 0.001492 0.010592 178 186 139
0.000907 0.000438 0.009881 164 172 133
-0.002020 0.001684 0.010933 174 184 132
-0.000086 0.001114 0.009608 166 175 132
-0.002075 0.001523 0.010367 175 183 132
-0.000125 0.001026 0.009101 166 175 132
-0.001104 0.001424 0.009191 176 184 137
0.000891 0.000219 0.008865 166 174 133
-0.003422 0.001005 0.010421 173 182 129
-0.001391 0.001634 0.008618 176 184 133
0.000623 0.000618 0.008201 166 173 129
-0.002638 0.001592 0.009223 176 185 132
-0.000674 0.001561 0.007599 176 184 137
-0.002669 0.001722 0.008574 177 184 133
-0.000692 0.001963 0.006778 176 182 136
-0.003706 0.001390 0.009020 178 185 134
-0.001695 0.002088 0.007001 178 184 136
0.000355 0.000965 0.006829 170 176 132
-0.001935 0.002128 0.006839 178 184 136
0.000095 0.001877 0.005755 175 181 137
-0.003204 0.001741 0.007641 174 181 130
-0.001211 0.002493 0.005451 178 184 138
0.000883 0.000491 0.006296 179 184 143
-0.003479 0.001536 0.007493 173 180 129
-0.001459 0.002603 0.005179 180 183 136
0.000619 0.001436 0.005156 185 188 145
-0.002723 0.002162 0.006065 173 180 129
-0.000709 0.002668 0.004181 183 186 141
-0.005123 0.000687 0.007753 168 176 125
-0.002965 0.001644 0.006363 171 178 127
-0.000963 0.002575 0.004047 183 186 139
-0.004307 0.001070 0.006901 169 176 125
-0.002228 0.002361 0.004738 179 183 133
-0.000193 0.002344 0.003416 188 191 148
-0.004319 0.000388 0.007008 169 176 125
-0.002213 0.001773 0.004944 180 184 134
-0.000196 0.002062 0.003269 190 191 147
-0.005424 0.000135 0.006998 169 177 126
-0.003235 0.001173 0.005725 172 179 128
-0.001228 0.002188 0.003361 188 190 143
0.000868 0.000340 0.004054 187 188 144
-0.005440 -0.000322 0.006900 170 177 126
-0.003260 0.000703 0.005603 175 179 129
-0.001212 0.001522 0.003649 191 193 146
0.000880 -0.000044 0.004085 187 186 142
-0.006522 -0.000875 0.007235 171 180 127
-0.004350 -0.000105 0.006140 170 177 126
-0.002219 0.001136 0.004330 185 189 139
-0.000185 0.001498 0.002684 190 189 145
-0.006262 -0.001356 0.007120 171 180 127
-0.004119 -0.000418 0.005734 173 180 129
-0.001981 0.000618 0.004140 188 190 141
0.000093 0.000740 0.002941 186 185 139
-0.004931 -0.000596 0.005720 174 181 130
-0.002777 0.000597 0.004102 184 188 138
-0.000701 0.001014 0.002641 188 190 143
0.001438 -0.001215 0.003963 179 178 132
-0.006268 -0.001821 0.006732 173 182 129
-0.004140 -0.000682 0.005101 179 186 135
-0.002006 0.000283 0.003541 188 190 141
0.000101 0.000194 0.002713 180 179 133
0.002291 -0.002234 0.004556 176 175 129
-0.006541 -0.001736 0.006366 175 184 131
-0.004412 -0.000592 0.004726 181 188 137
-0.002277 0.000379 0.003159 187 189 140
-0.000167 0.000295 0.002325 181 180 134
0.002028 -0.002131 0.004168 174 173 129
0.004222 -0.003858 0.005531 180 177 136
-0.005465 -0.001830 0.005786 181 188 137
-0.003324 -0.000065 0.003663 189 193 143
-0.001210 0.000263 0.002489 187 189 142
0.000968 -0.001392 0.003470 173 170 127
0.003212 -0.002900 0.004802 175 172 131
0.005386 -0.003768 0.005245 188 184 146
-0.005469 -0.001831 0.005408 181 188 137
-0.003327 -0.000065 0.003280 189 193 143
-0.001211 0.000263 0.002103 182 183 139
0.000969 -0.001393 0.003086 177 174 131
0.003214 -0.002902 0.004421 178 174 136
0.005389 -0.003771 0.004865 193 189 152
-0.006533 -0.002584 0.005992 174 181 129
-0.004385 -0.001601 0.004601 188 192 142
-0.002251 -0.000676 0.003082 184 184 134
-0.000112 -0.000383 0.002073 178 177 131
0.002120 -0.002495 0.003827 180 177 136
0.004348 -0.003193 0.004339 189 185 147
0.006485 -0.004007 0.004543 210 205 173
-0.006269 -0.002673 0.005606 175 182 130
-0.004119 -0.001693 0.004215 190 194 144
-0.001983 -0.000771 0.002696 180 180 130
0.000157 -0.000484 0.001689 180 179 131
0.002387 -0.002600 0.003451 184 181 140
0.004615 -0.003302 0.003966 195 191 154
-0.007082 -0.003181 0.005814 167 176 123
-0.004931 -0.002530 0.004730 188 195 144
-0.002779 -0.001175 0.002981 183 185 136
-0.000652 -0.000608 0.001671 167 166 120
0.001561 -0.002455 0.003049 188 185 142
0.003804 -0.003012 0.003474 193 189 151
0.005961 -0.003661 0.003579 219 214 182
-0.006552 -0.002887 0.005055 171 179 128
-0.004394 -0.001999 0.003780 191 194 147
-0.002251 -0.001234 0.002433 174 176 129
-0.000107 -0.000830 0.001347 178 177 131
0.002126 -0.002720 0.002902 190 187 146
0.004351 -0.003194 0.003154 200 196 161
0.006498 -0.003900 0.003270 235 230 201
-0.007105 -0.003442 0.005178 173 182 135
-0.004949 -0.002808 0.004130 188 196 149
-0.002787 -0.001602 0.002556 177 180 135
-0.000649 -0.001130 0.001389 161 162 120
0.001563 -0.002709 0.002521 189 186 145
0.003801 -0.003037 0.002682 198 194 159
0.005964 -0.003527 0.002638 228 223 194
-0.006305 -0.003251 0.004425 184 193 150
-0.004141 -0.002388 0.003199 183 190 149
-0.001986 -0.001732 0.002009 164 169 128
0.000164 -0.001425 0.001045 181 179 138
0.002393 -0.003020 0.002315 188 184 147
0.004611 -0.003286 0.002320 208 203 171
-0.006316 -0.003463 0.004173 188 198 161
-0.004150 -0.002616 0.002971 179 186 152
-0.001982 -0.001933 0.001826 161 167 131
0.000178 -0.001834 0.001114 179 180 140
0.002407 -0.003093 0.002069 186 182 147
0.004634 -0.003022 0.001766 212 209 178
-0.007126 -0.003644 0.004155 199 209 175
-0.004965 -0.003011 0.003116 183 190 159
-0.002792 -0.001843 0.001609 164 171 140
-0.000636 -0.001551 0.000682 159 164 132
0.001580 -0.002868 0.001586 180 177 142
0.003825 -0.002853 0.001425 202 197 167
0.006002 -0.003122 0.001184 233 227 203
-0.006859 -0.003872 0.003895 206 217 187
-0.004697 -0.003277 0.002885 178 189 159
-0.002517 -0.001983 0.001300 157 167 140
-0.000345 -0.001851 0.000601 162 167 135
0.001880 -0.002916 0.001327 175 175 141
0.004142 -0.002522 0.000862 204 200 171
0.006331 -0.002611 0.000471 236 230 208
-0.007400 -0.004072 0.003817 218 228 201
-0.005242 -0.003575 0.002875 194 204 177
-0.003064 -0.002060 0.001112 174 184 159
-0.000892 -0.001824 0.000321 170 176 148
0.001320 -0.002677 0.000750 178 178 144
0.003584 -0.002637 0.000640 189 185 156
0.005791 -0.002551 0.000155 217 213 188
-0.006862 -0.003997 0.003264 216 229 203
-0.004700 -0.003476 0.002300 197 209 185
-0.002515 -0.001965 0.000542 182 195 169
-0.000331 -0.001941 -0.000011 182 187 157
0.001914 -0.002731 0.000538 177 177 143
0.004198 -0.002024 -0.000144 186 185 155
0.006408 -0.001950 -0.000644 207 202 180
-0.007404 -0.004195 0.003186 228 241 215
-0.005245 -0.003767 0.002287 211 224 198
-0.003065 -0.002118 0.000408 197 209 185
-0.000881 -0.001885 -0.000336 196 205 176
0.001349 -0.002571 0.000018 180 181 149
0.003634 -0.002218 -0.000316 175 174 144
0.005867 -0.001883 -0.000964 189 185 160
-0.006329 -0.004008 0.002378 228 241 215
-0.004165 -0.003281 0.001229 217 227 202
-0.001972 -0.001968 -0.000365 209 222 196
0.000233 -0.002184 -0.000606 193 196 167
0.002513 -0.002401 -0.000419 174 174 140
0.004812 -0.001384 -0.001389 170 169 141
0.007017 -0.001473 -0.001797 185 180 160
-0.006334 -0.004012 0.001997 236 249 223
-0.004168 -0.003284 0.000845 227 240 214
-0.001973 -0.001970 -0.000753 222 235 209
0.000233 -0.002186 -0.000995 199 202 173
0.002515 -0.002403 -0.000809 173 173 139
0.004816 -0.001385 -0.001781 159 158 130
0.007022 -0.001474 -0.002191 171 166 146
-0.007146 -0.004223 0.002005 237 251 225
-0.004985 -0.003920 0.001191 232 245 219
-0.002799 -0.002128 -0.000820 226 240 215
-0.000597 -0.002225 -0.001200 223 232 205
0.001685 -0.002298 -0.001161 188 189 157
0.004015 -0.000991 -0.002253 166 167 136
0.006241 -0.000883 -0.002792 161 156 134
0.008448 -0.001020 -0.003185 199 194 175
0.010638 -0.001471 -0.003294 252 248 236
-0.006613 -0.004147 0.001408 235 249 223
-0.004447 -0.003435 0.000259 232 246 221
-0.002252 -0.002085 -0.001374 230 243 217
-0.000034 -0.002277 -0.001590 217 224 193
0.002268 -0.002064 -0.001731 191 190 159
0.004585 -0.000850 -0.002843 167 165 140
0.006792 -0.000982 -0.003252 166 161 141
0.009002 -0.001125 -0.003621 212 206 192
-0.006892 -0.004484 0.001332 236 250 225
-0.004727 -0.004270 0.000603 234 248 223
-0.002539 -0.002489 -0.001408 233 247 222
-0.000335 -0.002641 -0.001720 227 236 207
0.001951 -0.002511 -0.001859 202 203 172
0.004293 -0.000951 -0.003175 174 174 146
0.006512 -0.000934 -0.003681 160 158 135
0.008722 -0.000979 -0.004176 200 197 178
-0.007967 -0.004739 0.001483 235 249 224
-0.005814 -0.004551 0.000723 236 250 225
-0.003641 -0.003159 -0.000987 238 252 229
-0.001441 -0.002441 -0.002084 238 251 225
0.000800 -0.002706 -0.002107 220 225 195
0.003129 -0.001700 -0.002898 194 193 163
0.005420 -0.000779 -0.003918 166 164 139
0.007618 -0.000982 -0.004320 166 163 144
0.009820 -0.001245 -0.004618 232 229 214
-0.007692 -0.004735 0.001085 233 248 225
-0.005537 -0.004716 0.000457 236 251 228
-0.003370 -0.002816 -0.001737 240 255 232
-0.001170 -0.002714 -0.002305 244 254 230
0.001085 -0.002979 -0.002245 227 230 201
0.003431 -0.001269 -0.003662 198 198 170
0.005682 -0.000825 -0.004440 162 162 136
0.007890 -0.000858 -0.004985 169 168 148
-0.006082 -0.004705 0.000204 234 249 226
-0.003921 -0.003269 -0.001615 239 254 231
-0.001720 -0.002546 -0.002725 242 254 232
0.000513 -0.003034 -0.002585 236 240 215
0.002843 -0.001778 -0.003624 215 215 187
0.005135 -0.000786 -0.004729 185 185 159
0.007332 -0.000988 -0.005159 171 170 150
-0.007103 -0.005121 0.000796 228 246 224
-0.004982 -0.004865 -0.000223 235 250 229
-0.002833 -0.002848 -0.002660 239 254 233
-0.000628 -0.003181 -0.002816 242 251 230
0.001638 -0.003209 -0.002925 233 236 209
0.003995 -0.001111 -0.004724 210 213 186
0.006218 -0.001019 -0.005317 179 181 157
0.008433 -0.000937 -0.005959 192 193 175
-0.007108 -0.005125 0.000413 227 245 223
-0.004986 -0.004868 -0.000608 234 249 228
-0.002835 -0.002850 -0.003051 240 255 234
-0.000628 -0.003183 -0.003208 243 252 231
0.001639 -0.003211 -0.003317 239 241 217
0.003997 -0.001112 -0.005122 222 225 198
0.006222 -0.001020 -0.005716 192 194 170
0.008439 -0.000938 -0.006359 198 199 181
-0.005718 -0.006286 0.000839 228 245 226
-0.003626 -0.004311 -0.001791 236 253 234
-0.001447 -0.003005 -0.003541 241 254 234
0.000767 -0.003820 -0.003193 246 251 228
0.003091 -0.002252 -0.004596 242 244 220
0.005412 -0.000780 -0.006070 218 222 197
0.007605 -0.001038 -0.006483 194 197 176
-0.004939 -0.005747 -0.000358 230 247 228
-0.002824 -0.003287 -0.003366 237 254 235
-0.000615 -0.003324 -0.003790 242 254 234
0.001632 -0.003537 -0.003840 252 255 233
0.004007 -0.001015 -0.005997 245 249 226
0.006241 -0.000846 -0.006651 219 223 200
0.008456 -0.000815 -0.007275 207 210 191
-0.005132 -0.007174 0.000958 228 245 226
-0.003020 -0.004700 -0.002011 236 253 234
-0.000835 -0.003385 -0.003764 241 254 236
0.001347 -0.004128 -0.003649 251 255 234
0.003716 -0.001340 -0.006086 250 253 232
0.006008 -0.000362 -0.007284 228 232 209
0.008209 -0.000591 -0.007726 208 213 191
-0.005943 -0.007053 0.000693 224 241 222
-0.003818 -0.005233 -0.001616 234 251 232
-0.001655 -0.003322 -0.003986 242 255 237
0.000533 -0.003866 -0.004056 249 254 234
0.002838 -0.002143 -0.005736 251 254 233
0.005187 -0.000214 -0.007577 241 244 223
0.007380 -0.000584 -0.007925 217 222 200
-0.005403 -0.007517 0.000567 226 243 224
-0.003270 -0.005809 -0.001609 236 253 235
-0.001094 -0.004263 -0.003575 241 254 236
0.001053 -0.005081 -0.003558 250 255 235
0.003461 -0.001116 -0.006954 250 255 235
0.005765 0.000134 -0.008400 242 245 226
0.007969 -0.000171 -0.008792 219 224 202
-0.005681 -0.007653 0.000340 224 241 222
-0.003536 -0.006379 -0.001387 235 252 233
-0.001368 -0.004458 -0.003718 242 255 237
0.000786 -0.004972 -0.003962 247 254 236
0.003110 -0.002431 -0.006360 251 254 235
0.005487 0.000051 -0.008662 247 250 231
0.007683 -0.000348 -0.008999 227 232 210
-0.004656 -0.007522 -0.000716 230 247 228
-0.002529 -0.006539 -0.002328 237 254 236
-0.000352 -0.006055 -0.003303 244 255 238
0.001812 -0.006511 -0.003459 251 255 236
0.004324 -0.000637 -0.008341 251 255 238
0.006588 0.000032 -0.009448 249 252 233
0.008801 -0.000178 -0.009906 219 224 202
-0.006512 -0.007853 -0.000147 225 240 221
-0.004401 -0.007289 -0.001436 230 247 228
-0.002249 -0.005919 -0.003292 237 254 235
-0.000086 -0.006338 -0.003522 245 254 235
0.004641 -0.000037 -0.009250 248 252 235
0.006865 -0.000004 -0.009928 244 249 227
0.009068 -0.000326 -0.010315 217 225 201
-0.004704 -0.008042 -0.001278 231 246 225
-0.002602 -0.007234 -0.002857 234 253 231
-0.000408 -0.007033 -0.003451 242 254 234
0.001775 -0.007761 -0.003204 247 254 236
0.004316 -0.000910 -0.008938 245 254 233
0.006607 0.000230 -0.010430 246 254 231
0.008824 0.000107 -0.010994 224 234 209
-0.005738 -0.009227 -0.000146 230 243 223
-0.003680 -0.007932 -0.002321 233 251 229
-0.001496 -0.006482 -0.004093 237 252 229
0.000671 -0.007989 -0.003220 246 255 236
0.003053 -0.003846 -0.006871 244 253 234
0.005502 0.000178 -0.010432 245 254 233
0.007719 0.000183 -0.011152 240 248 225
-0.001528 -0.006827 -0.004329 237 251 228
0.000664 -0.008127 -0.003515 246 255 238
0.003052 -0.004591 -0.006520 240 252 232
0.005563 0.000590 -0.010958 245 254 233
0.007781 0.000760 -0.011899 243 251 228
-0.002085 -0.007146 -0.004359 235 250 227
0.000116 -0.007723 -0.004201 245 254 237
0.002395 -0.006817 -0.005101 241 252 235
0.004980 0.000121 -0.010860 241 253 231
0.007232 0.000756 -0.012113 247 255 232
0.009401 0.000183 -0.012481 235 245 218
-0.001270 -0.007504 -0.004615 235 250 227
0.000930 -0.008373 -0.004159 244 255 239
0.003463 -0.002685 -0.008649 238 251 231
0.005923 0.001339 -0.012257 245 254 233
0.008145 0.001458 -0.013197 244 253 232
-0.001271 -0.007510 -0.005006 234 252 228
0.000930 -0.008380 -0.004550 244 255 239
0.003465 -0.002687 -0.009052 239 252 234
0.005928 0.001340 -0.012669 245 254 233
0.008151 0.001459 -0.013611 245 254 233
0.000041 -0.008960 -0.004567 242 255 238
0.002303 -0.007994 -0.005595 241 254 237
0.004945 -0.000540 -0.011635 242 255 235
0.007343 0.001746 -0.013927 246 255 234
0.009459 0.000676 -0.014090 241 251 227
-0.001319 -0.009128 -0.004501 238 253 230
0.000877 -0.008788 -0.005212 243 255 241
0.003377 -0.003757 -0.009265 241 254 236
0.005887 0.001029 -0.013439 243 255 235
0.008170 0.001622 -0.014583 246 255 234
-0.003183 -0.012598 -0.001131 243 255 231
-0.001091 -0.010966 -0.003417 239 255 229
0.003499 -0.005207 -0.009054 241 254 236
0.006025 -0.000194 -0.013418 243 255 235
0.008390 0.001184 -0.014956 243 255 233
-0.003929 -0.012545 -0.001078 246 254 231
-0.001892 -0.011345 -0.003230 240 254 229
0.005138 -0.000874 -0.013135 242 255 235
0.007555 0.001239 -0.015172 243 255 233
-0.005099 -0.012482 -0.000275 245 255 231
-0.001089 -0.012224 -0.002982 236 254 228
0.005884 -0.001294 -0.013832 243 254 237
0.008315 0.000660 -0.015663 242 254 230
-0.004874 -0.012729 -0.000735 244 252 229
-0.002925 -0.013147 -0.001875 240 254 228
-0.000821 -0.011716 -0.003925 233 253 226
0.006217 -0.000778 -0.014638 243 255 235
0.008604 0.000767 -0.016280 242 254 230
-0.005365 -0.012483 -0.000936 245 249 226
-0.003403 -0.013790 -0.001252 241 254 228
-0.001299 -0.012654 -0.002994 236 254 228
0.000849 -0.010766 -0.005374 230 244 227
0.008005 0.000563 -0.016523 240 254 229
-0.004396 -0.013770 -0.001003 246 250 227
-0.002367 -0.013364 -0.002440 241 251 226
-0.000228 -0.011802 -0.004481 228 241 221
0.004385 -0.002847 -0.013600 246 254 239
0.006824 0.000045 -0.016356 241 255 232
-0.003901 -0.014152 -0.001367 241 239 216
-0.001789 -0.013168 -0.002913 240 242 220
0.000391 -0.011412 -0.004983 227 240 222
0.002627 -0.008481 -0.008160 243 254 240
0.007511 0.001287 -0.017710 239 255 229
-0.004396 -0.013882 -0.001651 235 222 203
-0.002330 -0.013471 -0.002913 238 230 211
-0.000159 -0.011976 -0.004742 235 242 224
0.002048 -0.009708 -0.007341 243 254 238
0.006967 0.001644 -0.018284 241 255 232
-0.005374 -0.012392 -0.002537 226 203 185
-0.003381 -0.013872 -0.002570 235 213 199
-0.001218 -0.012827 -0.003964 237 225 209
0.000994 -0.010936 -0.006062 244 251 233
0.003364 -0.006003 -0.010739 248 255 239
0.005954 0.002617 -0.018806 243 255 235
0.008182 0.002006 -0.019036 238 254 228
-0.004881 -0.012888 -0.002856 224 192 177
-0.002851 -0.013641 -0.003317 233 203 192
-0.000671 -0.012488 -0.004764 240 227 211
0.001555 -0.010404 -0.007038 250 253 236
0.004022 -0.003374 -0.013553 248 255 237
0.006545 0.002926 -0.019647 242 254 232
0.008715 0.001610 -0.019387 238 254 228
-0.005114 -0.012470 -0.003324 219 177 165
-0.003119 -0.013958 -0.003345 229 189 181
-0.000947 -0.012995 -0.004635 239 212 201
0.001276 -0.011150 -0.006655 254 255 240
0.003664 -0.006391 -0.011105 250 254 237
0.006305 0.002671 -0.019458 244 253 232
-0.003909 -0.014135 -0.003299 222 175 169
-0.001761 -0.013215 -0.004658 228 187 181
0.000449 -0.011607 -0.006475 250 242 229
0.002741 -0.008709 -0.009384 249 247 232
-0.005387 -0.012431 -0.004058 215 165 156
-0.003387 -0.013894 -0.004102 215 166 161
-0.001216 -0.013052 -0.005297 218 181 173
0.001008 -0.011212 -0.007318 243 236 220
0.003393 -0.006597 -0.011631 243 240 225
-0.005391 -0.012440 -0.004443 212 162 153
-0.003390 -0.013904 -0.004487 207 158 153
-0.001218 -0.013061 -0.005685 204 165 158
0.001009 -0.011220 -0.007711 237 225 211
0.003395 -0.006602 -0.012035 239 233 219
-0.003923 -0.014310 -0.004347 200 151 146
-0.001772 -0.013473 -0.005631 195 152 146
0.000438 -0.011937 -0.007405 232 212 201
0.002727 -0.009174 -0.010214 233 224 209
-0.005135 -0.012608 -0.005188 204 154 145
-0.003132 -0.014053 -0.005234 188 141 135
-0.000961 -0.013334 -0.006337 180 143 135
0.001265 -0.011526 -0.008353 225 207 195
0.003656 -0.006975 -0.012639 233 221 207
-0.004906 -0.013147 -0.005386 202 149 141
-0.002854 -0.013733 -0.005930 184 133 129
-0.000667 -0.012900 -0.007096 184 145 138
0.001572 -0.010900 -0.009294 214 195 181
0.004048 -0.004602 -0.015078 223 209 196
-0.005137 -0.012667 -0.005899 201 146 139
-0.003131 -0.014055 -0.005993 183 130 126
-0.000954 -0.013310 -0.007110 171 126 121
0.001272 -0.011543 -0.009112 202 175 164
0.003666 -0.006968 -0.013438 214 194 183
-0.004135 -0.014009 -0.005773 191 133 129
-0.002027 -0.013538 -0.006987 176 118 116
0.000174 -0.012391 -0.008448 189 148 142
0.002430 -0.010226 -0.010822 198 168 158
-0.003641 -0.014219 -0.006327 180 122 118
-0.001481 -0.013362 -0.007648 168 110 108
0.000732 -0.011896 -0.009412 182 139 133
0.003027 -0.009129 -0.012286 192 158 149
-0.003572 -0.013663 -0.006856 177 120 113
-0.001436 -0.013002 -0.008157 163 105 103
0.000761 -0.011664 -0.009900 173 124 119
0.003049 -0.008933 -0.012798 184 143 137
-0.004336 -0.013446 -0.006975 188 127 122
-0.002247 -0.013044 -0.008298 170 109 106
-0.000059 -0.012039 -0.009741 169 111 109
0.002188 -0.009940 -0.012131 173 125 121
-0.003762 -0.013113 -0.007610 184 123 118
-0.001655 -0.012695 -0.008896 172 108 108
0.000516 -0.011539 -0.010624 169 109 108
0.002788 -0.008881 -0.013549 175 124 121
-0.001657 -0.012705 -0.009290 177 109 108
0.000517 -0.011547 -0.011021 166 105 104
0.002790 -0.008888 -0.013954 171 115 114
0.000002 -0.011948 -0.010714 171 103 102
0.002214 -0.010045 -0.013129 168 104 104
-0.001079 -0.012504 -0.010235 182 112 112
0.001098 -0.011100 -0.012254 163 93 95
0.003464 -0.006549 -0.016828 168 104 104
-0.000476 -0.011887 -0.011064 181 109 110
0.001713 -0.010382 -0.013196 169 97 100
0.004152 -0.004271 -0.019206 177 111 112
-0.000476 -0.011896 -0.011462 185 111 112
0.001714 -0.010390 -0.013600 177 101 105
0.004155 -0.004274 -0.019624 182 114 115
-0.000952 -0.011569 -0.011636 191 115 115
0.001242 -0.010453 -0.013366 183 102 108
0.003563 -0.006533 -0.017580 184 109 113
-0.000405 -0.011362 -0.012401 193 115 115
0.001798 -0.010046 -0.014330 192 110 116
0.004194 -0.004594 -0.019917 192 116 120
-0.000102 -0.011228 -0.012852 195 115 116
0.002122 -0.010144 -0.014440 197 112 119
0.004483 -0.005770 -0.019070 195 119 123
-0.000373 -0.011138 -0.013254 197 117 116
0.001853 -0.010049 -0.014850 200 113 121
0.004211 -0.005668 -0.019492 199 120 125
0.001002 -0.011027 -0.014154 200 113 119
0.003286 -0.009156 -0.016328 202 120 126
-0.000376 -0.011037 -0.014192 198 117 116
0.001863 -0.010274 -0.015397 202 115 123
0.004209 -0.006873 -0.019033 207 126 132
-0.000157 -0.011669 -0.014365 198 117 116
0.002039 -0.011561 -0.015086 205 120 125
0.004359 -0.008896 -0.018019 212 133 136
-0.000428 -0.011578 -0.014770 197 116 113
0.001771 -0.011465 -0.015498 205 120 125
0.004090 -0.008796 -0.018441 213 134 137
-0.001316 -0.012484 -0.014412 194 115 110
0.000826 -0.013159 -0.014575 201 117 117
0.003050 -0.011895 -0.016358 208 128 131
-0.000514 -0.012844 -0.014788 197 116 112
0.001651 -0.012790 -0.015585 201 116 119
0.003951 -0.010306 -0.018393 210 131 134
-0.002406 -0.013789 -0.013616 191 112 107
-0.000297 -0.014283 -0.014108 196 117 112
0.001855 -0.013561 -0.015619 198 116 118
0.004153 -0.010910 -0.018626 210 131 134
-0.002677 -0.013702 -0.014015 191 112 107
-0.000565 -0.014191 -0.014515 196 117 112
0.001589 -0.013464 -0.016034 196 114 116
0.003886 -0.010807 -0.019051 207 128 131
-0.001307 -0.015325 -0.013133 197 117 108
0.000818 -0.014405 -0.014965 189 110 106
0.003034 -0.012226 -0.017798 200 121 124
-0.002362 -0.014937 -0.013443 192 112 103
-0.000250 -0.015080 -0.014256 195 116 111
0.001910 -0.013465 -0.016699 195 117 117
-0.002069 -0.015330 -0.013409 190 112 100
0.000054 -0.014994 -0.014653 194 117 111
0.002236 -0.012705 -0.017747 195 117 117
-0.002335 -0.015200 -0.013826 191 113 103
-0.000212 -0.015481 -0.014449 196 119 111
0.001949 -0.013496 -0.017298 194 118 118
-0.001015 -0.015988 -0.014045 196 119 109
0.001117 -0.014481 -0.016486 197 122 119
0.003338 -0.011764 -0.019966 191 120 116
-0.002334 -0.015480 -0.014350 190 112 100
-0.000220 -0.015947 -0.014834 196 122 113
0.001931 -0.014015 -0.017681 192 121 117
-0.002081 -0.015988 -0.014432 188 111 101
0.000022 -0.016207 -0.015217 190 117 111
0.002170 -0.014206 -0.018162 186 116 116
-0.002082 -0.016000 -0.014832 187 110 102
0.000021 -0.016219 -0.015619 181 110 104
0.002171 -0.014217 -0.018570 178 110 109
-0.000769 -0.016968 -0.014885 187 116 110
0.001328 -0.016313 -0.016598 168 103 101
-0.002085 -0.016342 -0.015312 180 107 101
0.000009 -0.016899 -0.015800 169 101 98
0.002139 -0.015098 -0.018619 161 100 99
-0.001813 -0.016568 -0.015564 179 108 104
0.000277 -0.017365 -0.015811 152 88 88
0.002400 -0.015822 -0.018388 154 94 94
-0.002082 -0.016483 -0.015966 179 108 104
0.000011 -0.017274 -0.016220 169 105 105
0.002134 -0.015725 -0.018807 166 108 107
-0.002601 -0.016526 -0.016019 182 111 107
-0.000505 -0.017307 -0.016297 180 115 113
0.001597 -0.016722 -0.017934 176 120 119
-0.001288 -0.016787 -0.016830 181 113 110
0.000804 -0.017467 -0.017189 187 132 129
-0.002592 -0.016683 -0.016621 180 111 106
-0.000497 -0.017441 -0.016937 186 122 120
0.001603 -0.016790 -0.018677 205 152 148
-0.002325 -0.016793 -0.017025 178 109 104
-0.000230 -0.017557 -0.017334 196 135 132
0.001870 -0.016911 -0.019072 216 167 162
-0.000480 -0.017701 -0.017393 187 126 123
0.001608 -0.016634 -0.019672 212 167 162
-0.000993 -0.017433 -0.017758 178 117 114
0.001073 -0.017006 -0.019474 210 163 157
0.000046 -0.017830 -0.018348 198 143 138
-0.001478 -0.017374 -0.018133 181 118 113
0.000562 -0.017446 -0.019498 203 156 150
-0.001181 -0.017469 -0.018387 180 121 115
-0.001452 -0.017384 -0.018793 180 121 115
0.003726 -0.002022 0.038427 98 101 92
0.000706 -0.000368 0.038136 99 100 92
0.002545 -0.001480 0.038149 98 101 92
-0.001382 0.000843 0.037853 104 104 96
0.000474 -0.000232 0.037802 99 100 92
0.002317 -0.001341 0.037812 98 101 92
0.004151 -0.002456 0.037854 98 101 92
-0.002334 0.001334 0.037528 104 104 96
-0.000462 0.000279 0.037489 104 103 98
0.001394 -0.000806 0.037486 99 102 93
0.003237 -0.001907 0.037510 99 102 93
-0.003744 0.002157 0.037200 104 104 96
-0.001867 0.001069 0.037184 104 104 96
0.000003 0.000011 0.037150 100 103 94
0.001856 -0.001084 0.037159 99 102 93
0.003696 -0.002193 0.037190 99 102 93
-0.003285 0.001863 0.036850 103 104 96
-0.001401 0.000805 0.036829 103 104 96
0.000467 -0.000267 0.036820 99 102 93
0.002319 -0.001368 0.036840 99 102 93
0.004152 -0.002499 0.036886 99 102 93
-0.002815 0.001598 0.036512 103 104 96
-0.000933 0.000541 0.036489 104 105 97
0.000933 -0.000539 0.036487 99 102 93
0.002781 -0.001647 0.036513 99 102 93
-0.003764 0.002129 0.036175 103 104 96
-0.001875 0.001067 0.036160 103 105 94
0.000001 0.000004 0.036147 101 104 95
0.001860 -0.001090 0.036161 100 103 94
0.003700 -0.002214 0.036201 100 103 94
-0.003767 0.002130 0.035840 103 104 96
-0.001876 0.001068 0.035824 104 106 95
0.000001 0.000004 0.035812 101 104 95
0.001861 -0.001090 0.035825 100 103 94
0.003702 -0.002215 0.035865 100 103 94
-0.003063 0.001715 0.035501 102 105 96
-0.001174 0.000666 0.035478 103 106 95
0.000699 -0.000408 0.035475 100 103 94
0.002555 -0.001510 0.035498 100 103 94
-0.003539 0.001985 0.035166 102 105 96
-0.001646 0.000929 0.035147 102 105 94
0.000233 -0.000137 0.035137 101 104 95
0.002094 -0.001231 0.035152 100 103 94
0.003936 -0.002359 0.035198 100 103 94
-0.003310 0.001827 0.034838 100 106 96
-0.001414 0.000787 0.034810 100 106 94
0.000463 -0.000284 0.034801 100 103 92
0.002324 -0.001374 0.034810 100 103 94
0.004166 -0.002507 0.034864 100 103 94
-0.004023 0.002237 0.034497 102 105 96
-0.002124 0.001179 0.034483 100 106 94
-0.000239 0.000121 0.034463 99 105 93
0.001629 -0.000964 0.034467 100 103 94
0.003481 -0.002072 0.034497 100 103 94
-0.003554 0.001952 0.034166 101 107 97
-0.001654 0.000906 0.034146 100 106 94
0.000220 -0.000183 0.034132 100 103 92
0.002076 -0.001285 0.034114 100 103 94
0.003931 -0.002366 0.034125 100 103 94
-0.003795 0.002081 0.033834 101 107 97
-0.001892 0.001039 0.033811 100 106 94
-0.000014 -0.000047 0.033793 100 103 92
0.001845 -0.001146 0.033771 100 103 94
0.003704 -0.002224 0.033779 100 103 94
-0.002607 0.001424 0.033486 101 107 97
-0.000726 0.000322 0.033478 98 104 92
0.001091 -0.000935 0.033482 100 103 92
0.002966 -0.001874 0.033305 100 103 94
-0.003800 0.002079 0.033160 101 107 97
-0.001898 0.001023 0.033142 100 106 94
-0.000045 -0.000157 0.033144 99 102 91
0.001790 -0.001299 0.033060 100 103 94
-0.003330 0.001799 0.032822 101 107 97
-0.001447 0.000672 0.032830 99 105 93
0.000337 -0.000735 0.032878 99 102 91
0.002195 -0.001639 0.032533 99 102 93
-0.003332 0.001800 0.032482 101 107 97
-0.001448 0.000672 0.032490 98 104 92
0.000337 -0.000735 0.032538 99 102 91
0.002197 -0.001640 0.032192 99 102 93
-0.003588 0.001883 0.032144 100 108 97
-0.001717 0.000673 0.032209 98 106 93
0.000048 -0.000869 0.032375 96 104 91
0.001893 -0.001778 0.031966 99 102 93
-0.004061 0.002186 0.031784 101 106 99
-0.002180 0.000992 0.031846 99 107 94
-0.000381 -0.000457 0.031998 98 104 92
0.001407 -0.001711 0.031866 97 103 93
-0.003162 0.001439 0.031501 102 108 96
-0.001353 -0.000044 0.031720 99 105 91
0.000366 -0.001747 0.031970 96 102 90
-0.004332 0.002231 0.031106 100 105 98
-0.002482 0.000880 0.031255 100 108 93
-0.000729 -0.000802 0.031553 99 105 93
0.001102 -0.001862 0.031308 98 101 92
-0.003920 0.001737 0.030791 101 107 97
-0.002098 0.000285 0.030985 101 107 93
-0.000397 -0.001593 0.031401 97 103 91
-0.005099 0.002500 0.030417 98 103 97
-0.003222 0.001271 0.030465 102 108 96
-0.001435 -0.000321 0.030751 100 106 92
0.000280 -0.002077 0.031073 96 102 92
-0.004673 0.002034 0.030125 99 106 99
-0.002810 0.000850 0.030045 102 110 97
-0.001026 -0.000747 0.030354 101 107 97
0.000776 -0.002078 0.030412 99 102 95
-0.003981 0.001586 0.029726 101 108 100
-0.002123 0.000337 0.029762 103 111 100
-0.000404 -0.001513 0.030204 100 105 98
-0.005255 0.001826 0.029701 96 105 100
-0.003317 0.001049 0.029335 101 111 102
-0.001433 -0.000055 0.029293 105 110 103
0.000344 -0.001620 0.029573 101 103 100
-0.006192 0.002589 0.029146 95 106 102
-0.004295 0.001369 0.029249 99 109 101
-0.002353 0.000613 0.028886 102 112 103
-0.000558 -0.000934 0.029169 105 107 102
-0.005362 0.001210 0.029484 97 108 102
-0.003389 0.000660 0.028940 103 110 103
-0.001453 -0.000159 0.028685 109 111 106
0.000361 -0.001526 0.028804 104 104 106
-0.006053 0.001878 0.028889 96 107 101
-0.004143 0.000807 0.028837 99 109 101
-0.002153 0.000304 0.028312 105 110 103
-0.000342 -0.001141 0.028507 107 105 106
-0.005008 0.000144 0.029484 100 107 100
-0.003006 -0.000175 0.028730 103 108 101
-0.001091 -0.001063 0.028511 110 109 105
0.000790 -0.001958 0.028186 109 104 108
-0.005465 0.000560 0.029029 100 107 100
-0.003509 -0.000087 0.028560 102 107 100
-0.001550 -0.000739 0.028148 108 107 102
0.000299 -0.001868 0.028038 108 102 104
-0.005951 0.000720 0.028846 101 107 103
-0.004186 -0.001149 0.029386 103 106 99
-0.002138 -0.001214 0.028483 107 107 99
-0.000285 -0.002329 0.028375 110 101 104
-0.004427 -0.001020 0.029048 104 105 99
-0.002376 -0.001081 0.028139 108 105 98
-0.000520 -0.002192 0.028027 113 101 103
-0.004534 -0.001674 0.029240 106 105 100
-0.002452 -0.001528 0.028164 111 107 98
-0.000593 -0.002595 0.028001 116 102 102
-0.004299 -0.001806 0.028892 110 105 101
-0.002217 -0.001664 0.027817 115 108 100
-0.000360 -0.002736 0.027658 121 102 104
-0.005420 -0.000793 0.028364 109 106 101
-0.003493 -0.001561 0.027971 115 106 101
-0.001595 -0.002386 0.027572 122 107 104
0.000320 -0.003065 0.027063 131 104 111
-0.004585 -0.001925 0.028401 115 105 103
-0.002527 -0.001887 0.027369 121 108 102
-0.000658 -0.002832 0.027046 130 104 107
-0.005195 -0.000981 0.027726 116 105 101
-0.003323 -0.002070 0.027580 125 107 103
-0.001460 -0.002964 0.027131 133 107 106
-0.005438 -0.000853 0.027388 121 106 103
-0.003562 -0.001938 0.027238 130 109 106
-0.001696 -0.002828 0.026783 139 111 108
-0.005212 -0.001089 0.027159 127 109 105
-0.003415 -0.002603 0.027329 138 114 110
-0.001590 -0.003635 0.026933 151 117 116
-0.004632 -0.002208 0.027302 135 114 111
-0.002752 -0.003082 0.026874 149 120 116
-0.000838 -0.003594 0.026064 159 117 119
-0.005099 -0.001940 0.027023 139 115 111
-0.003314 -0.003458 0.027165 153 124 120
-0.001462 -0.004377 0.026744 166 125 123
-0.005260 -0.001363 0.026375 142 117 113
-0.003516 -0.003183 0.026770 160 127 122
-0.001721 -0.004449 0.026630 173 132 130
-0.005170 -0.002324 0.026624 147 119 115
-0.003386 -0.003867 0.026810 165 130 124
-0.001514 -0.004824 0.026558 176 131 128
0.000532 -0.004854 0.025613 170 115 118
-0.004524 -0.003067 0.026500 160 126 124
-0.002702 -0.004340 0.026468 175 136 129
-0.000773 -0.004979 0.025977 171 120 119
-0.005250 -0.002683 0.026130 157 124 119
-0.003410 -0.003933 0.026123 174 135 128
-0.001494 -0.004765 0.025867 183 134 130
0.000551 -0.004872 0.025029 167 109 108
-0.005254 -0.002685 0.025784 163 126 120
-0.003412 -0.003935 0.025777 180 137 131
-0.001495 -0.004768 0.025520 186 135 132
0.000551 -0.004876 0.024680 164 106 104
-0.005114 -0.003234 0.025624 169 130 125
-0.003156 -0.003843 0.025150 184 141 134
-0.001210 -0.004590 0.024884 184 131 127
0.000841 -0.004715 0.024080 161 103 99
-0.006192 -0.002012 0.024996 160 122 119
-0.004393 -0.003476 0.025064 176 132 129
-0.002420 -0.004093 0.024685 188 141 135
-0.000411 -0.004458 0.024072 163 108 103
-0.006767 -0.002269 0.025023 159 121 118
-0.004992 -0.003904 0.025246 170 127 121
-0.002887 -0.003790 0.024313 184 135 128
-0.000898 -0.004292 0.023817 174 119 112
0.001139 -0.004544 0.023133 162 108 98
-0.006531 -0.002399 0.024668 160 121 116
-0.004758 -0.004039 0.024896 171 126 121
-0.002653 -0.003929 0.023964 184 134 125
-0.000665 -0.004435 0.023470 167 115 104
-0.006200 -0.005118 0.026139 166 121 115
-0.003938 -0.004082 0.024517 176 127 122
-0.001940 -0.004523 0.023962 186 132 122
0.000204 -0.004110 0.022641 161 112 98
-0.006628 -0.004539 0.025535 163 120 114
-0.004500 -0.004296 0.024542 174 123 119
-0.002434 -0.004391 0.023746 181 127 117
-0.000341 -0.004251 0.022643 160 112 98
-0.006692 -0.004992 0.025622 163 118 113
-0.004531 -0.004759 0.024831 173 120 114
-0.002473 -0.004828 0.023958 179 125 115
-0.000332 -0.004383 0.022568 166 120 104
0.001664 -0.004732 0.021812 169 131 112
-0.006005 -0.005592 0.025500 168 117 113
-0.003744 -0.004712 0.024124 174 121 113
-0.001733 -0.005016 0.023391 176 127 113
0.000449 -0.004372 0.021837 177 139 118
-0.006445 -0.005079 0.024937 166 115 111
-0.004309 -0.005017 0.024291 170 120 111
-0.002258 -0.005123 0.023432 172 125 109
-0.000086 -0.004522 0.021910 181 143 122
-0.006208 -0.005283 0.024727 168 115 109
-0.004007 -0.004768 0.023634 168 118 107
-0.001975 -0.004960 0.022800 168 122 106
0.000218 -0.004268 0.021199 192 156 132
-0.006836 -0.004164 0.023661 164 113 109
-0.004857 -0.005105 0.023831 167 115 104
-0.002777 -0.005123 0.022969 168 119 104
-0.000629 -0.004677 0.021595 191 150 128
0.001436 -0.004693 0.020563 208 183 153
-0.007080 -0.004039 0.023319 166 115 111
-0.005099 -0.004977 0.023486 169 117 106
-0.003016 -0.004991 0.022620 175 122 108
-0.000866 -0.004541 0.021238 186 145 123
0.001202 -0.004552 0.020200 211 186 156
-0.006648 -0.004523 0.023101 168 115 109
-0.004551 -0.004766 0.022709 174 117 106
-0.002497 -0.004955 0.021970 175 124 107
-0.000298 -0.004283 0.020422 196 162 135
0.001672 -0.004810 0.019795 212 193 160
-0.007084 -0.003889 0.022390 169 116 110
-0.005093 -0.004822 0.022579 173 119 109
-0.003021 -0.004965 0.021855 180 124 109
-0.000850 -0.004461 0.020465 187 151 125
0.001208 -0.004552 0.019500 213 194 161
-0.008611 -0.001308 0.020241 165 117 113
-0.006881 -0.004071 0.021946 170 117 111
-0.004876 -0.004953 0.022119 175 123 110
-0.002790 -0.005082 0.021441 179 128 111
-0.000597 -0.004545 0.020093 190 160 132
0.001467 -0.004627 0.019134 214 200 163
-0.008016 -0.002718 0.020848 167 118 113
-0.006197 -0.004841 0.022049 171 121 112
-0.004049 -0.004779 0.021378 179 127 113
-0.001951 -0.004795 0.020529 177 135 113
0.000246 -0.004206 0.019063 203 184 151
-0.008223 -0.002208 0.020097 166 117 113
-0.006509 -0.004937 0.021711 170 120 111
-0.004380 -0.005072 0.021283 180 134 119
-0.002259 -0.005094 0.020573 187 149 126
-0.000032 -0.004449 0.019179 201 181 148
0.001971 -0.004818 0.018397 206 198 159
-0.007799 -0.002917 0.020166 168 115 109
-0.006025 -0.005234 0.021458 169 123 108
-0.003852 -0.005086 0.020767 186 148 129
-0.001703 -0.004949 0.019907 197 170 143
0.000495 -0.004431 0.018550 205 192 157
-0.006949 -0.004343 0.020707 163 114 100
-0.004979 -0.005342 0.020878 177 141 119
-0.002818 -0.005317 0.020306 200 176 148
-0.000559 -0.004710 0.019150 205 192 157
0.001485 -0.004955 0.018349 197 194 151
-0.006954 -0.004346 0.020354 162 113 99
-0.004982 -0.005346 0.020525 177 145 122
-0.002820 -0.005321 0.019952 207 190 160
-0.000560 -0.004713 0.018792 211 203 166
0.001486 -0.004959 0.017990 190 189 145
-0.006364 -0.005530 0.020646 164 121 104
-0.004188 -0.005409 0.020007 196 170 145
-0.001892 -0.004861 0.019191 229 216 182
0.000287 -0.004623 0.018217 205 202 161
0.002335 -0.004726 0.017127 173 174 130
-0.006587 -0.005268 0.020182 163 120 103
-0.004489 -0.005502 0.019729 190 164 139
-0.002242 -0.005209 0.019104 221 210 178
0.000008 -0.004710 0.018043 206 203 162
0.002012 -0.005158 0.017367 175 176 132
-0.006143 -0.005699 0.019936 167 129 108
-0.004019 -0.005768 0.019343 198 178 151
-0.001679 -0.005014 0.018368 222 216 180
0.000583 -0.004409 0.017140 195 196 154
-0.006818 -0.005045 0.019410 164 121 104
-0.004793 -0.005589 0.019078 186 162 136
-0.002515 -0.005127 0.018310 212 203 170
-0.000197 -0.004311 0.017020 204 202 161
0.001888 -0.004464 0.016181 179 182 137
-0.006504 -0.004720 0.018692 167 126 106
-0.004561 -0.005662 0.018591 190 169 142
-0.002293 -0.005132 0.017631 212 206 170
0.000120 -0.003818 0.015907 200 198 157
-0.007243 -0.002883 0.017393 165 118 102
-0.005613 -0.005590 0.018553 175 147 123
-0.003491 -0.005699 0.017966 202 191 161
-0.001100 -0.004570 0.016530 207 205 166
0.001236 -0.003606 0.014952 187 188 144
0.003475 -0.002844 0.013121 172 175 128
-0.007199 -0.002558 0.016751 164 118 102
-0.005508 -0.004970 0.017700 175 149 124
-0.003445 -0.005362 0.017268 202 191 161
-0.001055 -0.004181 0.015702 205 203 164
-0.006218 -0.004482 0.017283 169 137 114
-0.004225 -0.005231 0.017078 194 177 149
-0.001901 -0.004375 0.015768 206 202 165
0.000572 -0.002782 0.013758 193 192 148
0.002765 -0.002362 0.012295 176 178 131
-0.006077 -0.003618 0.016225 170 140 116
-0.004135 -0.004717 0.016306 194 177 149
-0.001848 -0.004055 0.015115 203 199 161
0.000636 -0.002482 0.013170 192 191 147
0.002797 -0.002173 0.011722 178 177 129
-0.006962 -0.002593 0.015529 160 123 104
-0.005131 -0.004283 0.015975 182 161 134
-0.003033 -0.004565 0.015467 201 192 159
-0.000590 -0.003180 0.013719 198 196 155
0.001713 -0.002450 0.012282 181 183 136
-0.006871 -0.002022 0.014719 160 125 105
-0.004997 -0.003477 0.014947 183 163 136
-0.002964 -0.004150 0.014737 200 191 158
-0.000529 -0.002864 0.013100 196 194 153
-0.005955 -0.002827 0.014496 174 148 123
-0.004049 -0.004176 0.014761 195 181 152
-0.001795 -0.003731 0.013726 198 194 156
0.000654 -0.002438 0.012061 186 187 143
0.002793 -0.002224 0.010649 175 177 128
-0.006081 -0.002009 0.013618 176 150 127
-0.004171 -0.003231 0.013630 194 183 153
-0.002070 -0.003554 0.013120 197 195 157
0.000397 -0.002206 0.011437 187 190 145
0.002499 -0.002452 0.010680 172 176 126
-0.005365 -0.002411 0.013168 187 170 142
-0.003459 -0.003756 0.013397 197 191 157
-0.001105 -0.002854 0.012000 195 193 154
0.001195 -0.002345 0.010912 174 177 130
-0.005282 -0.001862 0.012315 191 174 144
-0.003367 -0.003080 0.012333 198 192 158
-0.001029 -0.002274 0.010983 195 193 155
0.001238 -0.001926 0.009983 175 177 128
-0.006259 -0.001410 0.012154 183 163 136
-0.004317 -0.002388 0.011851 199 190 159
-0.002236 -0.002817 0.011361 194 194 156
0.000195 -0.001668 0.009801 188 189 145
0.002293 -0.002004 0.009141 169 171 122
-0.006418 -0.000802 0.011481 187 170 144
-0.004498 -0.001837 0.011117 202 191 161
-0.002500 -0.002602 0.010756 194 194 158
-0.000142 -0.001805 0.009447 188 189 145
0.002033 -0.001861 0.008667 168 170 121
-0.005745 -0.001419 0.011124 203 189 160
-0.003786 -0.002272 0.010680 201 196 164
-0.001607 -0.002246 0.009857 191 191 153
0.000722 -0.001640 0.008683 175 177 130
0.002816 -0.001930 0.007904 172 174 124
-0.005936 -0.001019 0.010616 207 196 168
-0.003979 -0.001826 0.010056 203 198 166
-0.001906 -0.002272 0.009498 190 190 152
0.000411 -0.001755 0.008432 180 181 137
0.002562 -0.001890 0.007644 170 172 123
-0.005242 -0.001489 0.010123 215 209 177
-0.003245 -0.002168 0.009566 196 196 160
-0.000991 -0.001866 0.008591 187 187 149
0.001260 -0.001633 0.007654 162 164 117
-0.005465 -0.001270 0.009757 220 215 183
-0.003477 -0.001953 0.009133 199 199 165
-0.001335 -0.002134 0.008442 185 187 148
0.000947 -0.001790 0.007466 166 167 123
-0.004734 -0.001540 0.009106 214 211 178
-0.002677 -0.001977 0.008416 188 190 153
-0.000404 -0.001663 0.007475 184 185 145
0.001831 -0.001447 0.006443 164 166 117
-0.004732 -0.001503 0.008696 213 213 179
-0.002661 -0.001858 0.007923 184 186 149
-0.000415 -0.001672 0.007059 181 182 142
0.001836 -0.001355 0.005912 166 168 121
-0.005696 -0.000961 0.008487 229 228 197
-0.003722 -0.001768 0.007969 195 196 162
-0.001573 -0.001915 0.007215 176 178 139
0.000693 -0.001654 0.006280 178 179 135
-0.005666 -0.000760 0.007941 232 233 201
-0.003722 -0.001747 0.007567 190 194 159
-0.001574 -0.001863 0.006744 171 173 134
0.000668 -0.001730 0.005909 180 181 139
-0.004727 -0.001412 0.007488 213 217 182
-0.002660 -0.001787 0.006698 174 176 139
-0.000435 -0.001712 0.005895 182 183 143
0.001819 -0.001408 0.004760 178 179 135
-0.006311 0.000119 0.006987 246 253 220
-0.004463 -0.001413 0.006978 208 214 178
-0.002423 -0.001870 0.006188 177 179 142
-0.000228 -0.001909 0.005426 191 192 152
0.002032 -0.001633 0.004371 189 190 146
-0.005190 -0.000982 0.006674 227 235 198
-0.003219 -0.001811 0.006153 189 193 156
-0.001034 -0.001797 0.005253 181 183 144
0.001217 -0.001620 0.004333 186 187 145
-0.004450 -0.001264 0.006063 212 220 183
-0.002440 -0.001780 0.005203 186 188 151
-0.000287 -0.001962 0.004475 200 200 162
-0.004700 -0.001128 0.005690 220 228 191
-0.002687 -0.001639 0.004823 191 193 156
-0.000531 -0.001817 0.004089 200 200 162
-0.005616 -0.000297 0.005270 236 246 211
-0.003725 -0.001507 0.004940 205 213 176
-0.001633 -0.001703 0.003921 194 195 161
0.000551 -0.001886 0.003311 207 208 168
-0.005620 -0.000297 0.004891 238 248 214
-0.003728 -0.001509 0.004561 214 222 185
-0.001635 -0.001704 0.003539 205 206 172
0.000551 -0.001888 0.002928 210 211 171
-0.004644 -0.000735 0.004210 232 240 203
-0.002650 -0.001372 0.003423 215 219 182
-0.000552 -0.001922 0.003030 219 217 178
0.001715 -0.001738 0.002122 211 212 172
-0.004398 -0.000873 0.003824 235 243 206
-0.002405 -0.001515 0.003041 226 230 193
-0.000308 -0.002070 0.002651 222 223 183
-0.005092 -0.000284 0.003451 243 252 223
-0.003178 -0.001413 0.003074 238 244 208
-0.001071 -0.001842 0.002493 236 238 201
0.001115 -0.002077 0.001944 215 215 177
-0.004606 -0.000523 0.002943 248 255 224
-0.002625 -0.001307 0.002305 248 254 220
-0.000547 -0.002017 0.002071 232 236 199
0.001694 -0.001966 0.001257 218 220 183
-0.005054 -0.000108 0.002616 247 255 231
-0.003165 -0.001382 0.002334 247 254 223
-0.001080 -0.001941 0.001860 243 249 215
0.001069 -0.002342 0.001422 222 226 191
-0.004322 -0.000503 0.002107 246 254 230
-0.002372 -0.001463 0.001606 242 251 222
-0.000322 -0.002317 0.001479 232 239 205
-0.004309 -0.000456 0.001721 246 255 234
-0.002394 -0.001573 0.001315 240 250 225
-0.000366 -0.002527 0.001259 232 241 210
-0.005037 -0.000011 0.001439 244 255 238
-0.003183 -0.001451 0.001242 240 252 232
-0.001116 -0.002113 0.000839 237 249 225
0.001013 -0.002619 0.000478 236 247 217
-0.004785 -0.000126 0.001031 243 255 239
-0.002957 -0.001687 0.000921 236 251 232
-0.000906 -0.002429 0.000586 235 249 226
0.001199 -0.003054 0.000330 241 254 224
-0.005228 0.000370 0.000609 243 255 241
-0.003434 -0.001406 0.000650 237 251 234
-0.001413 -0.002174 0.000187 235 250 229
0.000602 -0.003251 0.000301 238 253 224
-0.004795 -0.000110 0.000210 240 254 237
-0.002971 -0.001739 0.000191 233 250 232
-0.000945 -0.002607 -0.000053 232 250 228
0.001128 -0.003437 -0.000101 239 253 227
-0.003445 -0.001454 -0.000070 233 250 232
-0.001435 -0.002273 -0.000514 233 250 231
0.000521 -0.003659 -0.000129 236 250 224
-0.004335 -0.000466 -0.000628 234 251 232
-0.002459 -0.001814 -0.000860 232 250 228
-0.000556 -0.003409 -0.000401 231 247 221
-0.004338 -0.000466 -0.001016 234 251 232
-0.002461 -0.001816 -0.001249 232 250 228
-0.000557 -0.003412 -0.000789 230 246 220
-0.005055 0.000226 -0.001657 234 253 231
-0.003263 -0.001707 -0.001348 229 248 226
-0.001340 -0.003081 -0.001219 231 249 225
-0.004591 -0.000233 -0.001934 232 251 229
-0.002737 -0.001743 -0.002028 226 248 225
-0.000915 -0.003729 -0.001279 229 245 219
-0.004786 0.000290 -0.002680 234 252 230
-0.003041 -0.001889 -0.002169 228 247 225
-0.001203 -0.003619 -0.001807 228 243 220
-0.005709 0.001208 -0.003188 241 253 233
-0.003898 -0.000828 -0.002702 230 248 226
-0.002023 -0.002218 -0.002866 227 245 223
-0.005472 0.001133 -0.003770 240 252 232
-0.003739 -0.001306 -0.002955 230 248 226
-0.001919 -0.002917 -0.002955 227 242 219
-0.005941 0.001500 -0.004065 245 254 235
-0.004123 -0.000499 -0.003656 234 249 228
-0.002313 -0.002151 -0.003705 226 244 222
-0.004966 0.000864 -0.004556 240 252 230
-0.003304 -0.001656 -0.003927 230 248 226
-0.004969 0.000865 -0.004951 243 252 231
-0.003307 -0.001658 -0.004321 233 248 227
-0.003777 -0.000130 -0.005226 238 252 229
-0.002141 -0.002466 -0.004931 225 240 217
-0.004931 0.001026 -0.005787 247 255 234
-0.003290 -0.001531 -0.005230 236 250 227
-0.005100 0.001487 -0.006268 247 250 231
-0.003401 -0.000945 -0.005704 237 249 227
-0.003997 0.000156 -0.006458 242 247 227
-0.002403 -0.002437 -0.005958 234 244 220
-0.003631 -0.000823 -0.006320 241 244 223
-0.002002 -0.003327 -0.005737 233 241 218
-0.003717 0.000039 -0.007131 240 242 221
-0.002127 -0.002682 -0.006434 238 243 221
-0.004532 0.001422 -0.007877 238 231 213
-0.002922 -0.001575 -0.006759 243 245 224
-0.004344 0.000973 -0.008078 232 225 207
-0.002749 -0.001981 -0.007070 243 242 222
-0.004449 0.001876 -0.009016 225 212 196
-0.002882 -0.001519 -0.007434 241 236 217
-0.003664 0.000129 -0.008562 226 217 200
-0.003597 0.000426 -0.009134 223 210 194
-0.002032 -0.002858 -0.007617 248 239 222
-0.003962 0.001487 -0.010137 214 195 181
-0.002423 -0.002082 -0.008338 243 230 214
-0.003343 0.000186 -0.009746 219 200 185
-0.001683 -0.002790 -0.008298 248 235 218
-0.003346 0.000186 -0.010150 215 193 179
-0.001684 -0.002792 -0.008699 243 227 211
-0.002123 -0.000935 -0.010085 228 206 192
-0.000353 -0.003356 -0.009002 239 231 210
0.001367 -0.005812 -0.007887 251 249 228
-0.003207 0.000835 -0.011385 206 178 166
-0.001545 -0.002284 -0.009722 231 212 197
-0.002822 0.001273 -0.012168 204 174 163
-0.001198 -0.002059 -0.010328 229 210 195
0.000579 -0.004401 -0.009273 237 232 210
-0.001878 -0.001205 -0.011091 215 187 175
-0.000075 -0.003496 -0.010088 223 212 192
-0.002721 0.001691 -0.013190 199 165 155
-0.001127 -0.001799 -0.011253 215 192 178
0.000646 -0.004191 -0.010155 222 220 197
-0.002580 0.000940 -0.013090 199 161 152
-0.000952 -0.002328 -0.011336 207 184 170
0.000862 -0.004547 -0.010335 221 219 196
-0.001326 -0.001491 -0.012074 200 168 157
0.000461 -0.003841 -0.011037 209 201 180
-0.002155 0.000081 -0.013307 191 148 141
-0.000431 -0.002669 -0.011974 196 173 157
0.001322 -0.005101 -0.010847 223 218 198
-0.001729 -0.000797 -0.013067 199 156 149
0.000088 -0.003023 -0.012191 193 170 154
0.001625 -0.006254 -0.010566 221 213 194
-0.002127 0.000080 -0.013952 205 156 151
-0.000391 -0.002597 -0.012720 197 163 151
0.001395 -0.004863 -0.011774 204 187 171
-0.001250 -0.001424 -0.013407 214 165 160
0.000575 -0.003522 -0.012705 190 158 145
0.002073 -0.006799 -0.011141 207 184 168
-0.000829 -0.002122 -0.013512 216 163 159
0.001059 -0.003928 -0.013005 184 148 136
0.002554 -0.007159 -0.011494 206 177 163
-0.000973 -0.001632 -0.013976 223 170 166
0.000865 -0.003643 -0.013385 177 137 127
0.002392 -0.006730 -0.012050 185 153 142
-0.001689 -0.000930 -0.014602 227 167 166
0.000159 -0.002988 -0.013942 185 138 130
0.001783 -0.005749 -0.012851 177 139 128
-0.001224 -0.001583 -0.014571 225 166 162
0.000621 -0.003589 -0.013988 186 137 130
0.002211 -0.006393 -0.012933 179 139 131
-0.001224 -0.001584 -0.014982 224 163 160
0.000622 -0.003592 -0.014398 191 138 132
0.002212 -0.006398 -0.013340 179 134 128
0.000151 -0.003239 -0.014734 197 142 137
0.001878 -0.005534 -0.014053 182 133 128
-0.000966 -0.001808 -0.015640 222 161 158
0.000861 -0.003895 -0.014998 191 138 132
0.002513 -0.006422 -0.014166 178 131 125
-0.000821 -0.002518 -0.015560 219 158 153
0.001094 -0.004174 -0.015260 192 139 133
0.002797 -0.006475 -0.014604 180 131 126
-0.000972 -0.001905 -0.016306 223 160 155
0.000847 -0.004024 -0.015660 197 142 137
0.002559 -0.006322 -0.014987 178 129 124
-0.000089 -0.003194 -0.016116 213 154 148
0.001842 -0.004702 -0.015989 188 138 131
0.003646 -0.006589 -0.015604 175 128 122
0.000406 -0.003539 -0.016515 210 151 145
0.002205 -0.005550 -0.016046 184 131 127
0.004136 -0.006901 -0.016045 175 128 122
0.000471 -0.003417 -0.016818 214 153 148
0.002290 -0.005305 -0.016518 186 131 128
0.004318 -0.006308 -0.016767 168 119 114
-0.000286 -0.002946 -0.017238 221 156 152
0.001645 -0.004451 -0.017177 204 143 140
0.003583 -0.005842 -0.017169 182 124 122
0.000222 -0.003314 -0.017530 223 155 152
0.002051 -0.005167 -0.017290 203 142 141
0.004182 -0.005787 -0.017821 180 127 123
0.000223 -0.003317 -0.017945 225 155 153
0.002052 -0.005171 -0.017705 210 146 146
0.004185 -0.005791 -0.018236 187 132 129
-0.000331 -0.003102 -0.018438 222 154 151
0.001513 -0.005005 -0.018052 218 153 151
0.003662 -0.005554 -0.018661 200 139 138
0.000600 -0.004102 -0.018548 225 157 156
0.002524 -0.005538 -0.018600 216 150 151
0.004624 -0.006294 -0.019017 197 139 137
0.000985 -0.004780 -0.018879 223 153 153
0.003184 -0.005139 -0.019640 214 148 149
0.005268 -0.006012 -0.019928 197 142 139
0.000985 -0.004784 -0.019296 217 147 147
0.000584 -0.004099 -0.019920 215 141 142
0.000043 0.000118 0.038388 106 114 116
0.003256 -0.002785 0.038518 103 112 109
-0.001023 0.000887 0.038129 108 119 113
0.000619 -0.000508 0.038141 104 112 114
0.002244 -0.001918 0.038172 104 112 114
-0.002895 0.002440 0.037803 109 120 114
-0.001232 0.001058 0.037798 108 119 113
0.000415 -0.000335 0.037807 104 112 114
0.002044 -0.001742 0.037835 104 112 114
0.003649 -0.003172 0.037883 103 112 107
-0.003754 0.003070 0.037535 110 121 115
-0.002074 0.001715 0.037504 109 120 114
-0.000412 0.000346 0.037487 108 118 117
0.001231 -0.001042 0.037493 104 112 114
0.002850 -0.002459 0.037525 103 112 109
-0.003334 0.002735 0.037191 110 121 115
-0.001658 0.001374 0.037165 109 120 114
0.000001 0.000001 0.037152 105 115 116
0.001639 -0.001395 0.037165 104 112 114
0.003253 -0.002819 0.037203 103 112 107
-0.002919 0.002387 0.036857 110 121 115
-0.001244 0.001030 0.036828 109 120 116
0.000413 -0.000346 0.036819 103 113 114
0.002045 -0.001751 0.036839 104 113 112
0.003654 -0.003182 0.036885 103 113 105
-0.002500 0.002051 0.036513 110 121 115
-0.000828 0.000689 0.036489 109 120 116
0.000824 -0.000694 0.036487 104 112 114
0.002451 -0.002108 0.036513 104 113 112
-0.003347 0.002721 0.036201 110 121 115
-0.001664 0.001371 0.036164 109 120 114
0.000000 0.000000 0.036149 106 116 115
0.001641 -0.001399 0.036161 104 112 114
0.003258 -0.002825 0.036200 103 112 107
-0.003350 0.002722 0.035865 110 121 115
-0.001665 0.001372 0.035828 109 120 114
0.000000 0.000000 0.035813 106 116 115
0.001642 -0.001400 0.035825 104 112 114
0.003260 -0.002827 0.035865 103 113 105
-0.002718 0.002217 0.035514 110 121 115
-0.001039 0.000860 0.035483 109 120 114
0.000619 -0.000523 0.035477 103 113 112
0.002252 -0.001935 0.035501 104 113 110
-0.003142 0.002557 0.035187 110 121 115
-0.001458 0.001203 0.035152 108 119 113
0.000206 -0.000175 0.035140 105 115 114
0.001847 -0.001579 0.035155 104 113 112
0.003465 -0.003011 0.035199 103 113 104
-0.002933 0.002388 0.034846 109 120 114
-0.001250 0.001032 0.034812 108 119 113
0.000413 -0.000350 0.034803 103 113 112
0.002051 -0.001760 0.034824 104 113 110
0.003668 -0.003193 0.034869 103 113 102
-0.003570 0.002899 0.034523 109 120 114
-0.001879 0.001545 0.034484 108 119 113
-0.000208 0.000171 0.034466 106 117 113
0.001441 -0.001227 0.034474 104 113 112
0.003066 -0.002656 0.034512 103 113 105
-0.003148 0.002562 0.034175 108 119 113
-0.001460 0.001205 0.034139 107 118 112
0.000206 -0.000177 0.034129 104 115 111
0.001851 -0.001584 0.034145 104 113 110
0.003472 -0.003015 0.034186 103 113 102
-0.003363 0.002731 0.033843 108 119 113
-0.001671 0.001377 0.033804 107 118 112
-0.000001 -0.000003 0.033790 105 116 112
0.001647 -0.001407 0.033803 104 113 110
0.003273 -0.002836 0.033840 103 113 102
-0.002304 0.001889 0.033478 107 118 112
-0.000624 0.000519 0.033453 106 117 111
0.001034 -0.000874 0.033452 104 113 110
0.002666 -0.002302 0.033486 104 114 106
-0.003367 0.002734 0.033166 108 119 113
-0.001673 0.001380 0.033125 106 117 111
-0.000000 -0.000002 0.033111 104 115 111
0.001651 -0.001404 0.033119 104 113 108
0.003280 -0.002830 0.033152 103 113 102
-0.002944 0.002398 0.032816 108 119 113
-0.001253 0.001038 0.032779 105 116 110
0.000416 -0.000346 0.032767 103 114 110
0.002065 -0.001751 0.032780 104 114 106
0.003693 -0.003172 0.032802 103 113 102
-0.002946 0.002399 0.032475 108 119 113
-0.001254 0.001039 0.032439 105 116 110
0.000417 -0.000346 0.032427 103 114 110
0.002066 -0.001752 0.032439 104 114 106
0.003695 -0.003174 0.032461 103 113 102
-0.003160 0.002572 0.032137 108 119 113
-0.001464 0.001213 0.032100 104 117 110
0.000210 -0.000168 0.032082 103 114 110
0.001873 -0.001548 0.032071 104 113 108
0.003506 -0.002965 0.032085 103 113 102
-0.003588 0.002913 0.031807 109 120 114
-0.001887 0.001556 0.031766 104 117 110
-0.000207 0.000177 0.031744 103 114 108
0.001462 -0.001198 0.031727 103 114 110
0.003098 -0.002622 0.031749 103 113 104
-0.002738 0.002237 0.031443 106 117 111
-0.001045 0.000872 0.031408 103 114 108
0.000636 -0.000487 0.031363 104 113 110
0.002306 -0.001838 0.031311 104 114 106
-0.003807 0.003084 0.031130 107 120 113
-0.002102 0.001729 0.031084 104 115 109
-0.000415 0.000358 0.031051 102 113 107
0.001276 -0.000964 0.030972 104 113 108
0.002922 -0.002368 0.030966 105 112 104
-0.003382 0.002748 0.030774 108 117 114
-0.001679 0.001390 0.030731 103 114 108
0.000008 0.000030 0.030679 103 112 107
0.001729 -0.001190 0.030486 104 114 106
0.003405 -0.002511 0.030404 103 113 102
-0.002743 0.002242 0.030413 106 115 112
-0.001046 0.000876 0.030375 102 113 107
0.000643 -0.000465 0.030300 103 114 108
0.002356 -0.001699 0.030124 103 114 106
-0.002318 0.001904 0.030057 106 115 112
-0.000619 0.000552 0.030003 102 113 109
0.001097 -0.000697 0.029822 103 116 109
0.002866 -0.001780 0.029511 104 116 106
-0.003388 0.002753 0.029743 107 116 113
-0.001680 0.001398 0.029693 105 114 111
0.000019 0.000067 0.029603 102 115 108
0.001786 -0.001033 0.029287 101 118 108
0.003530 -0.002189 0.029053 103 117 104
-0.002748 0.002247 0.029380 106 115 114
-0.001037 0.000910 0.029311 105 114 111
0.000693 -0.000314 0.029105 97 117 108
0.002534 -0.001225 0.028643 103 121 109
-0.003607 0.002926 0.029060 110 116 114
-0.001894 0.001571 0.029009 109 115 113
-0.000178 0.000276 0.028884 103 115 111
0.001607 -0.000789 0.028539 99 121 109
0.003435 -0.001736 0.028118 104 122 108
-0.002750 0.002252 0.028687 109 115 115
-0.001030 0.000937 0.028593 107 116 113
0.000757 -0.000136 0.028243 98 119 110
0.002682 -0.000830 0.027587 102 124 111
-0.003397 0.002760 0.028361 107 116 115
-0.001676 0.001424 0.028291 109 115 113
0.000088 0.000272 0.028013 101 118 110
0.001995 -0.000475 0.027395 100 122 110
-0.002322 0.001925 0.027974 109 115 113
-0.000578 0.000686 0.027794 106 117 113
0.001358 0.000023 0.027072 99 121 109
0.003394 -0.000374 0.026116 102 118 105
-0.002755 0.002258 0.027644 107 116 113
-0.001025 0.000961 0.027529 106 115 112
0.000858 0.000143 0.026945 102 119 111
0.002881 -0.000286 0.026011 101 117 106
-0.003188 0.002595 0.027312 107 116 113
-0.001456 0.001288 0.027212 108 114 112
0.000463 0.000549 0.026577 106 119 112
0.002557 0.000318 0.025436 100 116 106
-0.003406 0.002766 0.026971 107 116 113
-0.001670 0.001461 0.026867 105 114 111
0.000253 0.000726 0.026227 108 119 113
0.002350 0.000500 0.025079 102 115 106
-0.003409 0.002767 0.026623 107 116 113
-0.001662 0.001486 0.026495 105 116 112
0.000363 0.001022 0.025632 106 117 113
0.002539 0.000991 0.024314 106 112 108
-0.003195 0.002599 0.026266 107 116 113
-0.001450 0.001314 0.026142 104 116 112
0.000574 0.000846 0.025280 108 117 114
0.002750 0.000811 0.023963 109 111 108
-0.002541 0.002118 0.025872 106 115 112
-0.000676 0.001179 0.025444 105 114 111
0.001612 0.001443 0.023889 112 112 112
0.004114 0.002195 0.021956 108 109 104
-0.003415 0.002771 0.025573 105 116 112
-0.001657 0.001512 0.025426 105 116 112
0.000472 0.001322 0.024318 109 113 112
0.002790 0.001637 0.022712 113 109 108
-0.002329 0.001948 0.025166 105 116 112
-0.000429 0.001100 0.024659 107 113 111
0.002026 0.001786 0.022767 116 110 112
0.004744 0.003065 0.020389 117 107 106
-0.002546 0.002121 0.024820 105 116 112
-0.000642 0.001277 0.024308 107 113 111
0.001816 0.001967 0.022408 117 108 111
0.004536 0.003252 0.020022 123 109 109
-0.002331 0.001955 0.024459 104 115 111
-0.000396 0.001194 0.023874 110 112 111
0.002255 0.002375 0.021576 121 106 111
0.005073 0.003937 0.018868 130 111 113
-0.003424 0.002778 0.024166 103 115 111
-0.001650 0.001545 0.023997 105 116 112
0.000703 0.001936 0.022395 113 107 109
0.003456 0.003349 0.019874 128 107 112
-0.002096 0.001850 0.023689 104 115 109
0.000172 0.002005 0.022293 111 110 108
0.002931 0.003463 0.019701 127 104 110
0.005895 0.005447 0.016455 142 116 119
-0.002330 0.001972 0.023386 105 114 109
-0.000313 0.001431 0.022600 112 111 109
0.002478 0.002980 0.019950 126 103 111
0.005351 0.004722 0.016956 148 117 122
-0.002067 0.001943 0.022901 105 114 109
0.000530 0.002989 0.020731 113 109 108
0.003252 0.004367 0.018101 133 103 111
-0.003204 0.002648 0.022715 105 114 109
-0.001363 0.001592 0.022383 107 113 109
0.001548 0.003490 0.019434 119 103 106
0.004148 0.004523 0.017055 141 109 114
-0.001963 0.002250 0.021921 108 115 108
0.001077 0.004509 0.018661 114 109 106
0.003692 0.005612 0.016152 136 103 110
-0.001964 0.002251 0.021564 108 115 108
0.001078 0.004512 0.018296 117 109 107
0.003695 0.005617 0.015781 138 103 110
-0.003460 0.003525 0.021217 108 115 108
-0.001336 0.003246 0.020177 108 115 108
0.001930 0.006127 0.016266 118 106 106
0.004295 0.006519 0.014345 144 104 112
-0.002738 0.003215 0.020652 109 114 108
0.000087 0.004896 0.017869 111 113 108
0.002971 0.006736 0.014703 130 101 106
0.005418 0.007258 0.012758 148 107 113
-0.002691 0.004932 0.019171 110 115 109
0.000197 0.006745 0.016286 111 113 110
0.002652 0.007406 0.014098 126 106 107
0.004904 0.007314 0.012839 147 104 111
-0.002472 0.004764 0.018800 112 114 109
0.000418 0.006574 0.015911 113 113 111
0.002874 0.007230 0.013722 131 105 108
0.005126 0.007134 0.012464 148 106 108
-0.000410 0.008160 0.015138 113 114 109
0.001653 0.007673 0.014019 120 110 109
0.003957 0.007748 0.012555 142 106 108
0.006268 0.007532 0.011830 143 103 103
-0.001046 0.007976 0.015262 113 114 108
0.001138 0.007782 0.013974 117 112 109
0.003381 0.007784 0.012407 140 108 109
0.005659 0.007482 0.011766 144 103 101
0.001111 0.007719 0.013644 119 111 108
0.003601 0.008233 0.011901 140 109 107
0.005882 0.007878 0.011392 145 104 100
0.000050 0.008667 0.013440 117 114 109
0.001859 0.007440 0.012981 127 109 107
0.004439 0.008080 0.011305 146 106 104
-0.000064 0.009990 0.012218 118 113 109
0.001454 0.007946 0.012424 122 111 107
0.004125 0.008842 0.010490 144 109 107
0.009246 0.009649 0.007769 145 112 97
-0.000085 0.009164 0.012324 118 113 109
0.001777 0.008049 0.011794 125 110 105
0.004542 0.009118 0.009821 147 108 103
0.001267 0.008990 0.011159 121 111 109
0.003733 0.009406 0.009467 140 109 106
0.006270 0.009798 0.008065 149 111 100
0.008606 0.009553 0.007329 151 118 101
0.001043 0.009175 0.010788 123 112 110
0.003512 0.009595 0.009088 138 109 105
0.006052 0.009991 0.007680 149 111 100
0.008391 0.009750 0.006938 158 125 108
0.001830 0.009706 0.009713 125 111 108
0.004352 0.010222 0.007946 141 106 100
0.006722 0.010172 0.006862 152 116 102
0.009248 0.010348 0.005825 170 139 118
0.001397 0.010098 0.009361 126 110 110
0.003665 0.009959 0.008104 136 107 99
0.006169 0.010297 0.006635 151 115 101
0.008490 0.009980 0.005982 171 140 119
0.001918 0.010660 0.008480 129 111 107
0.003880 0.009696 0.007897 136 106 95
0.006289 0.009775 0.006663 154 121 102
0.008639 0.009503 0.006030 180 154 131
0.002493 0.009885 0.008195 133 110 104
0.004923 0.010101 0.006721 142 108 96
0.007208 0.009762 0.005974 165 137 115
0.010045 0.010668 0.004368 200 179 152
0.016136 0.013616 -0.000720 202 196 162
0.002356 0.010238 0.007810 128 108 101
0.004386 0.009429 0.007133 136 104 89
0.006719 0.009205 0.006338 167 139 115
0.009290 0.009432 0.005384 204 184 157
0.015888 0.013631 -0.000737 212 208 173
0.002735 0.009707 0.007508 130 103 94
0.004996 0.009459 0.006449 142 111 91
0.007311 0.009132 0.005824 185 161 135
0.010178 0.010098 0.004192 218 204 175
0.016457 0.013508 -0.001377 219 219 185
0.002058 0.010987 0.006819 130 101 93
0.003662 0.009072 0.006987 122 97 75
0.006029 0.008957 0.006074 161 141 114
0.008456 0.008804 0.005500 214 200 173
0.015412 0.013886 -0.001328 233 232 204
0.002060 0.010995 0.006433 131 99 88
0.003665 0.009079 0.006601 118 93 71
0.006034 0.008964 0.005685 162 147 116
0.008463 0.008811 0.005109 221 212 183
0.015424 0.013898 -0.001737 244 244 218
0.002488 0.009841 0.006409 125 96 82
0.004602 0.009200 0.005668 127 107 80
0.006930 0.008876 0.005090 197 184 152
0.016602 0.014591 -0.003493 254 255 230
0.002367 0.010280 0.005872 124 92 77
0.004231 0.009021 0.005557 120 103 75
0.006569 0.008777 0.004808 189 178 146
0.009238 0.009200 0.003751 231 226 196
0.016334 0.014640 -0.003705 244 247 220
0.002863 0.010045 0.005342 119 90 72
0.004923 0.009273 0.004659 143 128 97
0.007238 0.008953 0.003965 204 198 164
0.014055 0.013576 -0.002110 231 234 203
0.016917 0.014618 -0.004606 234 239 209
0.002271 0.010812 0.004836 118 86 71
0.004099 0.009445 0.004591 129 112 84
0.006438 0.009241 0.003700 182 176 140
0.016214 0.015116 -0.004879 224 229 199
0.002675 0.011067 0.004151 114 83 65
0.004449 0.009552 0.004019 142 127 96
0.006792 0.009372 0.003056 192 188 151
0.016360 0.014705 -0.005095 214 221 188
0.003477 0.010084 0.003880 125 101 77
0.005657 0.009580 0.003003 169 161 125
0.007980 0.009235 0.002357 213 211 173
0.014957 0.014252 -0.004322 205 210 178
0.003620 0.010423 0.003287 135 113 89
0.005752 0.009782 0.002520 177 169 132
0.008077 0.009433 0.001873 210 208 170
0.014808 0.013857 -0.004335 198 204 170
0.002991 0.011102 0.002847 134 109 89
0.004924 0.009966 0.002427 175 162 128
0.007251 0.009671 0.001646 204 202 164
0.013751 0.013508 -0.003880 194 198 163
0.016422 0.014063 -0.005927 193 200 166
0.003112 0.011402 0.002258 143 121 100
0.004987 0.010096 0.001991 187 174 140
0.007322 0.009813 0.001194 205 203 164
0.013639 0.013205 -0.003988 186 190 153
0.016127 0.013340 -0.005683 188 196 159
0.003908 0.010387 0.002014 176 162 133
0.006195 0.010078 0.001058 202 198 160
0.015099 0.013775 -0.005676 177 185 146
0.004002 0.010622 0.001444 188 177 147
0.006213 0.010107 0.000668 207 203 165
0.014871 0.013234 -0.005646 172 180 139
0.003235 0.011726 0.000832 184 168 143
0.005050 0.010238 0.000728 212 206 170
0.007354 0.009869 -0.000019 205 206 166
0.013569 0.013014 -0.005078 173 180 139
0.015885 0.012730 -0.006399 177 185 144
0.004831 0.010452 0.000300 218 214 177
0.006969 0.009707 -0.000224 204 206 166
0.013141 0.012788 -0.005275 175 184 141
0.015454 0.012466 -0.006483 179 188 145
0.003747 0.011517 -0.000136 221 210 180
0.005638 0.010190 -0.000315 219 220 180
0.007972 0.009873 -0.001100 195 197 157
0.014132 0.012951 -0.006386 178 187 144
0.003877 0.011867 -0.000837 237 228 199
0.005657 0.010251 -0.000793 224 225 185
0.007914 0.009755 -0.001466 190 195 155
0.013984 0.012650 -0.006673 181 188 146
0.004682 0.010850 -0.001072 247 244 209
0.006703 0.009800 -0.001370 205 210 169
0.012902 0.012990 -0.006656 176 183 141
0.015061 0.012279 -0.007495 190 197 153
0.004517 0.011196 -0.001583 251 248 213
0.006440 0.009927 -0.001779 213 218 177
0.012597 0.013000 -0.006931 178 185 143
0.014640 0.012011 -0.007519 190 197 153
0.005225 0.010699 -0.002073 239 241 204
0.007265 0.009667 -0.002343 194 199 159
0.013342 0.012567 -0.007515 187 194 150
0.004990 0.010856 -0.002409 245 247 210
0.007018 0.009815 -0.002732 198 207 164
0.013091 0.012691 -0.007858 190 197 153
0.004096 0.012436 -0.003271 254 253 223
0.005764 0.010505 -0.002979 228 234 196
0.013842 0.012277 -0.008475 195 202 158
0.005524 0.010627 -0.003251 235 243 206
0.013548 0.012331 -0.008823 197 205 158
0.004415 0.011661 -0.003688 251 254 225
0.006383 0.010472 -0.003960 219 229 192
0.012517 0.013533 -0.009351 196 203 159
0.004491 0.011817 -0.004134 250 255 225
0.006422 0.010536 -0.004351 221 233 195
0.012568 0.013708 -0.010046 199 208 163
0.005337 0.010875 -0.004411 240 249 218
0.013337 0.012594 -0.010252 197 205 158
0.005382 0.010996 -0.004930 242 251 222
0.004578 0.012044 -0.005526 246 255 228
0.007038 0.012061 -0.010982 232 250 224
0.007275 0.011912 -0.011931 226 246 221
0.007316 0.012061 -0.012574 224 246 223
0.009356 0.011189 -0.013605 215 235 210
0.006578 0.012519 -0.012836 228 250 229
0.008560 0.011438 -0.013585 214 233 214
0.011571 0.012967 -0.016835 222 240 218
0.006897 0.012541 -0.013448 228 247 228
0.008863 0.011398 -0.014105 211 230 211
0.006340 0.012688 -0.013624 228 247 228
0.008330 0.011553 -0.014210 213 231 215
0.010731 0.011569 -0.016062 216 235 216
0.007001 0.012752 -0.014366 226 243 227
0.009016 0.011709 -0.015118 211 230 211
0.011414 0.011708 -0.016975 222 241 222
0.006430 0.012859 -0.014500 229 243 228
0.008485 0.011882 -0.015251 213 232 213
0.010668 0.011332 -0.016568 217 236 217
0.007640 0.012737 -0.015439 222 239 221
0.009700 0.011863 -0.016483 213 227 210
0.007647 0.012748 -0.015866 221 238 220
0.009708 0.011873 -0.016912 214 228 211
0.006913 0.013143 -0.015877 229 240 224
0.008937 0.012210 -0.016980 219 233 216
0.007444 0.012942 -0.016551 229 240 224
0.009496 0.012118 -0.017831 220 233 215
0.007180 0.012967 -0.016621 233 241 226
0.009082 0.011784 -0.017626 225 236 220
0.006179 0.013583 -0.016841 237 239 225
0.008095 0.012239 -0.017354 231 239 224
0.010042 0.011260 -0.018673 228 241 223
0.006450 0.013479 -0.017359 241 239 227
0.008233 0.011868 -0.017770 234 240 226
0.009908 0.010223 -0.018443 232 243 226
0.007791 0.012233 -0.017985 238 240 227
0.009768 0.011261 -0.019201 235 242 226
0.006959 0.013169 -0.018277 238 234 223
0.008853 0.011770 -0.018743 240 241 227
0.006965 0.013180 -0.018707 238 231 221
0.008860 0.011780 -0.019174 244 242 229
0.008151 0.012130 -0.018916 241 239 226
0.010270 0.011227 -0.019691 247 249 235
0.008989 0.011897 -0.019739 250 244 232
0.010320 0.009342 -0.019516 251 254 237
0.008756 0.011921 -0.019640 247 239 226
0.002570 -0.003058 0.038781 104 120 109
0.000022 0.000060 0.038374 97 113 103
0.001408 -0.001567 0.038369 100 116 105
0.002728 -0.003289 0.038472 105 121 110
-0.002329 0.002566 0.038231 96 111 106
-0.000886 0.001001 0.038157 95 110 103
0.000529 -0.000591 0.038111 98 114 103
0.001885 -0.002260 0.038140 102 118 105
-0.002508 0.002768 0.037904 96 111 106
-0.001062 0.001206 0.037826 95 110 103
0.000357 -0.000384 0.037777 98 114 103
0.001717 -0.002052 0.037803 102 118 105
0.003047 -0.003749 0.037870 106 122 109
-0.003196 0.003620 0.037575 97 112 105
-0.001760 0.002024 0.037523 96 111 106
-0.000350 0.000404 0.037494 96 112 102
0.001032 -0.001238 0.037490 100 117 99
0.002384 -0.002909 0.037519 105 121 108
-0.002843 0.003213 0.037235 97 112 105
-0.001407 0.001620 0.037182 96 111 104
-0.000001 -0.000002 0.037155 97 113 100
0.001372 -0.001657 0.037163 102 119 101
0.002717 -0.003335 0.037200 107 123 110
-0.002479 0.002826 0.036879 96 111 104
-0.001054 0.001217 0.036838 95 111 101
0.000345 -0.000415 0.036821 99 116 100
0.001709 -0.002081 0.036842 103 120 102
0.003050 -0.003763 0.036883 107 123 110
-0.002119 0.002432 0.036528 96 111 104
-0.000703 0.000811 0.036497 95 111 100
0.000690 -0.000829 0.036488 100 117 99
0.002050 -0.002498 0.036511 104 121 105
-0.002841 0.003232 0.036223 97 113 103
-0.001408 0.001626 0.036173 96 112 102
-0.000002 -0.000003 0.036151 98 115 99
0.001374 -0.001663 0.036162 103 120 102
0.002726 -0.003335 0.036190 106 122 109
-0.002843 0.003234 0.035887 97 113 103
-0.001409 0.001627 0.035837 96 112 102
-0.000002 -0.000003 0.035815 98 115 99
0.001374 -0.001664 0.035826 103 120 102
0.002728 -0.003337 0.035855 106 122 109
-0.002316 0.002615 0.035545 97 113 103
-0.000884 0.001012 0.035491 96 112 101
0.000522 -0.000615 0.035468 102 119 103
0.001887 -0.002288 0.035493 105 122 106
-0.002678 0.003016 0.035224 98 114 104
-0.001238 0.001419 0.035162 97 113 102
0.000173 -0.000205 0.035134 100 117 101
0.001550 -0.001868 0.035147 103 120 104
0.002903 -0.003545 0.035182 105 121 108
-0.002503 0.002812 0.034883 98 114 103
-0.001059 0.001223 0.034811 97 113 100
0.000353 -0.000401 0.034784 102 118 105
0.001725 -0.002072 0.034807 104 120 107
0.003068 -0.003766 0.034860 105 121 110
-0.003036 0.003434 0.034552 99 115 105
-0.001597 0.001826 0.034494 98 114 103
-0.000175 0.000208 0.034455 99 115 102
0.001216 -0.001440 0.034454 103 119 106
0.002582 -0.003108 0.034480 104 120 107
-0.002697 0.002999 0.034229 99 115 104
-0.001243 0.001418 0.034152 98 114 101
0.000182 -0.000193 0.034114 103 119 108
0.001563 -0.001856 0.034126 104 120 109
0.002919 -0.003536 0.034160 103 119 109
-0.002879 0.003203 0.033898 99 115 104
-0.001421 0.001624 0.033817 99 115 102
0.000009 0.000015 0.033775 102 118 107
0.001394 -0.001646 0.033784 104 120 109
0.002754 -0.003325 0.033814 103 119 109
-0.001985 0.002188 0.033531 99 115 102
-0.000522 0.000625 0.033446 99 115 102
0.000890 -0.001003 0.033425 104 120 110
0.002263 -0.002671 0.033442 103 119 109
-0.002899 0.003178 0.033241 100 116 105
-0.001427 0.001618 0.033146 100 116 103
0.000017 0.000028 0.033087 102 118 107
0.001404 -0.001636 0.033096 104 120 110
0.002765 -0.003317 0.033127 102 118 108
-0.002545 0.002768 0.032890 100 116 105
-0.001058 0.001236 0.032771 100 116 103
0.000375 -0.000369 0.032726 105 121 111
0.001749 -0.002050 0.032751 104 119 112
0.003087 -0.003767 0.032817 101 116 109
-0.002547 0.002770 0.032550 101 117 106
-0.001059 0.001237 0.032430 100 116 103
0.000375 -0.000369 0.032385 105 121 111
0.001751 -0.002052 0.032410 103 118 113
0.003089 -0.003770 0.032477 100 115 108
-0.002724 0.002982 0.032208 102 118 107
-0.001250 0.001423 0.032105 103 117 102
0.000202 -0.000157 0.032033 104 119 112
0.001581 -0.001839 0.032055 104 119 114
0.002939 -0.003533 0.032102 102 114 110
-0.003064 0.003432 0.031846 102 118 105
-0.001622 0.001808 0.031793 103 117 100
-0.000150 0.000254 0.031695 102 118 107
0.001242 -0.001414 0.031702 105 120 115
0.002620 -0.003083 0.031724 101 116 113
-0.002367 0.002580 0.031514 102 118 105
-0.000878 0.001044 0.031392 101 117 104
0.000548 -0.000580 0.031355 106 121 116
0.001923 -0.002267 0.031381 102 117 114
-0.003246 0.003645 0.031166 102 118 105
-0.001804 0.002012 0.031117 102 119 103
-0.000327 0.000460 0.031013 102 118 107
0.001066 -0.001212 0.031020 105 120 117
0.002452 -0.002877 0.031034 100 115 112
-0.002905 0.003205 0.030842 103 119 108
-0.001433 0.001627 0.030750 102 119 103
0.000018 0.000034 0.030681 104 119 112
0.001404 -0.001648 0.030695 104 119 116
0.002774 -0.003333 0.030727 99 114 111
-0.002370 0.002586 0.030488 103 119 106
-0.000882 0.001041 0.030371 101 117 104
0.000541 -0.000596 0.030340 106 121 116
0.001922 -0.002279 0.030360 102 117 114
-0.002001 0.002195 0.030121 101 117 104
-0.000522 0.000636 0.030017 102 115 105
0.000875 -0.001039 0.030020 105 117 115
0.002270 -0.002695 0.030018 102 114 112
-0.002906 0.003218 0.029807 103 116 106
-0.001440 0.001623 0.029726 100 114 101
0.000007 0.000014 0.029667 102 113 109
0.001398 -0.001666 0.029677 105 114 113
0.002776 -0.003345 0.029699 102 112 111
-0.002367 0.002602 0.029448 101 113 103
-0.000892 0.001027 0.029353 99 111 101
0.000518 -0.000636 0.029341 105 111 109
0.001912 -0.002305 0.029345 107 113 111
-0.003062 0.003478 0.029081 103 114 106
-0.001637 0.001803 0.029064 99 111 101
-0.000178 0.000208 0.028990 101 108 101
0.001213 -0.001479 0.029002 105 109 108
0.002615 -0.003126 0.028992 105 111 109
-0.002365 0.002615 0.028747 100 110 102
-0.000895 0.001026 0.028661 97 107 99
0.000512 -0.000648 0.028657 103 105 102
0.001908 -0.002318 0.028659 108 110 109
-0.002902 0.003248 0.028406 103 113 105
-0.001448 0.001620 0.028347 98 108 100
-0.000011 -0.000015 0.028306 100 105 101
0.001386 -0.001695 0.028312 108 108 108
0.002773 -0.003365 0.028318 105 111 109
-0.002002 0.002216 0.028032 99 110 102
-0.000531 0.000628 0.027946 100 106 102
0.000857 -0.001077 0.027969 105 107 104
0.002258 -0.002736 0.027962 109 111 106
-0.002364 0.002631 0.027695 101 111 103
-0.000894 0.001034 0.027613 99 109 101
0.000511 -0.000651 0.027615 105 107 102
0.001906 -0.002330 0.027622 109 111 108
-0.002710 0.003077 0.027329 103 113 105
-0.001264 0.001431 0.027285 98 109 101
0.000169 -0.000217 0.027253 102 109 102
0.001556 -0.001916 0.027274 109 111 106
0.002938 -0.003600 0.027287 104 114 106
-0.002894 0.003283 0.026988 104 114 106
-0.001444 0.001639 0.026940 99 110 102
-0.000007 -0.000007 0.026904 102 109 102
0.001385 -0.001704 0.026922 109 111 106
0.002771 -0.003386 0.026931 104 114 106
-0.002889 0.003299 0.026626 104 114 106
-0.001435 0.001657 0.026574 100 110 102
0.000002 0.000009 0.026540 101 111 103
0.001392 -0.001695 0.026563 108 113 106
0.002773 -0.003388 0.026583 104 114 105
-0.002708 0.003096 0.026269 104 114 106
-0.001256 0.001451 0.026221 101 111 103
0.000178 -0.000202 0.026191 102 112 104
0.001565 -0.001910 0.026217 107 115 104
0.002944 -0.003606 0.026241 104 114 103
-0.002173 0.002464 0.025912 103 113 105
-0.000680 0.000893 0.025807 101 113 103
0.000711 -0.000827 0.025837 104 114 105
0.002096 -0.002531 0.025862 106 116 105
-0.002887 0.003318 0.025564 105 115 107
-0.001426 0.001680 0.025508 102 113 105
0.000014 0.000027 0.025475 103 115 105
0.001406 -0.001681 0.025499 108 116 105
0.002783 -0.003388 0.025530 103 115 103
-0.001979 0.002286 0.025190 103 113 105
-0.000493 0.000699 0.025100 102 114 104
0.000901 -0.001020 0.025128 105 117 105
0.002280 -0.002736 0.025163 105 117 103
-0.002162 0.002494 0.024844 103 113 105
-0.000672 0.000909 0.024750 102 114 104
0.000726 -0.000808 0.024774 105 117 105
0.002110 -0.002523 0.024805 105 117 103
-0.001966 0.002312 0.024473 103 113 105
-0.000484 0.000713 0.024389 102 114 104
0.000910 -0.001009 0.024417 104 118 103
0.002291 -0.002727 0.024450 104 118 101
-0.002874 0.003359 0.024139 104 114 106
-0.001405 0.001721 0.024081 102 113 105
0.000037 0.000062 0.024052 103 117 104
0.001435 -0.001647 0.024068 105 119 102
0.002803 -0.003379 0.024115 102 116 99
-0.001756 0.002162 0.023711 102 113 105
-0.000284 0.000545 0.023637 102 115 105
0.001109 -0.001182 0.023666 102 119 101
0.002479 -0.002922 0.023720 101 118 99
-0.001943 0.002365 0.023368 103 113 105
-0.000456 0.000766 0.023277 103 115 105
0.000937 -0.000966 0.023308 102 119 101
0.002315 -0.002698 0.023352 101 118 99
-0.001756 0.002168 0.023003 102 113 105
-0.000291 0.000535 0.022938 102 115 105
0.001113 -0.001179 0.022954 101 118 99
0.002513 -0.002875 0.022970 100 117 98
-0.002684 0.003185 0.022697 102 112 104
-0.001204 0.001560 0.022621 102 113 105
0.000238 -0.000108 0.022588 101 118 102
0.001644 -0.001811 0.022599 101 118 99
0.003025 -0.003532 0.022639 103 116 98
-0.001746 0.002184 0.022305 101 112 104
-0.000256 0.000584 0.022214 102 115 105
0.001218 -0.001022 0.022140 98 117 98
0.002750 -0.002513 0.021964 101 116 97
-0.001747 0.002185 0.021949 100 111 103
-0.000256 0.000585 0.021858 102 115 105
0.001219 -0.001023 0.021783 98 117 98
0.002751 -0.002514 0.021607 101 116 97
-0.001486 0.002103 0.021514 100 111 103
0.000105 0.000661 0.021295 102 116 103
0.001701 -0.000752 0.021049 98 117 98
0.003419 -0.001955 0.020614 101 116 97
-0.002438 0.003088 0.021223 99 109 101
-0.000878 0.001583 0.021050 100 113 103
0.000737 0.000183 0.020803 99 116 100
0.002422 -0.001083 0.020422 98 115 97
0.003909 -0.002650 0.020291 103 114 97
-0.001126 0.002190 0.020575 99 112 103
0.000591 0.000954 0.020161 101 114 104
0.002329 -0.000236 0.019701 100 114 99
0.004117 -0.001331 0.019130 103 114 98
-0.002521 0.003458 0.020439 97 108 102
-0.000944 0.001981 0.020212 99 112 103
0.000771 0.000742 0.019800 99 115 104
0.002507 -0.000452 0.019343 100 114 99
0.004293 -0.001551 0.018774 103 114 98
0.000621 0.003010 0.018573 101 113 103
0.003211 0.003222 0.016784 98 114 101
0.005220 0.002432 0.015893 99 113 96
-0.000020 0.002964 0.018646 100 112 102
0.002616 0.003263 0.016777 97 115 101
0.004931 0.002969 0.015462 97 114 98
0.005534 -0.000050 0.016453 105 113 98
0.004539 0.006408 0.013810 98 114 103
0.006651 0.005740 0.012735 99 113 98
0.007459 0.002985 0.013471 106 112 98
0.002623 0.005771 0.015157 102 114 104
0.005279 0.006069 0.013118 100 114 101
0.007011 0.004777 0.012598 101 112 98
0.006709 0.000298 0.014853 110 114 100
0.005961 0.008202 0.011410 102 113 105
0.008947 0.004793 0.011038 109 112 101
0.007836 0.002532 0.012419 110 112 101
0.008690 0.009503 0.008333 102 109 102
0.009175 0.006119 0.009653 108 109 103
0.008505 0.009729 0.007951 103 109 105
0.008924 0.009310 0.007648 102 108 104
0.008952 0.005224 0.009519 109 108 103
0.008933 0.010384 0.006728 104 110 108
0.008900 0.006149 0.008773 108 107 102
0.009334 0.010482 0.006116 105 110 106
0.008776 0.005420 0.008858 113 108 102
0.008677 0.007828 0.007440 109 106 101
0.008160 0.002948 0.009939 118 109 102
0.009104 0.009046 0.006173 107 102 98
0.008592 0.004114 0.008779 113 103 94
0.008670 0.007289 0.006929 108 95 87
0.008261 0.002588 0.009298 111 97 86
0.009167 0.010201 0.004797 110 91 84
0.008534 0.005007 0.007702 111 89 78
0.008119 0.000399 0.009945 113 92 75
0.009174 0.010209 0.004404 110 86 76
0.008540 0.005011 0.007317 110 83 72
0.008125 0.000400 0.009566 108 85 67
0.008223 0.007053 0.006262 104 77 66
0.007959 0.002565 0.008469 101 78 62
0.008718 0.008372 0.004919 115 85 74
0.008394 0.003730 0.007316 114 91 75
0.008351 0.006692 0.005708 124 95 81
0.008105 0.002247 0.007859 128 105 87
0.008333 0.008235 0.004573 129 101 87
0.008115 0.003762 0.006795 140 117 101
0.008790 0.000922 0.007314 145 125 101
0.008256 0.007544 0.004698 134 111 95
0.008228 0.003401 0.006591 154 133 114
0.008340 0.005600 0.005158 154 136 116
0.008081 0.001197 0.007197 172 154 132
0.008243 0.005428 0.004957 171 154 136
0.008178 0.001339 0.006688 187 171 148
0.007902 0.006429 0.004333 178 162 146
0.008016 0.002561 0.005910 200 185 164
0.007773 0.006214 0.004144 193 180 164
0.008099 0.002691 0.005391 217 205 183
0.007201 0.007355 0.003686 193 181 167
0.008097 0.004678 0.004206 225 214 196
0.008318 0.001083 0.005417 237 226 204
0.007054 0.007111 0.003518 208 201 185
0.008030 0.004566 0.003913 242 234 215
0.008457 0.001293 0.004832 254 246 223
0.007697 0.006077 0.003102 232 227 208
0.008165 0.002778 0.004137 251 244 225
0.007564 0.006363 0.002728 232 231 211
0.008174 0.003260 0.003624 249 246 227
0.009254 0.001042 0.003569 252 250 225
0.007893 0.005351 0.002510 245 244 224
0.008404 0.002155 0.003412 254 252 231
0.007890 0.005332 0.002162 248 249 231
0.008490 0.002274 0.002938 254 253 232
0.007374 0.006565 0.001601 252 255 238
0.007989 0.003451 0.002517 255 255 237
0.009175 0.001393 0.002287 255 255 231
0.007220 0.006802 0.001330 251 255 240
0.008171 0.004197 0.001808 253 255 237
0.008954 0.001484 0.002187 253 255 231
0.007708 0.006038 0.000877 252 254 240
0.008245 0.002828 0.001843 251 254 233
0.007665 0.006458 0.000416 252 255 241
0.008163 0.003153 0.001513 248 255 235
0.009373 0.001167 0.001111 250 255 232
0.008008 0.005455 0.000199 250 254 239
0.008546 0.002299 0.001021 250 255 235
0.008040 0.006029 -0.000511 251 255 241
0.008444 0.002624 0.000592 246 255 236
0.007160 0.007215 -0.000793 247 255 242
0.008055 0.004515 -0.000276 246 255 238
0.008807 0.001754 0.000090 250 255 235
0.007156 0.007226 -0.001266 248 255 245
0.008047 0.004527 -0.000771 246 255 238
0.008829 0.001794 -0.000380 250 254 237
0.007861 0.006284 -0.001807 249 255 243
0.008271 0.002870 -0.000683 248 255 239
0.007838 0.006252 -0.002206 249 255 243
0.008285 0.002885 -0.001092 251 255 240
0.007132 0.007189 -0.002464 248 255 247
0.008055 0.004525 -0.001971 249 255 241
0.008865 0.001819 -0.001580 252 255 238
0.007300 0.006910 -0.002777 248 253 246
0.008244 0.004277 -0.002294 249 255 243
0.009056 0.001590 -0.001956 251 255 238
0.008057 0.005528 -0.003154 247 255 242
0.008633 0.002410 -0.002354 251 255 240
0.007293 0.006865 -0.003453 247 252 245
0.008227 0.004225 -0.003010 249 255 243
0.009039 0.001563 -0.002768 251 255 240
0.007105 0.007093 -0.003850 247 252 245
0.008046 0.004455 -0.003413 249 255 243
0.008865 0.001796 -0.003177 251 255 240
0.007781 0.006095 -0.004349 247 253 243
0.008268 0.002847 -0.003539 252 255 242
0.007787 0.006100 -0.004754 247 253 243
0.008274 0.002850 -0.003940 252 255 242
0.006963 0.006894 -0.004999 246 252 242
0.007788 0.004150 -0.004682 252 255 244
0.007163 0.006676 -0.005410 249 252 243
0.007981 0.003925 -0.005083 252 255 244
0.006529 0.007320 -0.005955 251 252 246
0.007614 0.004977 -0.006011 251 255 241
0.008479 0.002321 -0.005629 255 255 243
0.006779 0.006696 -0.006361 251 251 243
0.007598 0.003942 -0.005999 255 255 245
0.006361 0.007134 -0.006867 249 242 236
0.007498 0.004833 -0.006821 252 254 240
0.008495 0.002349 -0.006510 252 253 239
0.006823 0.006308 -0.007263 250 243 233
0.007688 0.003589 -0.006797 255 254 241
0.006796 0.006267 -0.007647 249 239 229
0.007665 0.003540 -0.007136 253 254 238
0.006322 0.007079 -0.008074 238 214 204
0.007481 0.004784 -0.007978 254 252 239
0.008533 0.002368 -0.007699 242 245 226
0.006506 0.006825 -0.008435 243 216 205
0.007656 0.004522 -0.008335 255 253 238
0.008727 0.002130 -0.008056 241 245 222
0.006340 0.007592 -0.008995 220 182 171
0.007500 0.005292 -0.008939 254 244 232
0.008285 0.002437 -0.008241 245 247 226
0.006447 0.006732 -0.009182 229 197 186
0.007619 0.004457 -0.009101 254 247 231
0.006250 0.007450 -0.009707 209 166 157
0.007472 0.005240 -0.009711 252 234 220
0.008281 0.002420 -0.009052 251 250 230
0.005370 0.008197 -0.009957 179 124 121
0.006685 0.006074 -0.009930 229 197 186
0.007558 0.003358 -0.009470 254 248 232
0.005375 0.008203 -0.010370 178 120 118
0.006691 0.006079 -0.010343 223 189 179
0.007564 0.003361 -0.009881 255 246 231
0.004493 0.008445 -0.010497 193 117 119
0.005877 0.006398 -0.010459 197 152 146
0.007084 0.004167 -0.010385 246 219 208
0.004924 0.008067 -0.011014 187 119 118
0.006324 0.006036 -0.010957 204 161 154
0.007227 0.003377 -0.010586 248 224 212
0.004369 0.007714 -0.010914 192 118 119
0.005820 0.005746 -0.010839 191 142 137
0.007058 0.003565 -0.010784 237 207 197
0.008689 0.001987 -0.011145 254 251 234
0.005084 0.006723 -0.011326 178 114 114
0.006675 0.004978 -0.011410 207 164 157
0.007827 0.002694 -0.011298 249 230 216
0.003300 0.007569 -0.010869 208 126 128
0.004988 0.005949 -0.011016 180 116 116
0.006674 0.004359 -0.011226 205 160 154
0.008316 0.002796 -0.011673 249 230 216
0.004596 0.006410 -0.011468 183 111 112
0.006382 0.004926 -0.011656 193 140 136
0.007851 0.003100 -0.011914 236 206 196
0.009633 0.001762 -0.012550 254 247 231
0.003714 0.007096 -0.011503 206 124 128
0.005493 0.005582 -0.011636 184 120 118
0.007174 0.003979 -0.011836 209 162 156
0.009033 0.002732 -0.012547 246 224 211
0.010753 0.001331 -0.013243 253 247 231
0.003718 0.007102 -0.011917 210 125 130
0.005498 0.005587 -0.012050 185 120 118
0.007180 0.003982 -0.012251 202 153 148
0.009040 0.002734 -0.012963 241 214 203
0.010761 0.001333 -0.013661 252 245 229
0.002377 0.006576 -0.011317 211 125 126
0.004688 0.005927 -0.012217 195 119 121
0.006750 0.004826 -0.012604 187 127 126
0.008404 0.003208 -0.012878 220 179 173
0.010269 0.001978 -0.013647 247 231 216
0.005570 0.005668 -0.012859 190 118 119
0.007315 0.004122 -0.013029 192 137 134
0.009170 0.002842 -0.013682 226 192 183
0.011015 0.001596 -0.014477 252 238 225
0.003287 0.006951 -0.012817 217 128 132
0.005301 0.005789 -0.013222 197 121 123
0.007246 0.004510 -0.013498 188 127 126
0.008960 0.002968 -0.013809 215 175 167
0.010729 0.001595 -0.014477 247 227 216
0.004583 0.006284 -0.013533 210 125 130
0.006671 0.005204 -0.013930 192 120 121
0.008308 0.003520 -0.014080 198 145 141
0.010249 0.002371 -0.014871 230 200 190
0.005220 0.006180 -0.014149 209 124 129
0.007169 0.004892 -0.014410 190 120 120
0.008859 0.003271 -0.014567 198 147 143
0.010694 0.001981 -0.015301 235 207 196
0.002639 0.007019 -0.013785 215 123 126
0.004904 0.006241 -0.014488 215 129 132
0.006982 0.005135 -0.014860 196 120 122
0.008594 0.003382 -0.014877 189 134 131
0.010569 0.002253 -0.015630 224 191 182
0.006080 0.005885 -0.015212 212 127 132
0.007821 0.004282 -0.015255 185 117 118
0.009605 0.002786 -0.015467 191 146 140
0.011566 0.001726 -0.016561 243 219 209
0.006416 0.005849 -0.015728 212 125 131
0.008044 0.004083 -0.015670 185 117 118
0.009963 0.002804 -0.016129 195 150 144
0.012427 0.002512 -0.018022 244 224 215
0.006120 0.005941 -0.016096 218 127 132
0.007853 0.004314 -0.016103 190 115 119
0.009607 0.002747 -0.016203 188 137 133
0.011464 0.001536 -0.017187 235 207 196
0.005099 0.006538 -0.016399 222 127 133
0.007124 0.005319 -0.016643 208 123 128
0.008692 0.003461 -0.016506 182 118 118
0.010560 0.002124 -0.016971 204 163 157
0.005175 0.006664 -0.016946 222 127 133
0.007136 0.005324 -0.017041 210 125 130
0.008685 0.003429 -0.016856 180 114 115
0.010488 0.001973 -0.017157 200 157 151
0.004954 0.007423 -0.017702 220 125 131
0.006670 0.005687 -0.017442 219 128 135
0.008264 0.003845 -0.017284 185 113 116
0.010076 0.002363 -0.017463 189 138 135
0.012348 0.001811 -0.019227 233 206 197
0.005464 0.006538 -0.017763 223 126 133
0.007333 0.005055 -0.017748 211 126 131
0.008909 0.003194 -0.017582 182 116 117
0.010458 0.001400 -0.017716 199 155 152
0.005469 0.006543 -0.018188 222 125 132
0.007339 0.005059 -0.018173 212 125 131
0.008916 0.003196 -0.018007 187 119 120
0.010467 0.001401 -0.018142 195 151 148
0.006695 0.005688 -0.018631 218 126 131
0.008191 0.003672 -0.018269 198 122 126
0.009944 0.002088 -0.018335 187 131 130
0.005520 0.006613 -0.019073 222 123 128
0.007315 0.004993 -0.018901 216 127 133
0.008848 0.003058 -0.018672 194 124 126
0.010336 0.001157 -0.018683 187 142 139
0.005752 0.006429 -0.019521 223 124 129
0.007447 0.004639 -0.019163 215 128 134
0.008931 0.002629 -0.018848 194 126 127
0.010364 0.000655 -0.018808 188 144 141
0.006912 0.005433 -0.019744 219 124 130
0.008318 0.003281 -0.019287 207 131 135
0.010025 0.001649 -0.019390 183 127 128
0.007357 0.004482 -0.019847 217 128 134
0.008810 0.002402 -0.019411 199 131 132
0.010218 0.000404 -0.019388 185 137 135
0.009071 0.002249 -0.019857 200 131 134
0.008485 0.002393 -0.019971 210 135 139
0.009898 0.000405 -0.019984 179 123 124
0.002095 -0.003359 0.038712 80 96 86
0.000163 0.000193 0.038294 79 95 84
0.001214 -0.001687 0.038319 79 96 86
0.002198 -0.003627 0.038416 79 96 86
-0.000637 0.001207 0.038112 80 92 82
0.000442 -0.000650 0.038106 80 96 86
0.001487 -0.002531 0.038134 79 96 86
-0.001889 0.003277 0.037818 79 91 81
-0.000775 0.001439 0.037781 80 92 82
0.000309 -0.000417 0.037772 80 96 86
0.001358 -0.002297 0.037797 79 96 86
0.002363 -0.004208 0.037866 79 96 86
-0.002475 0.004172 0.037530 80 92 80
-0.001334 0.002356 0.037468 80 92 82
-0.000239 0.000502 0.037451 81 92 84
0.000826 -0.001370 0.037462 79 95 85
0.001856 -0.003264 0.037506 79 96 86
-0.002190 0.003720 0.037180 80 92 82
-0.001061 0.001892 0.037130 81 93 83
0.000031 0.000037 0.037116 81 94 84
0.001087 -0.001843 0.037136 79 95 85
0.002107 -0.003745 0.037191 80 96 86
-0.001910 0.003262 0.036835 80 92 82
-0.000797 0.001417 0.036801 81 92 84
0.000290 -0.000441 0.036791 79 95 85
0.001337 -0.002327 0.036819 80 96 86
0.002354 -0.004231 0.036878 80 96 86
-0.001626 0.002809 0.036484 80 92 82
-0.000523 0.000955 0.036461 81 92 84
0.000556 -0.000910 0.036459 79 95 85
0.001596 -0.002803 0.036496 80 96 86
-0.002200 0.003720 0.036183 80 92 82
-0.001073 0.001883 0.036139 81 92 84
0.000023 0.000027 0.036121 82 95 86
0.001079 -0.001858 0.036142 80 95 88
0.002100 -0.003764 0.036196 81 97 87
-0.002201 0.003723 0.035848 80 92 82
-0.001074 0.001884 0.035803 81 92 84
0.000023 0.000027 0.035785 82 95 86
0.001079 -0.001859 0.035806 80 95 88
0.002101 -0.003766 0.035860 81 97 87
-0.001767 0.003048 0.035483 80 91 83
-0.000660 0.001189 0.035459 81 92 84
0.000432 -0.000668 0.035445 82 95 88
0.001468 -0.002573 0.035487 83 96 89
-0.002057 0.003503 0.035164 79 90 82
-0.000935 0.001656 0.035127 81 92 84
0.000162 -0.000202 0.035109 82 95 88
0.001215 -0.002095 0.035136 82 95 88
0.002229 -0.004011 0.035197 83 96 89
-0.001907 0.003287 0.034808 79 90 82
-0.000798 0.001425 0.034784 80 91 83
0.000303 -0.000429 0.034763 82 95 88
0.001346 -0.002332 0.034801 82 94 90
0.002355 -0.004254 0.034869 83 96 89
-0.002349 0.003962 0.034506 78 89 81
-0.001212 0.002125 0.034454 79 90 82
-0.000108 0.000267 0.034431 82 93 85
0.000967 -0.001609 0.034438 82 95 88
0.001979 -0.003537 0.034505 83 95 91
-0.002037 0.003538 0.034128 78 89 81
-0.000910 0.001690 0.034088 79 90 82
0.000203 -0.000157 0.034055 81 94 87
0.001255 -0.002056 0.034086 83 95 91
0.002228 -0.004024 0.034186 84 95 91
-0.002181 0.003770 0.033796 77 88 80
-0.001050 0.001923 0.033753 79 90 82
0.000068 0.000078 0.033716 81 94 87
0.001125 -0.001820 0.033744 82 94 90
0.002102 -0.003788 0.033840 84 95 91
-0.001413 0.002689 0.033361 78 89 81
-0.000309 0.000820 0.033338 81 92 86
0.000781 -0.001050 0.033334 81 93 89
0.001743 -0.003046 0.033456 84 95 91
-0.002128 0.003843 0.033053 78 89 81
-0.000997 0.001990 0.033011 80 91 85
0.000108 0.000127 0.032986 80 93 86
0.001151 -0.001793 0.033033 81 93 89
0.002104 -0.003792 0.033160 84 95 91
-0.001725 0.003527 0.032560 78 89 81
-0.000623 0.001642 0.032544 81 92 86
0.000432 -0.000281 0.032583 80 93 86
0.001397 -0.002288 0.032714 81 93 89
0.002357 -0.004276 0.032837 83 94 90
-0.001726 0.003529 0.032219 78 89 81
-0.000623 0.001643 0.032203 81 92 86
0.000432 -0.000281 0.032242 79 92 85
0.001397 -0.002290 0.032374 81 93 89
0.002358 -0.004279 0.032497 83 94 90
-0.001809 0.003837 0.031812 78 89 83
-0.000721 0.001929 0.031809 82 93 87
0.000305 -0.000034 0.031878 79 90 84
0.001276 -0.002042 0.032015 81 92 88
0.002233 -0.004042 0.032149 84 93 90
-0.002118 0.004278 0.031507 78 89 83
-0.000993 0.002407 0.031468 81 92 84
0.000049 0.000457 0.031515 81 92 88
0.001044 -0.001532 0.031633 80 89 86
0.001982 -0.003560 0.031787 82 93 89
-0.001487 0.003425 0.031067 80 91 85
-0.000445 0.001465 0.031106 83 94 88
0.000545 -0.000540 0.031224 77 88 84
0.001463 -0.002606 0.031413 81 91 90
-0.001101 0.002685 0.030744 82 93 87
-0.000092 0.000692 0.030820 83 94 90
0.000888 -0.001322 0.030959 78 88 87
0.001850 -0.003331 0.031100 80 92 90
-0.001724 0.004356 0.030197 80 91 85
-0.000820 0.002220 0.030389 83 94 88
0.000134 0.000165 0.030528 79 91 87
0.001088 -0.001871 0.030681 78 88 87
0.002108 -0.003815 0.030776 82 92 91
-0.001399 0.003537 0.029946 82 93 87
-0.000444 0.001471 0.030070 85 96 92
0.000524 -0.000566 0.030214 76 87 83
0.001437 -0.002642 0.030406 79 90 86
-0.001032 0.003171 0.029497 81 92 88
-0.000130 0.001049 0.029662 84 93 90
0.000725 -0.001114 0.029927 78 87 82
0.001695 -0.003126 0.030081 81 90 85
-0.001458 0.004683 0.028880 78 89 85
-0.000730 0.002334 0.029245 80 91 87
0.000129 0.000161 0.029493 80 89 84
0.001058 -0.001908 0.029674 81 88 81
0.002110 -0.003823 0.029745 84 90 86
-0.000528 0.004567 0.028010 78 89 85
-0.000298 0.001648 0.028858 79 90 86
0.000385 -0.000719 0.029294 81 88 80
0.001377 -0.002715 0.029434 84 89 82
-0.000329 0.003215 0.027939 76 87 83
-0.000018 0.000394 0.028782 81 88 81
0.000898 -0.001699 0.028988 85 88 77
0.001975 -0.003596 0.029050 84 89 82
0.000506 0.005850 0.025959 75 86 82
0.000110 0.002207 0.027380 75 84 81
0.000182 -0.000951 0.028819 87 90 79
0.001340 -0.002761 0.028781 87 89 78
0.000128 0.003442 0.026514 74 85 81
-0.000196 -0.000201 0.028408 82 87 80
0.000920 -0.002070 0.028435 87 89 76
0.002104 -0.003845 0.028371 87 88 80
0.000819 0.005451 0.025036 75 85 84
-0.000176 0.001139 0.027057 75 85 77
0.000378 -0.001487 0.028107 87 91 77
0.001658 -0.003186 0.028048 87 89 76
0.001284 0.006789 0.024014 75 86 82
0.000196 0.002384 0.025932 75 84 79
0.000162 -0.000929 0.027602 87 90 79
0.001319 -0.002793 0.027764 88 90 77
0.000237 0.003192 0.025417 74 85 81
-0.000029 -0.000256 0.026734 84 90 80
0.000941 -0.002426 0.027456 88 90 76
0.002234 -0.004095 0.027333 86 89 80
0.000096 0.003431 0.025068 75 86 82
-0.000164 -0.000017 0.026383 82 88 78
0.000809 -0.002188 0.027104 88 90 76
0.002107 -0.003856 0.026977 86 89 80
0.000209 0.003509 0.024829 74 85 79
-0.000237 -0.000112 0.026158 82 88 78
0.000801 -0.002091 0.026325 88 92 78
0.002103 -0.003858 0.026612 87 90 81
0.000352 0.003274 0.024471 74 85 79
-0.000102 -0.000350 0.025810 84 90 78
0.000933 -0.002333 0.025981 88 92 78
0.002233 -0.004103 0.026270 87 90 81
-0.000702 0.000864 0.025664 75 85 77
0.000203 -0.001200 0.025649 87 91 77
0.001512 -0.002883 0.025580 88 92 78
0.000872 0.004224 0.023325 75 86 78
-0.000135 -0.000049 0.025219 83 89 77
0.000784 -0.002093 0.025204 88 92 78
0.002115 -0.003849 0.025522 88 91 82
-0.000470 0.000701 0.025007 76 86 77
0.000559 -0.001259 0.024989 86 92 78
0.001875 -0.002878 0.024660 88 92 78
-0.000609 0.000939 0.024656 76 86 77
0.000424 -0.001020 0.024634 87 93 79
0.001746 -0.002637 0.024301 88 92 78
-0.001256 -0.000135 0.024877 76 86 75
0.000304 -0.001571 0.024646 87 93 79
0.002338 -0.002436 0.023734 88 92 78
0.003769 -0.004024 0.023655 86 92 82
0.000858 0.004268 0.021686 75 87 77
-0.000310 -0.000288 0.024162 83 91 78
0.001004 -0.001963 0.024011 88 92 78
0.003280 -0.002591 0.022931 86 92 82
-0.000636 0.003492 0.022012 75 87 75
0.002925 -0.002246 0.022819 86 92 80
0.004411 -0.003759 0.022578 87 93 83
0.000516 0.005219 0.020363 75 87 75
0.002191 -0.002644 0.022975 87 93 79
0.004592 -0.003169 0.021842 87 93 83
-0.000533 0.003652 0.021042 75 87 75
0.003578 -0.001580 0.021629 87 93 81
0.005671 -0.002457 0.020792 87 93 83
0.006940 -0.004212 0.020722 88 93 87
0.002244 0.008915 0.017114 75 87 75
-0.001766 0.001054 0.022341 76 88 76
0.000397 -0.002949 0.023025 86 92 78
0.004389 -0.001895 0.020988 85 93 82
0.005869 -0.003421 0.020692 87 93 83
0.000613 0.004981 0.019127 76 88 76
-0.001191 -0.000297 0.022220 79 90 76
-0.000108 -0.002269 0.022460 86 94 79
0.004518 -0.000560 0.019979 85 93 80
0.006279 -0.001855 0.019649 86 94 83
0.008021 -0.003095 0.018982 88 93 87
0.000614 0.004984 0.018764 76 88 76
-0.001192 -0.000297 0.021865 79 90 76
-0.000108 -0.002270 0.022105 86 94 79
0.004521 -0.000561 0.019617 86 94 81
0.006284 -0.001856 0.019286 86 94 83
0.008027 -0.003097 0.018617 88 93 87
0.001782 0.005917 0.017363 77 89 77
0.000706 0.001423 0.019799 81 92 78
0.001631 -0.000757 0.020204 86 94 79
0.005859 0.000505 0.018045 85 93 80
0.007376 -0.001143 0.018269 86 94 83
0.009302 -0.002168 0.017235 88 93 87
0.002052 0.008297 0.015969 75 87 75
0.000760 0.003515 0.018560 78 88 77
0.001067 0.000615 0.019595 84 95 79
0.004384 0.000973 0.017994 86 94 79
0.006631 0.000050 0.017797 85 93 82
0.008441 -0.001175 0.017211 87 94 86
0.009013 -0.003604 0.017396 88 95 88
0.002195 0.009293 0.015194 75 87 77
0.002128 0.005890 0.016506 77 88 80
0.001703 0.002116 0.018327 81 93 79
0.003269 0.000598 0.018204 83 94 77
0.006372 0.000631 0.017071 83 93 82
0.008484 -0.000426 0.016891 84 94 85
0.010657 -0.001181 0.015461 88 95 88
0.002350 0.009060 0.014812 75 87 77
0.002276 0.005653 0.016132 78 89 81
0.001844 0.001875 0.017963 82 95 78
0.003408 0.000353 0.017842 83 94 77
0.006515 0.000385 0.016706 82 94 82
0.008628 -0.000674 0.016526 84 94 85
0.010799 -0.001433 0.015097 88 95 88
0.002648 0.008146 0.014636 77 88 80
0.002619 0.004783 0.016011 78 90 78
0.002399 0.001250 0.017660 83 96 79
0.006033 0.001913 0.015821 83 94 80
0.008431 0.001123 0.015506 83 93 82
0.009719 -0.000717 0.015572 87 94 87
0.002534 0.008854 0.014074 76 88 78
0.002628 0.005629 0.015269 79 91 81
0.002332 0.001990 0.017009 83 96 79
0.005036 0.001658 0.015977 83 94 78
0.007612 0.001101 0.015329 82 94 82
0.009246 -0.000464 0.015516 84 94 85
0.011675 -0.000920 0.013612 87 94 87
0.002402 0.008728 0.013737 76 88 78
0.002658 0.005685 0.014781 79 91 81
0.002844 0.002553 0.016163 83 96 79
0.005945 0.002594 0.014975 83 94 78
0.008981 0.002534 0.013823 81 93 81
0.008927 -0.000827 0.015539 83 93 84
0.011610 -0.001009 0.013362 87 94 87
0.002699 0.007821 0.013524 77 88 80
0.002933 0.004756 0.014643 79 91 79
0.003158 0.001665 0.016051 82 95 78
0.007413 0.002944 0.013788 82 93 79
0.009646 0.001991 0.013465 82 92 81
0.009313 -0.001585 0.015107 86 93 86
0.002260 0.008199 0.013095 76 87 81
0.002558 0.005204 0.014132 79 91 81
0.003514 0.002904 0.014863 82 94 80
0.007060 0.003353 0.013532 81 94 77
0.010292 0.003504 0.012111 80 92 80
0.009327 -0.000816 0.014575 83 93 84
0.011976 -0.001054 0.012476 87 94 87
0.018727 0.002961 0.006011 83 90 83
0.002252 0.007770 0.012912 76 87 81
0.002654 0.004888 0.013884 79 90 82
0.003775 0.002736 0.014607 81 94 77
0.008453 0.004422 0.012160 81 93 79
0.010263 0.003033 0.012051 80 92 80
0.009279 -0.001256 0.014324 83 93 84
0.002093 0.008885 0.012066 75 86 82
0.002420 0.005905 0.013092 78 89 83
0.003329 0.003576 0.013721 81 93 79
0.006159 0.003218 0.013155 81 94 77
0.009914 0.003903 0.011415 80 92 80
0.010198 0.000900 0.012667 82 92 81
0.011625 -0.000701 0.012036 84 94 86
0.017407 0.002322 0.006544 83 90 83
0.001942 0.009132 0.011700 75 86 82
0.002275 0.006152 0.012723 78 89 85
0.003188 0.003823 0.013350 80 92 80
0.006019 0.003467 0.012782 81 94 77
0.009775 0.004154 0.011037 80 92 80
0.010064 0.001150 0.012287 82 92 81
0.011497 -0.000449 0.011651 84 94 86
0.017282 0.002584 0.006143 83 90 83
0.002244 0.008653 0.011297 75 85 84
0.002571 0.005661 0.012377 79 90 86
0.003676 0.003518 0.012943 80 94 79
0.006867 0.003540 0.012063 80 93 76
0.009908 0.003456 0.010928 80 92 80
0.010606 0.000927 0.011623 83 93 82
0.013142 0.000521 0.009703 86 93 86
0.017997 0.002529 0.005229 82 87 81
0.002113 0.009355 0.010710 75 85 84
0.002495 0.006415 0.011719 78 89 85
0.003216 0.003860 0.012556 79 93 80
0.005881 0.003331 0.012078 80 93 76
0.009185 0.003507 0.010847 80 92 80
0.010399 0.001497 0.011197 81 91 80
0.012240 0.000326 0.010116 85 92 85
0.017002 0.002260 0.005709 84 89 83
0.002480 0.009389 0.010000 75 86 82
0.002929 0.006514 0.010985 79 90 84
0.003392 0.003648 0.012165 80 94 79
0.005734 0.002768 0.011969 79 94 75
0.008518 0.002382 0.011225 80 92 80
0.010579 0.001288 0.010751 82 92 81
0.012709 0.000427 0.009338 86 93 85
0.016821 0.001657 0.005672 82 87 80
0.001878 0.010828 0.009389 74 85 81
0.002597 0.008244 0.010070 77 88 84
0.002976 0.005293 0.011183 79 90 82
0.004129 0.003146 0.011924 80 94 77
0.007233 0.003079 0.011052 80 93 76
0.009775 0.002461 0.010334 80 92 80
0.011189 0.000752 0.010065 82 92 83
0.018161 0.001871 0.004144 83 86 79
0.002254 0.011772 0.008156 73 84 80
0.002784 0.008933 0.009127 75 86 80
0.003197 0.006006 0.010217 77 89 79
0.003788 0.003220 0.011549 82 96 81
0.006449 0.002649 0.011195 80 93 75
0.008924 0.001954 0.010596 78 90 78
0.010895 0.000805 0.009974 79 89 78
0.013775 0.000753 0.007671 80 87 79
0.017220 0.001246 0.004784 78 81 74
0.002083 0.010703 0.008362 72 83 77
0.002905 0.008223 0.008996 74 86 76
0.003302 0.005276 0.010144 76 90 75
0.004266 0.002874 0.011260 80 97 79
0.007127 0.002528 0.010660 78 91 74
0.009525 0.001760 0.010045 75 87 75
0.011312 0.000456 0.009377 76 84 73
0.017844 0.001094 0.003968 76 77 69
0.002704 0.009752 0.007886 71 85 70
0.003317 0.007031 0.008794 72 87 68
0.003593 0.003891 0.010384 79 98 79
0.005875 0.002846 0.010638 77 94 76
0.008308 0.002077 0.010215 75 87 73
0.010657 0.001312 0.009320 73 84 70
0.013061 0.000735 0.007595 70 76 66
0.016398 0.001128 0.004784 70 72 61
0.002706 0.009759 0.007503 70 85 66
0.003320 0.007036 0.008413 71 86 63
0.003596 0.003894 0.010006 80 99 80
0.005880 0.002848 0.010259 77 96 77
0.008314 0.002079 0.009834 73 85 71
0.010665 0.001313 0.008936 70 81 67
0.013071 0.000736 0.007207 67 73 63
0.016410 0.001129 0.004390 66 66 56
0.001916 0.011001 0.007025 71 83 69
0.002950 0.008765 0.007398 70 83 63
0.003555 0.006038 0.008346 67 82 59
0.004476 0.003482 0.009895 84 101 82
0.007519 0.003272 0.009378 76 90 75
0.009751 0.002345 0.008776 70 82 68
0.011590 0.001097 0.007978 68 74 62
0.014791 0.001373 0.005274 61 63 52
0.017068 0.000616 0.003670 68 64 53
0.002179 0.011757 0.006145 71 84 67
0.002980 0.009246 0.006739 70 84 61
0.003587 0.006517 0.007663 69 83 60
0.004098 0.003564 0.009344 77 94 75
0.006945 0.003096 0.009199 75 89 72
0.009391 0.002375 0.008523 71 83 69
0.011228 0.001085 0.007930 70 78 65
0.014174 0.001088 0.005527 72 75 64
0.016781 0.000690 0.003524 86 82 71
0.001916 0.010561 0.006528 72 83 66
0.003176 0.008612 0.006551 71 83 59
0.003907 0.006026 0.007364 69 83 58
0.004784 0.003414 0.008967 72 87 66
0.007648 0.002985 0.008703 74 87 70
0.009865 0.002038 0.008103 71 84 67
0.011956 0.001061 0.007017 76 84 71
0.014885 0.001036 0.004614 83 85 72
0.016854 -0.000043 0.003337 111 108 93
0.001824 0.011746 0.005740 73 84 68
0.002850 0.009520 0.005976 71 83 61
0.003627 0.006980 0.006711 71 84 58
0.004141 0.004024 0.008376 62 77 56
0.006820 0.003350 0.008479 70 84 67
0.009169 0.002518 0.007905 73 86 69
0.011223 0.001463 0.007061 77 85 72
0.014079 0.001363 0.004755 91 95 81
0.016361 0.000621 0.003099 126 124 111
0.001825 0.011306 0.005596 75 83 68
0.002938 0.009182 0.005748 73 82 61
0.003894 0.006852 0.006274 70 82 58
0.004467 0.003958 0.007890 56 70 47
0.006874 0.002998 0.008184 69 84 65
0.008971 0.001887 0.007893 75 86 70
0.011451 0.001294 0.006587 80 91 75
0.014212 0.001087 0.004395 102 106 91
0.016189 0.000022 0.003082 150 148 133
0.002063 0.009872 0.005648 74 83 66
0.003486 0.008102 0.005529 73 83 59
0.004127 0.005380 0.006587 60 74 49
0.005552 0.003331 0.007835 56 71 50
0.007630 0.002099 0.008064 73 86 69
0.010270 0.001629 0.006912 78 89 73
0.012882 0.001238 0.005067 98 107 90
0.015363 0.000718 0.003164 137 139 125
0.001130 0.012280 0.004675 78 84 74
0.001971 0.009774 0.005344 75 82 66
0.003444 0.008053 0.005207 75 83 62
0.004179 0.005430 0.006192 62 74 50
0.005554 0.003317 0.007516 63 77 54
0.007514 0.001970 0.007791 86 99 81
0.010165 0.001510 0.006634 95 106 89
0.013121 0.001487 0.004406 117 126 109
0.015234 0.000569 0.002927 154 158 141
0.001567 0.010593 0.004885 80 84 70
0.002939 0.008752 0.004835 77 81 64
0.003937 0.006456 0.005373 75 83 62
0.004863 0.003872 0.006988 55 67 43
0.007271 0.002964 0.007029 91 103 83
0.009263 0.001759 0.006696 108 120 100
0.012277 0.001775 0.004582 123 134 117
0.014660 0.001146 0.002803 154 163 144
0.016101 -0.000494 0.002115 198 203 181
0.001607 0.010666 0.004367 82 84 73
0.002871 0.008675 0.004538 78 80 66
0.003925 0.006453 0.004961 79 84 64
0.004858 0.003858 0.006646 61 71 47
0.007217 0.002898 0.006717 103 112 91
0.009321 0.001817 0.006249 125 134 113
0.012468 0.001974 0.003980 142 154 134
0.014691 0.001168 0.002386 172 184 164
0.015882 -0.000737 0.001980 212 220 197
0.001227 0.011984 0.003571 84 85 77
0.002342 0.009799 0.003931 81 81 69
0.003541 0.007734 0.004183 80 81 65
0.004154 0.004916 0.005535 63 68 46
0.005930 0.003227 0.006551 85 93 70
0.007843 0.001878 0.006606 129 138 117
0.010821 0.001791 0.004935 147 159 139
0.013794 0.001793 0.002559 178 191 171
0.015361 0.000282 0.001701 214 223 202
0.001083 0.011825 0.003327 86 86 78
0.002351 0.009819 0.003515 84 82 69
0.003467 0.007637 0.003935 83 81 66
0.004165 0.004934 0.005114 67 69 48
0.005883 0.003167 0.006243 93 98 75
0.007832 0.001861 0.006235 146 154 131
0.011000 0.001980 0.004346 165 177 155
0.013904 0.001901 0.002049 197 210 190
0.015299 0.000205 0.001388 231 243 221
0.001640 0.010734 0.003124 88 84 73
0.002843 0.008644 0.003445 85 79 67
0.003883 0.006409 0.003856 86 83 66
0.004863 0.003857 0.005506 78 77 57
0.007146 0.002805 0.005663 139 142 121
0.009514 0.002011 0.004882 172 182 158
0.012618 0.002109 0.002660 192 204 182
0.014752 0.001200 0.001164 221 233 213
0.015759 -0.000904 0.000968 242 252 228
-0.000418 0.012228 0.003333 87 82 78
0.001445 0.010957 0.002715 91 84 74
0.002787 0.009035 0.002844 87 79 68
0.003751 0.006677 0.003460 89 83 67
0.004639 0.004118 0.004767 82 79 60
0.006614 0.002664 0.005511 144 146 124
0.008934 0.001806 0.004852 186 194 171
0.012094 0.001932 0.002770 201 213 191
0.014559 0.001372 0.000931 224 236 216
0.015588 -0.000711 0.000698 243 252 231
0.000293 0.011772 0.002712 90 83 75
0.001801 0.010067 0.002538 92 82 72
0.003142 0.008119 0.002797 91 79 67
0.004025 0.005680 0.003492 92 85 67
0.005407 0.003528 0.004954 113 111 90
0.007329 0.002138 0.005204 181 180 159
0.010596 0.002348 0.003279 211 219 196
0.013423 0.002158 0.001201 224 233 212
0.015069 0.000719 0.000262 236 248 228
0.015913 -0.001557 0.000278 245 254 233
-0.000274 0.011050 0.003179 91 82 75
0.001694 0.009926 0.002361 94 81 72
0.003099 0.008067 0.002476 95 78 68
0.003957 0.005590 0.003235 99 85 72
0.005468 0.003590 0.004524 126 120 98
0.007271 0.002058 0.004940 196 194 171
0.010920 0.002699 0.002511 230 238 214
0.013520 0.002251 0.000717 235 242 224
0.015056 0.000688 -0.000080 238 251 231
0.015842 -0.001651 0.000004 245 254 235
0.000845 0.010656 0.002227 97 82 75
0.002618 0.009265 0.001745 95 78 68
0.003514 0.006817 0.002459 99 81 71
0.004534 0.004412 0.003572 110 97 78
0.006461 0.002882 0.004433 175 169 145
0.008892 0.002148 0.003614 234 236 212
0.012235 0.002474 0.001278 251 255 236
0.014459 0.001638 -0.000257 244 255 238
0.015405 -0.000543 -0.000388 242 255 235
-0.000023 0.009981 0.003001 102 85 78
0.002456 0.009461 0.001571 101 82 75
0.003505 0.007214 0.001983 104 81 73
0.004294 0.004647 0.002899 115 98 80
0.006022 0.002891 0.003960 166 158 135
0.007826 0.001399 0.004174 232 230 207
0.012001 0.002614 0.001046 250 253 232
0.014249 0.001782 -0.000409 247 255 237
0.015352 -0.000242 -0.000703 241 255 233
0.001045 0.009954 0.001938 105 85 78
0.002791 0.008549 0.001413 106 81 74
0.003678 0.006120 0.002031 112 88 78
0.004959 0.003968 0.003046 136 119 99
0.006812 0.002397 0.003804 197 186 166
0.010116 0.002631 0.001905 242 244 220
0.013068 0.002535 -0.000135 253 255 239
0.014834 0.001198 -0.001139 241 254 234
0.015550 -0.001225 -0.000990 241 254 234
0.002820 0.008939 0.001143 112 83 77
0.003742 0.006569 0.001598 119 89 79
0.004586 0.004044 0.002554 138 115 97
0.006281 0.002306 0.003419 191 176 153
0.008850 0.001675 0.002653 243 238 216
0.012665 0.002483 -0.000121 252 255 234
0.014724 0.001444 -0.001391 241 255 232
0.015429 -0.000997 -0.001235 240 255 232
0.003170 0.008054 0.000922 120 85 81
0.003941 0.005500 0.001639 130 98 87
0.005306 0.003447 0.002560 160 135 115
0.006701 0.001427 0.003550 216 199 179
0.011132 0.002884 0.000393 255 253 230
0.013741 0.002414 -0.001341 250 254 237
0.015099 0.000638 -0.001894 235 253 229
0.003076 0.008307 0.000765 126 86 84
0.004050 0.006007 0.001124 133 96 87
0.004988 0.003558 0.002122 163 132 114
0.006429 0.001601 0.002982 211 190 171
0.010269 0.002371 0.000701 253 248 226
0.013364 0.002397 -0.001389 251 254 235
0.015084 0.001000 -0.002334 235 253 229
0.003572 0.007592 0.000371 136 92 89
0.004269 0.004940 0.001234 148 110 97
0.005595 0.002856 0.002156 176 145 127
0.007280 0.001220 0.002518 224 206 186
0.011965 0.002936 -0.000953 253 251 230
0.014273 0.002150 -0.002462 246 255 234
0.015196 -0.000079 -0.002553 235 255 230
0.003666 0.007669 0.000021 145 97 93
0.004468 0.005135 0.000758 155 113 101
0.005603 0.002828 0.001916 176 140 124
0.007320 0.001260 0.002083 218 197 180
0.012016 0.002990 -0.001438 249 247 226
0.014388 0.002268 -0.003008 246 255 234
0.015236 -0.000040 -0.003033 233 255 230
0.002946 0.008561 -0.000285 150 99 98
0.004044 0.006393 -0.000068 157 107 100
0.004981 0.003921 0.000984 167 123 110
0.006272 0.001813 0.001907 188 156 141
0.010209 0.002707 -0.000601 233 220 201
0.013349 0.002773 -0.002741 252 254 233
0.015040 0.001337 -0.003657 238 253 230
0.004144 0.006491 -0.000494 167 112 107
0.005184 0.004141 0.000393 170 122 110
0.006390 0.001911 0.001524 184 148 136
0.010329 0.002825 -0.001095 228 213 194
0.013539 0.002967 -0.003339 252 253 235
0.015129 0.001417 -0.004142 239 254 233
0.003713 0.007714 -0.001138 171 110 109
0.004663 0.005349 -0.000606 175 118 111
0.005721 0.002926 0.000740 174 126 114
0.007520 0.001441 0.000807 203 171 158
0.012111 0.003072 -0.002734 243 236 217
0.014590 0.002448 -0.004393 248 255 237
0.015314 0.000008 -0.004311 236 255 233
0.003865 0.007451 -0.001476 178 113 111
0.004920 0.005215 -0.001111 178 119 113
0.005964 0.002800 0.000135 175 127 117
0.007822 0.001356 0.000235 204 172 161
0.012213 0.002770 -0.003141 244 235 218
0.014821 0.002269 -0.004884 247 255 237
0.015402 -0.000315 -0.004659 236 255 236
0.003332 0.008133 -0.001828 183 113 113
0.004488 0.006011 -0.001603 187 119 116
0.005585 0.003701 -0.000674 178 119 111
0.006900 0.001603 0.000264 188 145 138
0.011226 0.002944 -0.002932 229 212 196
0.014284 0.002918 -0.005099 250 251 233
0.015222 0.000686 -0.005232 240 255 236
0.003820 0.007411 -0.002253 188 117 115
0.004948 0.005259 -0.001990 186 121 117
0.005993 0.002902 -0.001026 179 122 115
0.007873 0.001469 -0.000931 197 159 150
0.011859 0.002436 -0.003856 239 227 211
0.014574 0.002016 -0.005551 249 255 240
0.015134 -0.000599 -0.005248 238 255 237
0.003668 0.007665 -0.002642 193 117 117
0.004801 0.005514 -0.002383 193 122 120
0.005850 0.003156 -0.001421 178 117 112
0.007733 0.001723 -0.001329 191 146 140
0.011722 0.002695 -0.004262 232 216 201
0.014441 0.002279 -0.005965 252 254 240
0.015008 -0.000335 -0.005668 241 255 238
0.004167 0.006532 -0.002924 201 123 123
0.005393 0.004483 -0.002720 191 120 118
0.006692 0.002410 -0.002047 177 119 115
0.009632 0.002214 -0.003594 207 174 165
0.012879 0.002327 -0.005587 248 242 228
0.014313 0.000566 -0.005965 244 255 239
0.004171 0.006537 -0.003324 200 120 121
0.005397 0.004487 -0.003119 194 118 118
0.006698 0.002412 -0.002446 178 119 115
0.009639 0.002216 -0.003997 203 169 160
0.012889 0.002329 -0.005995 241 235 221
0.014324 0.000567 -0.006374 244 255 241
0.003591 0.007623 -0.003926 199 113 114
0.004876 0.005634 -0.003816 201 121 122
0.006001 0.003439 -0.003330 185 115 115
0.007925 0.002075 -0.003470 184 133 129
0.010918 0.001965 -0.005320 217 197 188
0.013185 0.001030 -0.006301 245 247 234
0.014112 -0.001237 -0.006160 241 255 242
0.003749 0.007380 -0.004336 199 113 114
0.005031 0.005387 -0.004222 201 121 122
0.006153 0.003188 -0.003731 185 115 115
0.008076 0.001821 -0.003870 182 135 129
0.011071 0.001707 -0.005722 216 198 188
0.013337 0.000769 -0.006703 239 245 231
0.014259 -0.001502 -0.006556 241 255 242
0.004602 0.006184 -0.004690 202 113 115
0.005820 0.004105 -0.004411 195 115 118
0.007477 0.002427 -0.004187 180 119 118
0.010056 0.001853 -0.005490 195 165 157
0.012448 0.001055 -0.006607 231 227 215
0.013659 -0.000925 -0.006747 241 255 240
0.003577 0.007615 -0.005111 197 109 108
0.004947 0.005714 -0.005090 204 118 121
0.006132 0.003574 -0.004653 190 114 116
0.008020 0.002155 -0.004725 179 124 121
0.010795 0.001795 -0.006305 202 175 166
0.012797 0.000597 -0.007094 235 236 222
0.013823 -0.001569 -0.007045 241 255 240
0.004643 0.006225 -0.005504 204 114 116
0.005899 0.004176 -0.005234 200 115 118
0.007545 0.002484 -0.005015 183 118 116
0.009989 0.001749 -0.006126 186 152 142
0.012141 0.000708 -0.007048 228 216 204
0.013419 -0.001201 -0.007260 244 255 238
0.003707 0.007335 -0.005865 198 114 112
0.005153 0.005513 -0.005913 206 117 119
0.006376 0.003406 -0.005497 197 117 118
0.008210 0.001928 -0.005526 179 121 117
0.010831 0.001387 -0.006891 194 166 155
0.012629 -0.000011 -0.007533 236 235 215
0.013728 -0.002099 -0.007554 242 253 236
0.003669 0.007287 -0.006196 199 118 114
0.005184 0.005537 -0.006307 206 116 116
0.006433 0.003450 -0.005887 202 121 120
0.008225 0.001935 -0.005925 180 119 114
0.010717 0.001252 -0.007138 192 158 148
0.012363 -0.000298 -0.007645 237 232 212
0.013514 -0.002332 -0.007714 242 251 232
0.004670 0.006250 -0.006706 206 120 119
0.005961 0.004222 -0.006427 210 120 120
0.007578 0.002500 -0.006216 192 121 117
0.009931 0.001662 -0.007240 172 124 114
0.011889 0.000416 -0.007975 220 197 183
0.013215 -0.001446 -0.008232 252 254 232
0.003256 0.007684 -0.006904 203 128 122
0.004831 0.006006 -0.007121 208 120 119
0.006149 0.003998 -0.006829 212 124 122
0.007732 0.002232 -0.006554 190 120 112
0.010023 0.001333 -0.007546 173 125 113
0.011845 -0.000055 -0.008137 227 204 186
0.013181 -0.001904 -0.008407 252 251 230
0.004397 0.006384 -0.007442 207 123 121
0.005844 0.004533 -0.007372 211 120 119
0.007298 0.002623 -0.006958 202 125 119
0.009466 0.001567 -0.007704 173 116 105
0.011570 0.000460 -0.008527 205 173 158
0.012948 -0.001351 -0.008847 253 247 223
0.003216 0.007658 -0.007727 203 130 123
0.004833 0.006021 -0.007983 206 118 116
0.006181 0.004036 -0.007701 211 121 120
0.007757 0.002237 -0.007323 192 119 112
0.009995 0.001273 -0.008246 175 123 110
0.011748 -0.000191 -0.008765 217 188 170
0.013079 -0.002046 -0.009035 245 243 220
0.002686 0.007913 -0.007868 212 144 135
0.004390 0.006391 -0.008300 206 120 119
0.005873 0.004571 -0.008250 210 119 116
0.007335 0.002648 -0.007775 201 122 117
0.009464 0.001535 -0.008427 176 118 106
0.011469 0.000324 -0.009163 197 164 147
0.012852 -0.001487 -0.009475 241 233 210
0.003582 0.007227 -0.008640 201 126 121
0.005242 0.005622 -0.008891 206 118 116
0.006582 0.003604 -0.008496 207 119 117
0.008325 0.001980 -0.008292 190 120 112
0.010520 0.000961 -0.009168 179 131 117
0.012064 -0.000715 -0.009516 219 192 173
0.013207 -0.002758 -0.009602 244 242 219
0.003585 0.007232 -0.009049 200 125 120
0.005246 0.005627 -0.009301 207 119 117
0.006587 0.003607 -0.008905 206 118 116
0.008332 0.001982 -0.008701 190 120 112
0.010528 0.000962 -0.009580 179 130 116
0.012073 -0.000715 -0.009929 212 185 166
0.013217 -0.002759 -0.010015 244 239 217
0.002981 0.007842 -0.009303 212 142 134
0.004703 0.006310 -0.009662 204 119 116
0.006130 0.004391 -0.009418 207 117 116
0.007811 0.002705 -0.009206 197 120 114
0.009773 0.001402 -0.009678 179 121 110
0.011478 -0.000127 -0.010117 190 154 138
0.012804 -0.002002 -0.010352 230 215 194
0.003397 0.007454 -0.009822 203 128 122
0.005127 0.005911 -0.010113 210 120 119
0.006509 0.003924 -0.009740 204 116 114
0.008290 0.002346 -0.009638 198 123 117
0.010327 0.001140 -0.010295 179 125 113
0.011872 -0.000546 -0.010631 191 160 142
0.013009 -0.002604 -0.010700 235 222 203
0.003085 0.007539 -0.010081 210 137 128
0.004847 0.006042 -0.010455 208 123 120
0.006321 0.004147 -0.010148 205 115 114
0.008086 0.002560 -0.010087 198 121 115
0.009887 0.001094 -0.010447 182 124 113
0.011511 -0.000513 -0.010839 183 146 130
0.012800 -0.002418 -0.011069 222 205 185
0.001890 0.007899 -0.009809 233 169 157
0.003879 0.006704 -0.010624 204 127 121
0.005682 0.005215 -0.010883 213 123 122
0.007182 0.003323 -0.010486 199 116 112
0.009012 0.001833 -0.010627 196 126 118
0.010886 0.000466 -0.011196 172 122 111
0.012275 -0.001358 -0.011473 190 161 143
0.002330 0.007975 -0.010543 230 164 152
0.004121 0.006530 -0.011048 206 125 121
0.005898 0.004991 -0.011198 211 121 120
0.007590 0.003286 -0.010913 200 117 113
0.009254 0.001651 -0.011051 195 127 118
0.010951 0.000114 -0.011516 170 122 110
0.012294 -0.001739 -0.011824 186 157 141
0.001689 0.008105 -0.010550 229 170 156
0.003623 0.006847 -0.011319 205 130 124
0.005544 0.005485 -0.011713 215 125 124
0.007112 0.003639 -0.011286 201 116 113
0.008872 0.002075 -0.011386 202 127 121
0.010652 0.000617 -0.011916 176 119 110
0.012001 -0.001246 -0.012189 177 141 125
0.002714 0.007560 -0.011476 215 147 136
0.004539 0.006113 -0.011853 213 128 125
0.006253 0.004489 -0.011882 207 117 116
0.008115 0.002958 -0.011750 201 120 116
0.009669 0.001225 -0.011883 194 127 119
0.011180 -0.000502 -0.012192 173 125 113
0.012460 -0.002415 -0.012445 189 160 144
0.002716 0.007566 -0.011889 215 147 136
0.004543 0.006117 -0.012267 213 130 126
0.006258 0.004492 -0.012297 208 118 117
0.008121 0.002960 -0.012165 202 121 117
0.009677 0.001226 -0.012299 196 127 120
0.011188 -0.000502 -0.012609 173 123 112
0.012470 -0.002416 -0.012862 184 152 137
0.001686 0.007702 -0.011702 229 167 152
0.003421 0.006216 -0.012240 210 133 127
0.005547 0.005044 -0.012704 213 125 123
0.007481 0.003632 -0.012865 202 117 114
0.008979 0.001723 -0.012414 201 128 121
0.010690 0.000171 -0.012795 180 120 112
0.012055 -0.001696 -0.012998 171 129 115
0.013027 -0.003916 -0.012919 234 211 195
0.002541 0.007406 -0.012660 213 147 135
0.004414 0.005977 -0.012959 218 135 131
0.006243 0.004477 -0.013123 209 119 118
0.008207 0.003045 -0.013088 203 122 118
0.009673 0.001184 -0.013000 198 127 121
0.011162 -0.000586 -0.013213 173 119 109
0.012484 -0.002476 -0.013453 175 139 125
0.002118 0.007358 -0.012756 216 153 138
0.003834 0.005796 -0.013061 215 136 131
0.005906 0.004549 -0.013422 209 121 119
0.008118 0.003433 -0.013881 204 121 117
0.009394 0.001299 -0.013276 198 128 120
0.010975 -0.000412 -0.013418 180 121 113
0.012401 -0.002227 -0.013638 165 123 111
0.001419 0.007840 -0.012796 221 166 146
0.003080 0.006269 -0.013277 206 133 124
0.005327 0.005218 -0.013838 210 125 122
0.007494 0.004072 -0.014344 207 119 117
0.008876 0.002013 -0.013694 203 124 119
0.010556 0.000393 -0.013911 193 124 119
0.011945 -0.001483 -0.014021 171 119 108
0.012963 -0.003679 -0.013938 217 183 171
0.001799 0.007373 -0.013123 215 156 140
0.003496 0.005792 -0.013428 213 136 130
0.005723 0.004740 -0.014074 209 121 119
0.008152 0.003890 -0.014936 205 120 117
0.009340 0.001653 -0.014229 201 124 118
0.010827 -0.000180 -0.014198 193 126 120
0.012260 -0.002009 -0.014353 166 116 107
0.013264 -0.004210 -0.014282 224 190 180
0.001469 0.007413 -0.013248 218 161 142
0.003047 0.005749 -0.013641 206 132 123
0.005427 0.004870 -0.014469 206 121 118
0.007822 0.003994 -0.015351 208 120 118
0.009114 0.001844 -0.014654 203 122 118
0.010719 0.000128 -0.014729 199 128 124
0.012085 -0.001793 -0.014723 174 117 108
0.013103 -0.003993 -0.014625 215 177 166
0.002166 0.006429 -0.013531 198 132 118
0.004101 0.005086 -0.013979 210 129 125
0.006373 0.004113 -0.014841 211 121 120
0.008750 0.003220 -0.015746 203 120 116
0.010023 0.001102 -0.015276 203 125 121
0.011272 -0.000970 -0.015036 192 125 119
0.012586 -0.002902 -0.015144 179 131 121
0.002310 0.006158 -0.013910 191 123 110
0.004598 0.005197 -0.014718 208 125 121
0.007016 0.004384 -0.015782 210 120 119
0.008801 0.002803 -0.015846 203 118 115
0.010281 0.000933 -0.015725 204 125 121
0.011534 -0.001131 -0.015520 192 125 119
0.012661 -0.003238 -0.015505 187 137 130
0.002047 0.006203 -0.013792 194 128 112
0.003901 0.004784 -0.014220 205 125 118
0.006352 0.004055 -0.015504 209 121 119
0.008884 0.003368 -0.016797 203 118 115
0.010122 0.001196 -0.016234 203 122 119
0.011291 -0.000957 -0.015945 199 125 122
0.012556 -0.002943 -0.016000 183 126 119
0.002721 0.005216 -0.014153 196 124 112
0.005241 0.004556 -0.015441 200 117 111
0.008104 0.004272 -0.017260 209 121 119
0.009338 0.002082 -0.016670 199 116 112
0.010746 0.000149 -0.016540 210 130 129
0.012071 -0.001824 -0.016487 185 117 114
0.013041 -0.004078 -0.016337 199 150 145
0.002608 0.005029 -0.014165 193 121 109
0.005120 0.004393 -0.015592 199 116 110
0.008190 0.004357 -0.017758 209 121 119
0.009549 0.002311 -0.017366 199 114 111
0.010785 0.000186 -0.017022 212 132 131
0.012102 -0.001798 -0.016957 188 118 116
0.013057 -0.004074 -0.016768 193 142 138
0.002267 0.005529 -0.014637 182 115 99
0.004418 0.004466 -0.015534 195 115 106
0.007207 0.004126 -0.017358 208 120 118
0.009283 0.002904 -0.018014 196 111 108
0.010568 0.000796 -0.017585 209 125 123
0.011749 -0.001345 -0.017327 201 126 123
0.012776 -0.003561 -0.017193 185 126 122
0.002807 0.004790 -0.014882 196 119 111
0.005490 0.004381 -0.016717 201 116 111
0.008751 0.004527 -0.019035 208 120 118
0.010022 0.002359 -0.018459 201 113 111
0.010942 -0.000088 -0.017838 214 130 130
0.012253 -0.002065 -0.017839 190 116 115
0.002810 0.004794 -0.015299 195 118 110
0.005495 0.004385 -0.017139 201 116 111
0.008758 0.004531 -0.019464 207 119 117
0.010030 0.002361 -0.018886 202 112 111
0.010951 -0.000088 -0.018264 214 128 129
0.012262 -0.002067 -0.018265 193 117 117
0.004168 0.004129 -0.016236 195 115 106
0.007115 0.004015 -0.018506 207 119 117
0.010829 0.001065 -0.019221 210 122 121
0.011883 -0.001230 -0.018761 208 124 124
0.005423 0.004277 -0.017776 200 117 111
0.011045 -0.000000 -0.019240 215 125 127
0.011287 -0.000167 -0.019789 215 125 127
0.000684 -0.002053 0.038535 72 78 64
0.001423 -0.004045 0.038529 70 81 67
-0.001255 0.003250 0.038201 74 75 69
-0.000491 0.001239 0.038178 74 75 69
0.000253 -0.000775 0.038172 72 78 66
0.000969 -0.002796 0.038188 72 80 65
-0.001355 0.003502 0.037874 74 75 69
-0.000586 0.001491 0.037848 74 75 69
0.000162 -0.000522 0.037838 72 78 66
0.000883 -0.002543 0.037851 72 80 65
0.001576 -0.004570 0.037883 69 80 66
-0.001700 0.004547 0.037531 74 75 70
-0.000952 0.002512 0.037511 74 75 70
-0.000191 0.000500 0.037491 73 76 69
0.000539 -0.001522 0.037496 71 79 66
0.001236 -0.003556 0.037527 69 80 66
-0.001518 0.004038 0.037189 74 75 69
-0.000759 0.002012 0.037169 74 75 70
-0.000006 -0.000005 0.037156 71 77 67
0.000717 -0.002031 0.037168 69 80 66
0.001406 -0.004069 0.037206 69 80 66
-0.001316 0.003542 0.036841 73 74 69
-0.000563 0.001514 0.036825 73 75 70
0.000182 -0.000507 0.036819 71 79 68
0.000894 -0.002540 0.036839 69 80 66
0.001573 -0.004583 0.036886 69 79 68
-0.001142 0.003024 0.036513 73 74 69
-0.000374 0.001010 0.036486 72 74 69
0.000363 -0.001015 0.036487 70 78 65
0.001068 -0.003052 0.036513 68 79 65
-0.000754 0.002020 0.036162 72 74 71
0.000001 0.000001 0.036146 69 76 68
0.000721 -0.002033 0.036161 68 79 65
0.001408 -0.004076 0.036202 68 79 65
-0.000755 0.002021 0.035827 72 74 71
0.000001 0.000001 0.035811 69 76 68
0.000721 -0.002034 0.035826 68 79 65
0.001409 -0.004079 0.035866 68 79 65
-0.001991 0.005393 0.035223 71 73 70
-0.000997 0.003437 0.035545 71 73 72
-0.000458 0.001273 0.035479 69 74 70
0.000277 -0.000760 0.035476 68 78 69
0.000984 -0.002801 0.035502 67 79 67
-0.000647 0.001779 0.035154 69 73 72
0.000095 -0.000252 0.035138 67 77 68
0.000811 -0.002292 0.035157 66 78 66
0.001495 -0.004341 0.035201 68 78 67
-0.002040 0.005749 0.034258 69 73 72
-0.000509 0.001556 0.034808 68 72 73
0.000188 -0.000505 0.034801 67 78 70
0.000900 -0.002548 0.034823 66 78 68
0.001579 -0.004600 0.034872 68 78 67
-0.001539 0.004383 0.034429 69 73 72
-0.000805 0.002294 0.034562 68 72 73
-0.000077 0.000265 0.034459 66 77 73
0.000637 -0.001782 0.034474 66 78 68
0.001329 -0.003832 0.034513 66 78 68
-0.001521 0.006538 0.033036 67 73 71
-0.001086 0.004054 0.034056 68 73 76
-0.000443 0.001902 0.034204 65 73 75
0.000131 -0.000227 0.034110 65 78 71
0.000820 -0.002290 0.034140 65 78 68
0.001500 -0.004348 0.034189 67 77 68
-0.000540 0.002156 0.033869 65 73 75
0.000039 0.000028 0.033772 64 76 72
0.000733 -0.002036 0.033798 65 78 68
0.001417 -0.004093 0.033843 67 77 68
-0.001471 0.005240 0.032621 65 73 75
0.000637 0.001428 0.033046 64 74 75
0.000694 -0.001099 0.033310 63 78 71
0.001204 -0.003293 0.033458 66 78 68
0.000217 0.002710 0.032893 65 73 75
0.000509 0.000377 0.032826 64 76 72
0.000849 -0.001951 0.033043 65 78 69
0.001428 -0.004091 0.033159 66 76 67
-0.001408 0.006300 0.031718 64 74 75
0.001223 0.000247 0.032240 63 78 73
0.001219 -0.002327 0.032606 64 77 68
0.001606 -0.004603 0.032829 66 76 68
-0.001409 0.006304 0.031375 64 74 75
0.001224 0.000247 0.031898 62 77 72
0.001220 -0.002328 0.032265 64 77 68
0.001607 -0.004606 0.032488 66 76 68
0.004014 0.000091 0.029988 65 76 70
0.002464 -0.003649 0.031456 65 76 68
0.004143 0.000841 0.029457 64 77 70
0.002604 -0.002906 0.030903 66 75 70
-0.000665 0.006667 0.029465 63 75 75
0.005380 0.000481 0.028371 63 76 69
0.003518 -0.003516 0.030139 64 75 67
0.000192 0.006317 0.028859 61 75 75
0.006070 0.002682 0.027158 62 77 70
0.004046 -0.001512 0.029149 64 75 69
0.001484 0.006688 0.027683 60 76 76
0.005031 -0.001432 0.028229 64 75 67
0.004266 -0.004567 0.029151 67 74 66
-0.000243 0.007025 0.028106 60 74 74
0.006889 0.001637 0.026144 62 75 68
0.004699 -0.002661 0.028298 64 75 67
0.005975 -0.002375 0.027181 64 74 66
0.005104 -0.003981 0.027573 64 74 65
0.005982 -0.004333 0.026868 63 73 65
0.005876 -0.005143 0.025979 63 72 67
0.002336 0.007122 0.023308 59 68 67
0.005218 0.006804 0.021048 60 69 68
0.002232 0.007384 0.022959 59 67 69
0.005118 0.007071 0.020691 60 69 68
0.002218 0.007434 0.022329 59 67 69
0.004911 0.006927 0.020399 59 67 69
0.008840 -0.001259 0.021559 63 72 69
0.002325 0.007181 0.021961 59 67 69
0.005018 0.006670 0.020028 59 67 69
0.008937 -0.001526 0.021200 64 73 70
0.001655 0.008349 0.021837 58 68 69
0.003246 0.006907 0.021032 59 67 69
0.009558 0.006390 0.017178 63 72 69
0.002382 0.007577 0.021126 59 67 69
0.004958 0.006941 0.019420 59 67 69
0.010639 0.005798 0.016489 63 72 69
0.007782 -0.001995 0.020967 64 73 72
0.001828 0.008143 0.021106 58 68 69
0.003405 0.006684 0.020321 59 67 69
0.009708 0.006148 0.016453 63 72 71
0.011753 0.004891 0.015785 63 72 71
0.009555 0.000400 0.018621 64 73 72
0.003303 0.006949 0.019966 59 67 69
0.009613 0.006420 0.016084 62 71 70
0.011661 0.005163 0.015413 63 72 71
0.009469 0.000668 0.018249 64 73 72
0.003343 0.006641 0.019637 60 68 70
0.006565 0.006497 0.017405 61 69 71
0.009485 0.005967 0.015923 62 70 72
0.011607 0.004778 0.015134 63 71 73
0.009716 0.000535 0.017642 64 72 74
0.002622 0.007783 0.019512 60 68 70
0.004493 0.006556 0.018444 61 69 71
0.008523 0.006989 0.015744 62 70 72
0.010577 0.005744 0.015058 63 71 73
0.011081 0.003304 0.015604 63 71 73
0.007791 -0.001945 0.019202 65 73 75
0.002329 0.008250 0.019193 59 69 71
0.003625 0.006548 0.018660 62 70 72
0.007235 0.006674 0.016239 63 71 73
0.009563 0.005667 0.015257 62 70 72
0.010955 0.003922 0.015027 63 71 73
0.009011 -0.000336 0.017534 65 73 75
0.002035 0.008349 0.019055 59 69 70
0.003325 0.006649 0.018494 62 70 72
0.006282 0.006271 0.016556 64 72 74
0.009186 0.005733 0.015046 62 70 72
0.011079 0.004372 0.014408 63 71 73
0.009629 0.000477 0.016511 65 73 75
0.002341 0.008278 0.018408 59 69 71
0.003657 0.006580 0.017900 63 71 73
0.007132 0.006580 0.015654 64 72 74
0.009282 0.005439 0.014779 62 70 72
0.010453 0.003530 0.014702 63 71 73
0.009218 -0.000183 0.016601 65 73 75
0.002812 0.007629 0.017859 61 69 71
0.004401 0.006147 0.017128 63 71 73
0.008107 0.006295 0.014779 62 70 72
0.009977 0.004925 0.014135 62 70 72
0.010265 0.002340 0.014792 64 72 74
0.008822 -0.001506 0.016856 65 73 75
0.002290 0.008247 0.017713 59 69 71
0.003584 0.006522 0.017249 62 70 72
0.006909 0.006397 0.015141 63 71 73
0.008909 0.005140 0.014381 62 70 72
0.009975 0.003156 0.014363 63 71 73
0.008995 -0.000353 0.016012 65 73 75
0.002292 0.008252 0.017346 59 69 71
0.003587 0.006527 0.016881 63 71 73
0.006915 0.006402 0.014767 64 72 74
0.008916 0.005143 0.014005 62 70 72
0.009983 0.003159 0.013987 63 71 73
0.009001 -0.000353 0.015640 65 73 75
0.002149 0.007782 0.017222 59 69 71
0.003313 0.005959 0.016842 63 71 73
0.006537 0.005757 0.014790 63 71 73
0.008542 0.004504 0.014027 62 70 72
0.009731 0.002617 0.013917 63 71 73
0.008774 -0.000862 0.015527 65 73 75
0.002635 0.007142 0.016670 61 69 71
0.004629 0.005988 0.015560 62 70 72
0.007613 0.005535 0.013903 62 70 72
0.009510 0.004193 0.013197 63 71 73
0.009269 0.001211 0.014293 64 72 74
0.002161 0.007444 0.016599 60 68 70
0.003502 0.005766 0.016047 61 69 71
0.006899 0.005683 0.013891 62 70 72
0.008839 0.004371 0.013192 62 71 70
0.009378 0.001975 0.013665 63 73 74
0.008132 -0.001699 0.015455 65 75 76
0.002270 0.007188 0.016222 60 69 68
0.003607 0.005507 0.015672 61 69 71
0.007007 0.005420 0.013511 62 70 72
0.008946 0.004105 0.012813 62 71 70
0.009481 0.001706 0.013291 63 73 74
0.008226 -0.001970 0.015092 65 75 76
0.001531 0.008329 0.016091 58 68 69
0.002388 0.006236 0.016044 59 67 69
0.005068 0.005634 0.014311 60 68 70
0.007700 0.004891 0.012958 62 71 70
0.009362 0.003353 0.012502 63 71 73
0.008819 0.000147 0.013874 66 74 76
0.002258 0.006830 0.015616 59 67 69
0.004107 0.005561 0.014606 59 67 69
0.007291 0.005280 0.012689 62 70 72
0.009121 0.003872 0.012092 63 72 71
0.009113 0.001053 0.013058 65 73 75
0.007940 -0.002551 0.014781 66 74 76
0.002153 0.006748 0.015336 59 67 69
0.003816 0.005320 0.014531 59 67 69
0.007163 0.005175 0.012443 61 70 69
0.008955 0.003742 0.011853 63 72 71
0.008925 0.000903 0.012860 65 74 73
0.008075 -0.002467 0.014354 67 76 75
0.001585 0.008039 0.015015 58 68 69
0.002309 0.005831 0.015102 59 67 69
0.004885 0.005134 0.013491 59 67 69
0.007768 0.004592 0.011874 62 71 70
0.009323 0.002970 0.011493 63 72 71
0.008770 -0.000249 0.012911 66 75 74
0.001322 0.008547 0.014616 59 67 69
0.002147 0.006419 0.014606 59 67 69
0.003499 0.004725 0.014142 59 67 69
0.006833 0.004572 0.012041 62 71 70
0.008575 0.003122 0.011391 63 72 69
0.008526 0.000283 0.012383 65 74 71
0.001463 0.008317 0.014207 58 68 69
0.002012 0.005958 0.014469 59 67 69
0.004308 0.005022 0.013170 59 68 67
0.007284 0.004568 0.011408 62 71 68
0.008773 0.002914 0.010993 63 72 69
0.008262 -0.000271 0.012363 65 74 71
0.001129 0.009140 0.013688 61 70 69
0.002038 0.007067 0.013630 59 67 69
0.002559 0.004681 0.013990 59 67 69
0.005553 0.004269 0.012175 61 70 67
0.007570 0.003066 0.011169 62 71 66
0.008034 0.000639 0.011625 65 74 69
0.001933 0.007335 0.013267 60 68 70
0.002459 0.004948 0.013623 60 68 70
0.005456 0.004540 0.011802 61 70 67
0.007478 0.003338 0.010790 62 71 66
0.007947 0.000911 0.011242 65 74 69
0.001298 0.008955 0.012796 59 67 69
0.002097 0.006770 0.012937 60 68 70
0.003089 0.004750 0.012932 61 69 71
0.005720 0.004036 0.011456 62 71 68
0.007390 0.002569 0.010703 63 72 67
0.007543 -0.000078 0.011368 65 75 67
0.001004 0.009423 0.012510 60 69 68
0.001978 0.007388 0.012446 60 68 70
0.002582 0.005046 0.012797 61 69 71
0.005121 0.004261 0.011415 62 71 68
0.007019 0.002970 0.010480 62 71 66
0.007596 0.000646 0.010748 64 74 66
0.001052 0.009105 0.012233 59 68 67
0.002247 0.007244 0.012001 61 69 71
0.003079 0.005072 0.012206 62 70 72
0.005338 0.004047 0.011126 61 72 68
0.006937 0.002521 0.010447 61 72 64
0.007599 0.000285 0.010543 65 75 66
0.001596 0.008495 0.011665 59 69 70
0.002529 0.006398 0.011774 62 70 72
0.004017 0.004757 0.011382 64 73 72
0.006197 0.003672 0.010299 61 72 66
0.007513 0.001935 0.009797 62 73 65
0.007538 -0.000790 0.010494 66 76 67
0.001403 0.008699 0.011352 60 68 70
0.002662 0.006863 0.011179 62 70 72
0.003818 0.004934 0.011159 65 74 73
0.005891 0.003747 0.010257 61 72 66
0.007095 0.001921 0.009867 63 74 66
0.007570 -0.000444 0.010072 65 77 67
0.001714 0.008246 0.010910 55 65 66
0.002878 0.006322 0.010872 64 72 74
0.004369 0.004663 0.010547 63 72 71
0.006228 0.003313 0.009775 60 73 66
0.007375 0.001450 0.009391 62 75 66
0.007569 -0.001128 0.009859 65 78 68
0.000829 0.008988 0.010713 67 73 73
0.001987 0.007094 0.010508 59 65 65
0.002809 0.004882 0.010859 69 77 79
0.005176 0.003887 0.009919 61 74 67
0.006434 0.002071 0.009640 59 75 64
0.007252 -0.000027 0.009506 62 78 67
0.000829 0.008994 0.010337 70 76 76
0.001989 0.007099 0.010131 58 64 64
0.002811 0.004885 0.010482 71 79 81
0.005180 0.003890 0.009540 61 74 67
0.006439 0.002073 0.009259 59 77 65
0.007257 -0.000027 0.009126 62 80 68
-0.000427 0.009764 0.010460 76 80 79
0.000821 0.007997 0.009929 59 65 65
0.001466 0.005660 0.010335 67 71 74
0.003418 0.004325 0.009840 65 74 73
0.005352 0.002957 0.009399 59 75 65
0.006545 0.001115 0.009064 62 78 67
0.006991 -0.001261 0.009271 66 80 67
-0.000747 0.009845 0.010342 73 77 76
0.000727 0.008280 0.009538 63 69 69
0.001530 0.006086 0.009710 64 68 71
0.002852 0.004258 0.009717 68 73 76
0.005161 0.003174 0.009001 61 74 65
0.006373 0.001318 0.008783 62 78 67
0.007126 -0.000827 0.008705 65 79 66
-0.000711 0.009207 0.009949 72 76 75
0.000479 0.007400 0.009453 59 63 64
0.001597 0.005452 0.009422 71 72 76
0.003516 0.004082 0.008975 59 65 65
0.005235 0.002504 0.008897 62 75 66
0.006366 0.000603 0.008677 64 77 67
0.006816 -0.001766 0.008873 65 77 65
-0.001271 0.009795 0.009879 64 68 67
0.000155 0.008195 0.009101 68 72 73
0.001334 0.006312 0.008915 67 68 70
0.002828 0.004617 0.008769 69 70 72
0.004889 0.003304 0.008414 63 73 65
0.005992 0.001339 0.008401 64 76 66
0.006763 -0.000794 0.008304 65 75 64
-0.001485 0.009266 0.009788 66 68 67
0.000094 0.007805 0.008833 69 70 72
0.001939 0.006458 0.008073 70 70 72
0.003537 0.004830 0.007870 64 64 66
0.005032 0.003050 0.008087 64 74 65
0.005916 0.000908 0.008302 65 75 64
0.006566 -0.001314 0.008311 66 74 63
-0.002525 0.009777 0.010179 58 60 57
-0.000593 0.008634 0.008810 68 70 69
0.000924 0.007077 0.008089 68 69 71
0.002616 0.005555 0.007676 69 68 73
0.004397 0.004035 0.007469 59 61 58
0.005379 0.001875 0.008030 67 73 63
0.006342 -0.000132 0.007840 67 73 63
0.006607 -0.002634 0.008185 68 71 60
-0.002845 0.009509 0.010118 59 61 58
-0.000766 0.008498 0.008583 68 68 68
0.001246 0.007349 0.007398 69 69 71
0.003208 0.006018 0.006829 71 69 72
0.004551 0.004137 0.007045 60 60 58
0.005200 0.001715 0.007906 67 68 60
0.006104 -0.000335 0.007757 67 68 60
0.006440 -0.002778 0.008023 68 70 59
-0.001324 0.009084 0.008525 62 62 60
0.000510 0.007817 0.007378 69 67 68
0.002765 0.006750 0.006439 71 69 72
0.004092 0.004866 0.006604 63 59 58
0.005004 0.002623 0.007330 65 62 55
0.005888 0.000523 0.007332 68 65 56
0.006245 -0.001919 0.007595 66 66 56
-0.001475 0.008953 0.008339 61 60 58
0.000679 0.007949 0.006901 71 67 68
0.002811 0.006781 0.006059 73 69 70
0.003900 0.004699 0.006473 66 60 60
0.004739 0.002403 0.007246 65 56 51
0.005606 0.000289 0.007276 68 59 52
0.006056 -0.002078 0.007440 71 64 54
-0.002587 0.009409 0.008782 64 65 60
-0.000476 0.008404 0.007266 64 63 61
0.002036 0.007624 0.005764 74 68 70
0.003496 0.005864 0.005709 71 65 67
0.004520 0.003704 0.006315 66 55 51
0.005028 0.001208 0.007121 67 54 48
0.005826 -0.000908 0.006994 67 57 48
-0.002740 0.009269 0.008631 65 64 60
-0.000557 0.008316 0.007084 64 60 59
0.001988 0.007572 0.005503 75 66 67
0.003215 0.005639 0.005588 73 64 65
0.004017 0.003293 0.006451 65 50 47
0.004672 0.000919 0.007114 67 48 42
0.005503 -0.001166 0.006948 71 54 47
-0.001595 0.008851 0.007413 56 52 49
0.000663 0.007925 0.005892 66 60 60
0.002549 0.006570 0.005186 72 61 65
0.003477 0.004355 0.005756 77 63 62
0.004311 0.002054 0.006544 73 52 47
0.005237 -0.000015 0.006523 78 57 52
0.005892 -0.002222 0.006485 84 64 57
-0.002185 0.008684 0.007644 54 51 46
-0.000076 0.007649 0.006217 60 52 50
0.002144 0.006607 0.005041 67 57 58
0.003182 0.004511 0.005366 79 63 64
0.003845 0.002051 0.006418 80 56 52
0.004700 -0.000102 0.006615 86 61 56
0.005527 -0.002173 0.006399 94 69 64
-0.001254 0.008433 0.006548 52 47 44
0.001172 0.007618 0.004958 59 49 50
0.002570 0.005851 0.004751 71 56 59
0.003334 0.003481 0.005604 87 67 66
0.004069 0.001134 0.006353 94 65 61
0.004984 -0.000900 0.006157 100 71 67
0.005999 -0.002820 0.005748 108 80 76
-0.001445 0.008267 0.006402 49 41 38
0.000806 0.007304 0.005000 54 42 42
0.002258 0.005586 0.004730 69 53 54
0.002997 0.003202 0.005587 93 69 69
0.003722 0.000858 0.006310 104 69 65
0.004609 -0.001189 0.006111 111 76 72
0.005832 -0.002940 0.005467 120 87 82
-0.002462 0.008814 0.006736 48 45 38
-0.000451 0.007695 0.005396 48 37 35
0.001650 0.006552 0.004340 56 40 40
0.002804 0.004551 0.004533 84 64 63
0.003390 0.002028 0.005651 109 74 72
0.004205 -0.000150 0.005846 117 77 75
0.005178 -0.002105 0.005463 128 88 86
-0.002994 0.008704 0.006874 62 58 49
-0.001038 0.007558 0.005519 63 50 44
0.001073 0.006440 0.004390 68 50 48
0.002481 0.004672 0.004230 90 69 66
0.002996 0.002112 0.005310 117 82 78
0.003725 -0.000176 0.005798 128 84 83
0.004674 -0.002160 0.005499 135 94 90
-0.002116 0.008416 0.005798 80 71 64
-0.000177 0.007211 0.004610 78 60 56
0.001518 0.005706 0.004053 86 65 62
0.002515 0.003565 0.004487 119 91 88
0.003251 0.001205 0.005284 137 91 91
0.004032 -0.000963 0.005356 142 97 94
0.005231 -0.002736 0.004741 148 103 100
-0.002617 0.008336 0.005893 91 83 72
-0.000741 0.007104 0.004669 95 76 69
0.001060 0.005695 0.003985 95 71 67
0.002291 0.003762 0.004101 127 98 94
0.002947 0.001344 0.004936 148 100 98
0.003651 -0.000923 0.005269 154 103 102
0.004736 -0.002803 0.004860 159 108 105
-0.001836 0.007960 0.004917 111 98 89
0.000159 0.006769 0.003803 101 81 74
0.001690 0.005102 0.003513 121 93 89
0.002416 0.002735 0.004249 153 113 111
0.003193 0.000454 0.004806 167 108 110
0.004037 -0.001649 0.004755 170 112 111
-0.002316 0.007901 0.004984 128 116 102
-0.000442 0.006639 0.003864 117 95 84
0.001175 0.005046 0.003497 128 99 91
0.002071 0.002823 0.004038 163 122 118
0.002964 0.000623 0.004527 178 118 117
0.003668 -0.001620 0.004758 180 119 118
0.004882 -0.003404 0.004242 180 120 119
-0.001510 0.007537 0.004010 151 133 121
0.000415 0.006249 0.003115 131 107 97
0.001845 0.004471 0.003047 150 120 112
0.002453 0.002011 0.003903 175 121 119
0.003189 -0.000269 0.004346 183 117 118
0.004180 -0.002252 0.004139 184 118 119
-0.001649 0.007421 0.003788 169 151 137
0.000220 0.006087 0.002944 148 121 110
0.001655 0.004314 0.002869 159 126 117
0.002282 0.001871 0.003702 178 123 120
0.003028 -0.000398 0.004123 187 117 117
0.003987 -0.002422 0.004029 186 118 117
0.005712 -0.003817 0.003008 182 118 116
-0.002503 0.008118 0.003929 177 166 148
-0.000714 0.006777 0.002904 178 155 141
0.000923 0.005197 0.002511 160 130 119
0.001762 0.002922 0.003113 175 130 124
0.002724 0.000778 0.003509 188 118 118
0.003407 -0.001498 0.003815 190 118 119
0.004614 -0.003307 0.003383 187 117 117
-0.002533 0.008098 0.003584 193 182 162
-0.000867 0.006648 0.002702 199 173 158
0.000802 0.005095 0.002269 173 141 128
0.001636 0.002828 0.002822 179 130 123
0.002591 0.000700 0.003116 193 119 118
0.003291 -0.001562 0.003402 192 118 117
0.004487 -0.003404 0.003097 189 115 114
-0.001737 0.007360 0.002739 230 212 190
0.000056 0.005956 0.001983 197 168 150
0.001556 0.004241 0.001802 190 153 137
0.002143 0.001776 0.002604 188 125 118
0.002916 -0.000456 0.002908 197 117 118
0.003844 -0.002525 0.002926 195 117 117
0.005671 -0.003872 0.001927 185 114 112
-0.003126 0.008659 0.003219 173 163 136
-0.001674 0.007058 0.002408 238 216 193
0.000056 0.005596 0.001734 195 164 144
0.001623 0.003937 0.001476 186 143 127
0.002154 0.001437 0.002292 191 122 115
0.002959 -0.000756 0.002505 199 118 117
0.003871 -0.002839 0.002554 196 118 116
-0.002177 0.007708 0.002248 210 193 167
-0.000483 0.006245 0.001472 210 179 158
0.001204 0.004688 0.001072 186 148 129
0.001785 0.002216 0.001864 175 115 104
0.002690 0.000079 0.002055 202 118 118
0.003520 -0.002075 0.002184 199 118 117
0.005080 -0.003639 0.001500 196 116 117
-0.003092 0.008699 0.002432 161 150 120
-0.001679 0.007061 0.001659 236 212 184
0.000013 0.005560 0.001038 199 165 140
0.001621 0.003931 0.000742 181 134 114
0.002113 0.001400 0.001578 188 117 111
0.002936 -0.000781 0.001768 203 117 116
0.003828 -0.002883 0.001836 200 119 118
-0.001789 0.007332 0.001281 225 201 173
-0.000093 0.005832 0.000656 205 171 146
0.001519 0.004203 0.000356 182 135 115
0.002015 0.001672 0.001190 180 112 103
0.002843 -0.000509 0.001375 206 118 117
0.003740 -0.002611 0.001440 203 119 119
-0.002429 0.008212 0.001235 170 155 122
-0.000938 0.006592 0.000569 225 193 168
0.000691 0.004981 0.000243 188 148 123
0.001574 0.002758 0.000681 154 97 80
0.002463 0.000595 0.000911 202 119 115
0.003207 -0.001630 0.001104 206 118 117
0.004341 -0.003530 0.000861 205 119 118
-0.002430 0.008217 0.000847 163 149 114
-0.000939 0.006597 0.000179 228 194 169
0.000692 0.004985 -0.000149 196 154 129
0.001576 0.002760 0.000290 162 103 87
0.002465 0.000596 0.000520 203 118 115
0.003210 -0.001631 0.000714 208 118 118
0.004344 -0.003533 0.000471 207 119 118
-0.001633 0.007450 0.000104 217 192 161
0.000007 0.005874 -0.000366 216 179 150
0.001507 0.004147 -0.000552 198 151 125
0.001966 0.001614 0.000161 185 112 103
0.002820 -0.000530 0.000220 207 116 115
0.003679 -0.002655 0.000270 208 118 118
-0.001524 0.007189 -0.000297 228 201 171
0.000114 0.005610 -0.000767 218 181 152
0.001613 0.003880 -0.000951 197 147 122
0.002068 0.001344 -0.000232 195 118 108
0.002918 -0.000803 -0.000169 208 117 116
0.003773 -0.002932 -0.000113 208 118 118
-0.001890 0.007941 -0.000505 174 154 117
-0.000375 0.006283 -0.000976 231 198 163
0.001078 0.004517 -0.001123 217 172 143
0.001579 0.002016 -0.000472 181 118 100
0.002596 0.000004 -0.000613 207 116 113
0.003397 -0.002169 -0.000526 211 117 118
-0.001539 0.007521 -0.001041 205 181 147
-0.000016 0.005842 -0.001398 229 195 160
0.001385 0.004037 -0.001524 220 175 142
0.001869 0.001536 -0.000913 193 124 108
0.002798 -0.000539 -0.000993 207 117 116
0.003675 -0.002652 -0.000978 209 118 117
-0.001831 0.007989 -0.001279 158 138 101
-0.000461 0.006213 -0.001638 236 206 168
0.000950 0.004418 -0.001786 225 187 150
0.001428 0.001903 -0.001138 189 133 108
0.002545 -0.000024 -0.001417 207 122 115
0.003387 -0.002165 -0.001385 207 117 116
-0.001394 0.007280 -0.001803 190 168 131
-0.000027 0.005478 -0.002052 238 209 169
0.001342 0.003653 -0.002182 211 176 134
0.001839 0.001170 -0.001613 201 139 118
0.002861 -0.000826 -0.001819 205 125 118
0.003769 -0.002914 -0.001843 201 116 113
-0.001409 0.007267 -0.002155 166 146 109
-0.000166 0.005369 -0.002315 240 218 171
0.001247 0.003586 -0.002517 214 183 137
0.001722 0.001088 -0.001944 204 150 124
0.002826 -0.000842 -0.002241 203 129 120
0.003771 -0.002907 -0.002283 197 118 111
-0.000592 0.006118 -0.002690 244 225 182
0.000868 0.004365 -0.002914 231 209 159
0.001301 0.001814 -0.002243 199 161 122
0.002493 -0.000056 -0.002605 206 143 126
0.003386 -0.002164 -0.002613 193 119 110
-0.000562 0.005771 -0.002929 249 232 186
0.000947 0.004064 -0.003234 225 208 152
0.001316 0.001482 -0.002589 206 168 129
0.002541 -0.000359 -0.002996 204 145 127
0.003480 -0.002434 -0.003032 189 119 109
-0.000858 0.006268 -0.003323 224 210 165
0.000483 0.004418 -0.003445 236 223 168
0.001142 0.002058 -0.003058 197 170 123
0.002268 0.000124 -0.003312 206 154 132
0.003219 -0.001937 -0.003406 191 125 113
-0.000555 0.005739 -0.003503 243 231 181
0.000888 0.003998 -0.003859 220 210 151
0.001244 0.001429 -0.003323 200 168 127
0.002503 -0.000385 -0.003785 205 148 131
0.003510 -0.002411 -0.003887 191 123 110
-0.000842 0.006245 -0.003911 224 212 164
0.000439 0.004356 -0.004041 231 220 164
0.001071 0.002003 -0.003779 192 168 120
0.002208 0.000081 -0.004076 208 156 134
0.003236 -0.001921 -0.004256 195 127 116
-0.000328 0.005168 -0.004088 241 229 179
0.000999 0.003370 -0.004521 206 195 139
0.001494 0.000918 -0.004142 209 168 136
0.002810 -0.000841 -0.004714 205 143 130
0.003898 -0.002812 -0.004875 196 119 111
-0.000328 0.005171 -0.004485 239 227 179
0.001000 0.003372 -0.004919 206 195 141
0.001495 0.000919 -0.004539 209 168 138
0.002812 -0.000842 -0.005113 206 144 131
0.003901 -0.002814 -0.005274 198 121 113
-0.000739 0.005915 -0.004769 242 230 182
0.000555 0.004068 -0.005090 221 209 157
0.000969 0.001548 -0.004659 193 166 123
0.002343 -0.000170 -0.005290 209 154 134
0.003576 -0.002017 -0.005682 198 128 118
-0.000476 0.005401 -0.005156 240 228 180
0.000795 0.003554 -0.005550 213 201 151
0.001299 0.001103 -0.005176 200 165 133
0.002752 -0.000547 -0.005928 206 147 131
0.003908 -0.002467 -0.006186 196 123 116
-0.000622 0.005636 -0.005462 241 229 181
0.000584 0.003721 -0.005727 218 206 158
0.000924 0.001144 -0.005233 196 164 126
0.002364 -0.000517 -0.005962 208 151 132
0.003767 -0.002230 -0.006549 197 127 117
-0.000109 0.004596 -0.005849 233 221 173
0.000824 0.002498 -0.006007 196 177 134
0.001564 0.000242 -0.005878 208 162 138
0.003237 -0.001227 -0.006906 201 137 125
0.004488 -0.003088 -0.007209 195 120 114
-0.000001 0.004312 -0.006176 228 215 170
0.000528 0.001902 -0.005985 191 169 128
0.001583 -0.000079 -0.006274 206 158 136
0.003706 -0.001176 -0.007869 200 134 122
0.005114 -0.002965 -0.008136 198 119 114
-0.000253 0.004829 -0.006529 230 217 172
0.000597 0.002677 -0.006691 203 186 143
0.001173 0.000290 -0.006411 204 162 137
0.003393 -0.000717 -0.008167 200 138 125
0.004690 -0.002568 -0.008440 195 120 114
0.006162 -0.004378 -0.008448 203 113 112
0.000090 0.003651 -0.006750 218 205 161
0.000203 0.000895 -0.006056 188 159 125
0.002092 -0.000396 -0.007335 201 148 130
0.004610 -0.001186 -0.009390 195 127 116
0.005984 -0.003066 -0.009367 199 116 112
0.000090 0.003653 -0.007152 217 204 162
0.000204 0.000895 -0.006455 185 159 126
0.002093 -0.000396 -0.007738 200 147 129
0.004614 -0.001186 -0.009797 193 125 114
0.005988 -0.003068 -0.009775 199 116 112
0.000246 0.001883 -0.006650 194 176 140
0.000634 -0.000637 -0.006249 199 155 130
0.003980 -0.000752 -0.009247 193 131 118
0.005616 -0.002323 -0.010024 193 118 112
0.006771 -0.004304 -0.010099 203 113 112
-0.000076 0.003409 -0.007210 214 202 160
-0.000110 0.000531 -0.006372 184 157 127
0.002017 -0.000580 -0.007877 196 143 125
0.004984 -0.001019 -0.010457 192 124 113
0.006430 -0.002801 -0.010762 199 116 112
0.001522 -0.000882 -0.006528 197 146 125
0.004830 -0.000992 -0.009788 189 123 111
0.006460 -0.002492 -0.011010 196 117 112
0.000892 -0.000324 -0.006568 197 157 132
0.004104 -0.000536 -0.009554 189 130 116
0.005896 -0.001884 -0.011077 193 118 112
0.006993 -0.003829 -0.011548 205 115 114
0.005187 -0.000466 -0.010545 185 121 109
0.006782 -0.001939 -0.012087 197 118 113
0.007186 -0.004406 -0.011868 207 116 115
0.004585 -0.000643 -0.010106 183 124 110
0.006468 -0.001855 -0.012146 193 118 112
0.007449 -0.003871 -0.012626 207 117 116
0.006767 -0.000298 -0.012792 186 118 107
0.007715 -0.002300 -0.013565 204 121 117
0.006897 -0.000519 -0.013453 187 117 109
0.007845 -0.002553 -0.014049 205 120 117
0.007571 0.000275 -0.014230 188 118 110
0.008109 -0.002018 -0.014774 205 122 118
0.007854 -0.005014 -0.013747 210 114 115
0.007715 -0.000951 -0.014926 197 120 114
0.008308 -0.003290 -0.014979 208 118 117
0.008242 -0.000575 -0.015770 198 121 115
0.008682 -0.003034 -0.015692 209 119 118
0.008448 0.000231 -0.016252 191 121 113
0.008708 -0.002308 -0.016364 207 122 119
0.008398 -0.000821 -0.016680 201 122 117
0.008580 -0.003510 -0.016148 208 117 116
0.008405 -0.000822 -0.017102 201 122 117
0.008587 -0.003513 -0.016569 208 117 116
0.009225 -0.002047 -0.017582 205 120 117
0.008113 -0.005686 -0.015698 208 112 114
0.008603 -0.000762 -0.017713 201 122 117
0.008679 -0.003542 -0.017068 206 115 114
0.008770 -0.001106 -0.017617 202 123 118
0.008649 -0.004040 -0.016750 205 114 113
0.008101 -0.007244 -0.015412 212 116 118
0.009038 -0.002681 -0.017921 204 116 114
0.007943 -0.006319 -0.015985 209 113 115
0.008866 -0.001108 -0.018195 201 122 117
0.008488 -0.004256 -0.016976 204 113 112
0.008048 -0.007418 -0.015576 214 118 120
0.007430 -0.010693 -0.013795 205 120 123
0.009070 -0.001267 -0.019022 203 120 116
0.007964 -0.005017 -0.016697 206 112 112
0.007921 -0.007875 -0.015722 214 118 122
0.007187 -0.011253 -0.013688 205 123 125
0.008758 -0.000871 -0.018846 199 120 115
0.008382 -0.004015 -0.017689 201 110 109
0.007985 -0.007174 -0.016225 216 120 122
0.007551 -0.010331 -0.014604 205 119 122
0.007828 -0.005887 -0.016925 207 111 113
0.007930 -0.008636 -0.016079 212 117 121
0.007163 -0.012075 -0.013760 203 124 127
0.007990 -0.006498 -0.017208 212 116 118
0.007993 -0.009328 -0.016178 206 115 120
0.007029 -0.012914 -0.013558 199 125 126
0.007916 -0.005856 -0.017757 212 116 118
0.008135 -0.008519 -0.017061 212 116 120
0.007321 -0.012013 -0.014603 203 123 126
0.008120 -0.004359 -0.018424 210 115 119
0.008144 -0.007159 -0.017704 215 115 123
0.008061 -0.010055 -0.016536 209 116 124
0.006916 -0.013709 -0.014009 199 128 126
0.007897 -0.005247 -0.018397 217 117 125
0.008258 -0.007785 -0.018045 214 114 122
0.007856 -0.010950 -0.016284 208 117 124
0.007816 -0.005102 -0.017992 216 119 126
0.008033 -0.007727 -0.017660 213 113 121
0.008370 -0.010263 -0.017256 208 115 123
0.007138 -0.013973 -0.014662 202 128 127
0.007716 -0.006928 -0.017968 214 114 122
0.008375 -0.009208 -0.018094 211 116 124
0.007332 -0.012851 -0.015445 207 125 127
0.008303 -0.014869 -0.015778 180 120 112
0.007657 -0.007791 -0.017496 206 106 114
0.008375 -0.010005 -0.017804 209 116 124
0.007173 -0.013677 -0.015389 205 127 127
0.007663 -0.007797 -0.017917 203 103 111
0.008381 -0.010012 -0.018226 208 115 123
0.007179 -0.013687 -0.015804 206 126 127
0.008197 -0.009544 -0.018157 210 115 123
0.007528 -0.012814 -0.016531 206 121 124
0.008309 -0.014995 -0.016549 185 120 114
0.007599 -0.008296 -0.018098 195 95 103
0.008445 -0.010406 -0.018632 209 116 124
0.007364 -0.013965 -0.016500 201 125 125
0.008799 -0.015669 -0.017282 170 116 106
0.007674 -0.008623 -0.018374 200 100 110
0.008352 -0.010861 -0.018685 209 116 124
0.007529 -0.014246 -0.016745 197 123 122
0.007618 -0.008330 -0.018785 199 99 107
0.008425 -0.010480 -0.019246 208 115 123
0.007470 -0.013962 -0.017189 199 125 124
0.008758 -0.015761 -0.017889 174 117 108
0.008107 -0.009358 -0.019521 207 110 119
0.008233 -0.012066 -0.018772 204 119 122
0.007990 -0.015021 -0.017495 190 122 119
0.008290 -0.009927 -0.019995 208 113 121
0.007796 -0.013110 -0.018349 202 122 123
0.008325 -0.015468 -0.018151 185 122 115
0.007822 -0.013152 -0.018516 201 121 122
0.008258 -0.015558 -0.018336 187 122 116
0.007904 -0.014824 -0.018520 196 122 121
0.007672 -0.012973 -0.019099 202 117 120
0.008040 -0.015409 -0.018986 193 124 119
0.007678 -0.012983 -0.019521 201 116 119
0.007628 -0.015065 -0.019464 197 123 122
0.007322 -0.013959 -0.019744 197 115 117
-0.000281 -0.005666 0.039347 58 63 66
0.000325 -0.002797 0.038369 60 63 68
-0.000318 -0.005405 0.039009 58 63 66
0.001050 -0.001240 0.037296 61 65 68
-0.000038 -0.004124 0.038353 59 64 67
0.002401 0.003656 0.035242 55 64 61
0.001652 0.000846 0.036262 59 65 65
0.000791 -0.001962 0.037228 62 66 69
-0.000263 -0.004807 0.038207 58 63 66
0.002066 0.002872 0.035251 57 63 63
0.001479 0.000165 0.036122 59 65 65
0.000675 -0.002595 0.037002 59 64 67
-0.000211 -0.005338 0.037832 58 63 66
0.001899 0.002179 0.035158 57 63 63
0.001302 -0.000518 0.035999 60 65 68
0.000387 -0.003326 0.036945 58 63 66
0.001966 0.003420 0.034525 54 63 60
0.001635 0.000846 0.035211 59 65 65
0.000992 -0.001844 0.035996 60 64 67
0.000022 -0.004650 0.036922 58 63 66
0.001967 0.003422 0.034185 54 63 60
0.001637 0.000846 0.034873 59 65 65
0.000992 -0.001845 0.035660 60 64 67
0.000022 -0.004653 0.036588 58 63 66
0.001878 0.002475 0.034069 56 62 60
0.001565 -0.000076 0.034708 60 66 66
0.000958 -0.002731 0.035433 59 64 67
0.000230 -0.005402 0.036185 58 64 64
0.001876 0.003075 0.033618 54 63 60
0.001713 0.000596 0.034165 59 65 65
0.001089 -0.002085 0.034938 60 64 67
0.000326 -0.004785 0.035720 58 64 64
0.001783 0.002721 0.033421 56 62 60
0.001544 0.000206 0.034006 60 66 66
0.000995 -0.002426 0.034699 59 65 65
0.000490 -0.004990 0.035304 58 64 64
0.001674 0.003561 0.033007 54 63 60
0.001763 0.001217 0.033352 58 64 64
0.001240 -0.001425 0.034084 60 64 65
0.000774 -0.003986 0.034674 58 64 64
0.001758 0.003026 0.032612 54 63 60
0.001728 0.000615 0.033072 58 64 62
0.001130 -0.002059 0.033845 60 64 65
0.000778 -0.004554 0.034360 57 63 63
0.001706 0.003296 0.032275 55 64 61
0.001681 0.000883 0.032732 58 64 62
0.001087 -0.001792 0.033502 60 64 65
0.000740 -0.004289 0.034015 57 63 63
0.001610 0.004185 0.031638 54 63 60
0.001880 0.001936 0.031828 56 62 60
0.001314 -0.000759 0.032699 59 65 65
0.000731 -0.003395 0.033394 58 64 64
0.000991 -0.005601 0.033672 55 64 61
0.001346 0.005537 0.031302 54 63 60
0.001775 0.003380 0.031302 53 62 59
0.001692 0.000927 0.031838 58 64 62
0.000884 -0.001865 0.032767 60 64 65
0.000670 -0.004303 0.033240 57 63 61
0.001454 0.005043 0.030719 53 62 59
0.001913 0.002918 0.030630 55 61 59
0.001435 0.000259 0.031432 59 65 63
0.000476 -0.002598 0.032459 58 64 64
0.003409 -0.010656 0.033332 53 69 59
0.001455 0.005047 0.030374 53 62 59
0.001914 0.002920 0.030284 55 61 59
0.001436 0.000259 0.031089 59 65 63
0.000477 -0.002600 0.032118 59 63 64
0.003411 -0.010663 0.032992 52 68 58
0.001242 0.005253 0.030022 53 62 59
0.001751 0.003158 0.029873 55 61 59
0.001728 0.000775 0.030169 58 64 62
0.000686 -0.002156 0.031366 58 62 61
0.001119 0.005784 0.029714 53 62 59
0.001617 0.003679 0.029570 53 62 59
0.001827 0.001421 0.029673 57 63 61
0.000819 -0.001495 0.030809 60 62 61
0.000886 0.006889 0.029245 53 62 59
0.001239 0.004664 0.029372 53 62 59
0.001598 0.002456 0.029492 55 61 59
0.001693 0.000136 0.029726 58 64 62
0.001372 -0.002427 0.030487 58 62 61
0.000923 0.006000 0.029028 53 62 59
0.001358 0.003823 0.029104 53 62 59
0.001649 0.001592 0.029226 56 62 60
0.001394 -0.000929 0.029819 61 63 62
0.001304 -0.003356 0.030387 57 63 61
0.000669 0.007708 0.028456 53 62 59
0.000983 0.005417 0.028807 53 62 59
0.001379 0.003192 0.029063 55 61 59
0.001872 0.001051 0.029152 57 63 61
0.002245 -0.001148 0.029350 58 62 61
0.002306 -0.003492 0.029755 57 63 61
0.002729 -0.005625 0.029858 54 65 59
0.000789 0.006868 0.028158 53 62 59
0.001158 0.004601 0.028523 53 62 59
0.001532 0.002371 0.028774 55 61 59
0.002095 0.000279 0.028767 58 64 62
0.002316 -0.002005 0.029118 58 62 61
0.002452 -0.004299 0.029436 55 64 61
0.000963 0.006363 0.027773 52 61 58
0.001282 0.004033 0.028369 52 61 58
0.001921 0.001953 0.028405 55 61 59
0.002837 0.000041 0.028176 57 63 61
0.003123 -0.002221 0.028514 57 63 61
0.003433 -0.004427 0.028683 54 63 58
0.003718 -0.006653 0.028983 54 65 59
0.000530 0.007660 0.027419 52 61 58
0.001213 0.005550 0.027629 52 61 58
0.001488 0.003229 0.028094 54 60 58
0.002271 0.001234 0.027997 56 62 60
0.003050 -0.000762 0.027916 57 63 61
0.003076 -0.003141 0.028369 55 64 59
0.003601 -0.005238 0.028410 53 64 58
0.003637 -0.007601 0.028981 51 64 55
0.000910 0.006985 0.026834 54 60 58
0.001874 0.005026 0.026865 54 60 58
0.002311 0.002818 0.027071 54 60 58
0.003275 0.000926 0.026775 54 63 58
0.003446 -0.001404 0.027178 56 62 58
0.003065 -0.003986 0.027909 54 63 58
0.004003 -0.005900 0.027808 52 63 57
0.004460 -0.008112 0.028388 53 64 58
0.000215 0.007811 0.026820 53 59 57
0.001631 0.006153 0.026271 54 60 58
0.001721 0.003695 0.027007 54 60 58
0.002808 0.001882 0.026555 55 61 59
0.003632 -0.000092 0.026400 55 61 57
0.002933 -0.002872 0.027447 54 63 58
0.003642 -0.004884 0.027382 54 63 58
0.004394 -0.006931 0.027624 51 62 56
0.001142 0.007149 0.025841 53 59 57
0.002466 0.005425 0.025386 54 60 58
0.002880 0.003206 0.025556 53 59 57
0.003798 0.001281 0.025295 53 62 57
0.003322 -0.001384 0.026107 54 63 58
0.000488 0.007688 0.025879 53 59 57
0.002338 0.006283 0.024931 54 60 58
0.002469 0.003885 0.025398 53 59 57
0.003605 0.002081 0.024943 53 62 57
0.003648 -0.000314 0.025351 53 62 57
0.002307 -0.003416 0.026830 54 63 58
-0.000693 0.007891 0.026475 52 58 56
0.001950 0.007020 0.024548 54 60 58
0.002585 0.004898 0.024629 53 59 57
0.003527 0.002973 0.024374 53 59 57
0.004013 0.000806 0.024449 52 61 56
0.003005 -0.002137 0.025670 54 63 58
0.001391 0.007320 0.024511 53 59 57
0.002699 0.005589 0.024022 54 60 58
0.003208 0.003409 0.024147 53 59 57
0.004054 0.001434 0.023951 52 61 56
0.003345 -0.001360 0.024942 53 62 57
0.000811 0.007605 0.024508 53 59 57
0.002750 0.006239 0.023500 54 60 58
0.003102 0.003952 0.023819 53 59 57
0.004091 0.002049 0.023531 52 61 56
0.003648 -0.000618 0.024339 51 62 56
0.003328 -0.003182 0.025015 54 63 58
0.000752 0.007880 0.024164 53 59 57
0.002694 0.006515 0.023151 54 60 58
0.003050 0.004228 0.023467 53 59 57
0.004044 0.002324 0.023175 52 61 56
0.003605 -0.000344 0.023981 51 62 56
0.003291 -0.002910 0.024655 54 63 58
0.000768 0.007899 0.023774 53 59 57
0.002919 0.006645 0.022625 54 60 58
0.003369 0.004404 0.022883 53 59 57
0.004184 0.002396 0.022732 51 60 55
0.003631 -0.000342 0.023659 52 61 56
0.003585 -0.002768 0.024120 54 63 58
0.000829 0.007634 0.023409 53 59 57
0.002980 0.006377 0.022258 54 60 58
0.003426 0.004133 0.022520 53 59 57
0.004237 0.002123 0.022371 51 60 55
0.003679 -0.000617 0.023305 52 61 56
0.003628 -0.003044 0.023771 54 63 58
-0.001732 0.007580 0.025351 52 58 56
0.002321 0.007574 0.022023 54 60 58
0.003448 0.005707 0.021758 54 60 58
0.004250 0.003687 0.021593 53 59 57
0.004186 0.001190 0.022174 51 60 55
0.003244 -0.001746 0.023420 53 62 57
0.004241 -0.003608 0.023017 54 63 58
0.000393 0.007684 0.023070 53 59 57
0.003162 0.006801 0.021322 54 60 58
0.003682 0.004600 0.021476 53 59 57
0.004367 0.002516 0.021416 50 59 54
0.003675 -0.000309 0.022483 52 61 56
0.003425 -0.002847 0.023115 54 63 58
-0.002219 0.006996 0.025106 52 58 56
0.002123 0.007150 0.021564 54 60 58
0.003719 0.005575 0.020781 54 60 58
0.004447 0.003513 0.020657 53 59 57
0.004352 0.000993 0.021283 51 60 55
0.003292 -0.002011 0.022648 53 62 57
-0.002281 0.007269 0.024765 52 58 56
0.002065 0.007428 0.021214 54 60 58
0.003665 0.005853 0.020426 54 60 58
0.004398 0.003791 0.020298 53 59 57
0.004307 0.001269 0.020922 50 59 54
0.003252 -0.001737 0.022285 53 62 57
0.004304 -0.003578 0.021855 54 63 58
-0.002691 0.006722 0.024824 52 58 56
0.001795 0.006935 0.021292 54 60 58
0.003687 0.005557 0.020110 54 60 58
0.004421 0.003499 0.019961 53 59 57
0.004452 0.001049 0.020463 50 59 54
0.003453 -0.001926 0.021786 53 62 57
-0.000617 0.007073 0.022679 53 59 57
0.003125 0.006778 0.019993 54 60 58
0.003830 0.004708 0.019821 53 59 57
0.004587 0.002658 0.019691 50 59 54
0.003887 -0.000181 0.020783 51 60 55
0.003519 -0.002799 0.021562 54 63 58
-0.002090 0.006764 0.023766 52 58 56
0.002302 0.006880 0.020459 54 60 58
0.003532 0.005147 0.019662 53 59 57
0.004441 0.003190 0.019352 53 59 57
0.004228 0.000615 0.020012 50 59 54
0.003538 -0.002189 0.021070 53 62 57
-0.003023 0.006509 0.024221 52 58 56
0.001567 0.006761 0.020690 54 60 58
0.003505 0.005442 0.019274 54 60 58
0.004314 0.003432 0.019015 53 59 57
0.004472 0.001057 0.019367 49 58 53
0.003591 -0.001858 0.020591 52 61 56
0.002139 0.006753 0.020094 54 60 58
0.003395 0.005061 0.019121 53 59 57
0.004329 0.003121 0.018757 53 59 57
0.004223 0.000612 0.019286 50 59 54
0.003622 -0.002147 0.020274 53 62 57
0.002755 0.006205 0.019244 54 60 58
0.003685 0.004305 0.018647 53 59 57
0.004492 0.002292 0.018408 49 58 53
0.004031 -0.000407 0.019247 50 59 54
0.003767 -0.002975 0.019949 54 63 58
0.003334 0.005026 0.018469 53 59 57
0.004203 0.003050 0.018147 53 59 57
0.004176 0.000585 0.018594 50 59 54
0.003667 -0.002127 0.019507 53 62 57
0.003336 0.005030 0.018104 53 59 57
0.004206 0.003052 0.017781 53 59 57
0.004179 0.000586 0.018229 50 59 54
0.003670 -0.002128 0.019144 53 62 57
0.001975 0.006344 0.018932 54 60 58
0.003412 0.004770 0.017702 53 59 57
0.004169 0.002729 0.017479 52 58 56
0.004180 0.000282 0.017909 50 59 54
0.003786 -0.002367 0.018723 53 62 57
0.002916 0.006011 0.017645 54 60 58
0.004018 0.004189 0.016970 53 59 57
0.004313 0.001883 0.017170 49 58 53
0.003803 -0.000844 0.018059 51 60 55
0.003971 -0.003185 0.018412 54 63 58
0.002385 0.006310 0.017734 54 60 58
0.003748 0.004665 0.016687 53 59 57
0.004251 0.002475 0.016689 50 59 54
0.003948 -0.000144 0.017392 51 60 55
0.003930 -0.002595 0.017917 54 63 58
0.002446 0.006040 0.017360 54 60 58
0.003805 0.004391 0.016314 53 59 57
0.004305 0.002200 0.016320 50 59 54
0.003996 -0.000422 0.017029 51 60 55
0.003973 -0.002875 0.017559 54 63 58
0.002789 0.005354 0.016613 54 60 58
0.003877 0.003528 0.015926 53 59 57
0.004160 0.001234 0.016051 50 59 54
0.003844 -0.001384 0.016785 53 62 57
0.002466 0.005773 0.016523 54 60 58
0.003920 0.004167 0.015443 53 59 57
0.004246 0.001893 0.015517 50 59 54
0.003846 -0.000772 0.016286 52 61 56
0.001831 0.005408 0.016714 54 60 58
0.003575 0.003975 0.015363 53 59 57
0.004138 0.001848 0.015169 50 59 54
0.003880 -0.000726 0.015745 53 62 57
-0.005584 0.005018 0.022351 52 58 56
0.002301 0.004771 0.015994 54 60 58
0.003682 0.003120 0.015006 53 59 57
0.004103 0.000915 0.014949 51 60 55
0.003974 -0.001591 0.015464 53 62 57
-0.001708 0.005461 0.019014 53 59 57
0.001323 0.004806 0.016509 54 60 58
0.003378 0.003545 0.014911 53 59 57
0.004159 0.001538 0.014533 52 61 56
0.004019 -0.000970 0.015001 53 62 57
-0.005899 0.005144 0.021873 52 58 56
0.001786 0.004777 0.015729 54 60 58
0.003482 0.003303 0.014469 53 59 57
0.004026 0.001162 0.014308 52 61 56
0.004068 -0.001256 0.014673 53 62 57
-0.003801 0.004879 0.019876 54 60 58
0.000246 0.004787 0.016730 54 60 58
0.002821 0.003831 0.014668 53 59 57
0.004121 0.002113 0.013824 52 61 56
0.004052 -0.000365 0.014227 52 61 56
-0.003862 0.005152 0.019528 53 59 57
0.000188 0.005064 0.016373 54 60 58
0.002768 0.004110 0.014303 53 59 57
0.004074 0.002393 0.013453 51 60 55
0.004010 -0.000086 0.013852 52 61 56
0.004365 -0.002362 0.014106 54 63 58
-0.002710 0.005223 0.018256 53 59 57
0.000653 0.004731 0.015629 54 60 58
0.003031 0.003663 0.013694 53 59 57
0.004201 0.001869 0.012958 52 61 56
0.004149 -0.000617 0.013433 53 62 57
0.004414 -0.002970 0.013923 54 63 58
-0.004176 0.004995 0.018990 54 60 58
-0.000110 0.004901 0.015885 54 60 58
0.002611 0.004034 0.013652 53 59 57
0.004110 0.002431 0.012590 51 60 57
0.004078 -0.000037 0.012979 52 61 56
0.004373 -0.002371 0.013397 54 63 58
-0.004526 0.004507 0.018889 53 59 57
-0.000493 0.004388 0.015834 54 60 60
0.002273 0.003552 0.013539 53 59 59
0.004142 0.002166 0.012111 52 61 58
0.004173 -0.000253 0.012379 53 62 59
-0.006368 0.004944 0.019908 52 58 56
-0.002241 0.004913 0.016763 54 60 58
0.000762 0.004209 0.014398 55 61 61
0.003149 0.003141 0.012442 52 58 58
0.004124 0.001246 0.011832 53 62 59
0.004279 -0.001134 0.012162 54 63 60
-0.007076 0.004844 0.020067 53 59 57
-0.003887 0.004285 0.017677 54 60 58
-0.000501 0.003794 0.015100 57 63 63
0.002356 0.003005 0.012719 52 58 58
0.004270 0.001639 0.011254 53 62 59
-0.006471 0.004609 0.019236 54 60 58
-0.002890 0.004254 0.016566 49 58 55
0.000015 0.003491 0.014306 55 64 63
0.003034 0.002778 0.011805 50 59 58
0.004216 0.001002 0.010982 54 63 60
-0.007279 0.005340 0.019447 48 57 54
-0.005299 0.004097 0.017996 55 64 61
-0.001682 0.003734 0.015315 56 65 64
0.001496 0.003132 0.012676 46 56 57
0.004205 0.002216 0.010484 57 63 63
0.004470 -0.000071 0.010491 56 62 62
-0.007284 0.005343 0.019091 48 57 54
-0.005303 0.004100 0.017637 57 66 63
-0.001683 0.003736 0.014949 58 67 66
0.001497 0.003134 0.012304 43 53 54
0.004208 0.002218 0.010106 58 63 66
0.004473 -0.000070 0.010114 57 61 64
-0.006891 0.004704 0.018362 55 61 57
-0.003944 0.003969 0.016293 49 58 55
-0.000877 0.003299 0.013923 63 72 69
0.003227 0.003200 0.010456 47 56 55
0.004766 0.001609 0.009330 59 63 66
0.004902 -0.000791 0.009659 56 60 63
-0.007235 0.004802 0.018295 52 58 54
-0.004684 0.003857 0.016486 50 59 56
-0.001250 0.003384 0.013896 69 78 75
0.002375 0.003024 0.010829 46 55 54
0.004739 0.001897 0.008955 56 60 61
0.004920 -0.000465 0.009159 53 57 60
-0.007038 0.004315 0.017865 55 60 54
-0.004138 0.003555 0.015808 46 52 48
-0.000812 0.003028 0.013205 59 65 61
0.003467 0.003015 0.009599 53 57 56
0.005180 0.001503 0.008367 51 53 52
0.005243 -0.000968 0.008898 52 53 55
0.005160 -0.003577 0.009965 59 61 60
-0.007478 0.004957 0.017823 51 52 47
-0.004918 0.004026 0.015958 57 59 54
-0.001266 0.003680 0.013161 66 68 65
0.002489 0.003388 0.009996 50 52 49
0.004981 0.002321 0.008032 47 49 48
0.005218 -0.000044 0.008311 51 49 52
0.005155 -0.002634 0.009271 56 54 55
-0.007622 0.004553 0.017741 51 52 44
-0.005029 0.003649 0.015798 53 56 49
-0.001096 0.003468 0.012714 71 74 67
0.002623 0.003141 0.009618 53 55 50
0.005151 0.002085 0.007652 41 42 37
0.005434 -0.000276 0.007984 49 48 46
0.005095 -0.003035 0.009302 55 54 50
-0.006538 0.003999 0.016527 56 56 46
-0.003460 0.003337 0.014261 53 54 46
0.000340 0.003075 0.011162 52 53 45
0.004169 0.002778 0.007988 52 52 44
0.005404 0.000973 0.007282 43 38 34
0.005291 -0.001641 0.008206 53 48 45
0.004887 -0.004438 0.009675 55 50 46
-0.006638 0.003938 0.016292 53 51 39
-0.003638 0.003236 0.014059 47 47 37
0.000499 0.003164 0.010665 46 46 36
0.004123 0.002744 0.007692 50 47 38
0.005385 0.000949 0.006981 46 39 33
0.005290 -0.001668 0.007949 53 45 42
0.004722 -0.004562 0.009615 55 48 42
-0.007331 0.004445 0.016415 45 42 27
-0.004696 0.003544 0.014490 43 41 28
-0.000468 0.003534 0.011054 56 54 41
0.003438 0.003291 0.007810 54 50 38
0.005274 0.001826 0.006522 42 35 25
0.005383 -0.000664 0.007171 52 41 35
0.004792 -0.003582 0.008855 54 43 37
-0.007308 0.004467 0.016018 41 35 19
-0.004843 0.003463 0.014253 38 35 18
-0.000222 0.003676 0.010468 49 46 29
0.003324 0.003227 0.007536 51 45 29
0.005104 0.001727 0.006316 43 35 24
0.005345 -0.000691 0.006845 53 40 32
0.004712 -0.003640 0.008610 55 40 33
-0.006129 0.003945 0.014804 37 35 14
-0.002080 0.003836 0.011625 37 32 13
0.001604 0.003491 0.008570 30 25 5
0.004511 0.002648 0.006259 45 38 20
0.005240 0.000537 0.006115 50 36 23
0.005023 -0.002173 0.007336 56 39 29
0.004804 -0.004880 0.008690 57 37 28
-0.006140 0.003946 0.014438 34 29 7
-0.001961 0.003906 0.011157 33 27 5
0.001552 0.003465 0.008236 26 20 0
0.004321 0.002541 0.006056 45 37 18
0.004941 0.000367 0.006032 52 36 21
0.004978 -0.002203 0.007013 56 36 25
0.004828 -0.004877 0.008314 58 34 24
-0.007316 0.004484 0.014909 48 44 19
-0.004799 0.003501 0.013111 44 38 14
-0.000007 0.003805 0.009157 51 47 22
0.003158 0.003137 0.006545 61 53 30
0.004853 0.001583 0.005419 67 54 35
0.005175 -0.000795 0.005883 73 54 40
0.004691 -0.003667 0.007515 75 48 37
0.005093 -0.005975 0.007967 78 48 38
-0.007502 0.004679 0.014693 68 64 35
-0.005342 0.003500 0.013156 61 55 29
-0.000716 0.003705 0.009410 68 62 36
0.002226 0.002924 0.006973 72 65 37
0.004468 0.001684 0.005321 93 78 57
0.004755 -0.000694 0.005728 94 72 58
0.004763 -0.003291 0.006834 92 64 50
0.005102 -0.005674 0.007544 96 64 51
-0.006777 0.004205 0.013778 82 79 48
-0.003141 0.003852 0.011004 67 62 33
0.000893 0.003710 0.007644 75 70 41
0.003565 0.002744 0.005502 103 94 65
0.004556 0.000781 0.005098 119 98 79
0.005000 -0.001555 0.005597 109 86 70
0.004653 -0.004348 0.007106 111 78 63
0.004697 -0.006785 0.007595 117 79 66
-0.006797 0.004199 0.013428 97 97 63
-0.002647 0.004141 0.010190 80 77 44
0.001071 0.003814 0.007105 87 83 48
0.003280 0.002585 0.005381 122 111 79
0.004221 0.000590 0.005049 143 118 96
0.004768 -0.001696 0.005497 131 102 84
0.004599 -0.004391 0.006825 129 92 76
0.004601 -0.006843 0.007315 136 92 79
-0.007612 0.004939 0.013644 124 125 91
-0.005286 0.003853 0.011951 105 105 69
-0.000571 0.004107 0.008103 103 101 63
0.002105 0.003170 0.005897 112 108 71
0.004084 0.001780 0.004487 166 151 122
0.004349 -0.000622 0.004959 156 130 107
0.004632 -0.003080 0.005837 146 111 91
0.004977 -0.005457 0.006499 151 108 92
-0.007458 0.005320 0.013215 143 149 111
-0.005906 0.003807 0.012062 123 128 88
-0.001023 0.004157 0.008107 113 113 75
0.001774 0.003290 0.005800 119 120 78
0.003511 0.001778 0.004558 173 162 130
0.004036 -0.000469 0.004730 174 146 122
0.004645 -0.002749 0.005292 154 119 97
0.004726 -0.005288 0.006296 160 117 100
-0.007466 0.004431 0.012837 144 152 113
-0.003989 0.003998 0.010152 126 131 91
0.000662 0.004204 0.006281 130 131 91
0.002627 0.002845 0.004737 153 149 111
0.003940 0.001065 0.004005 200 181 151
0.004318 -0.001308 0.004554 177 145 122
0.004530 -0.003813 0.005569 166 123 104
0.004812 -0.006169 0.006015 178 126 112
-0.007522 0.004698 0.012534 164 175 133
-0.005199 0.003611 0.010799 145 152 110
-0.000113 0.004072 0.006572 143 149 105
0.002277 0.002959 0.004638 163 162 118
0.003626 0.001211 0.003819 216 200 167
0.004008 -0.001144 0.004278 193 161 136
0.004552 -0.003479 0.005012 178 133 112
0.004850 -0.005865 0.005630 188 135 119
-0.006907 0.004156 0.011708 170 183 140
-0.001785 0.004664 0.007508 144 153 110
0.001395 0.004011 0.004896 158 164 118
0.002957 0.002406 0.003768 196 191 149
0.003852 0.000374 0.003516 229 204 174
0.004509 -0.001885 0.004004 197 159 136
0.004507 -0.004494 0.005174 190 139 120
0.004472 -0.006961 0.005640 203 141 128
-0.003658 0.003901 0.008738 160 173 127
0.000951 0.004071 0.004881 171 179 132
0.002721 0.002590 0.003538 204 201 156
0.003729 0.000631 0.003116 245 225 192
0.004275 -0.001666 0.003588 212 175 149
0.004558 -0.004142 0.004569 200 148 127
0.004764 -0.006530 0.005036 214 151 136
-0.006124 0.004013 0.010350 176 192 147
-0.000777 0.004637 0.005893 154 166 120
0.001939 0.003708 0.003669 169 177 128
0.003218 0.001925 0.002867 226 219 177
0.003900 -0.000252 0.002942 234 205 175
0.004561 -0.002531 0.003550 199 155 130
0.004585 -0.005099 0.004561 200 143 124
-0.006280 0.003932 0.010088 166 183 139
-0.000765 0.004654 0.005465 147 160 114
0.002073 0.003790 0.003142 165 175 125
0.003250 0.001944 0.002447 220 213 171
0.003932 -0.000244 0.002565 232 203 171
0.004631 -0.002507 0.003155 195 151 126
0.004612 -0.005091 0.004160 196 137 119
0.004429 -0.007613 0.004649 208 134 121
-0.003706 0.004201 0.007577 146 162 117
0.001023 0.004439 0.003590 149 161 113
0.002786 0.002944 0.002261 169 171 124
0.003696 0.000918 0.001963 239 221 185
0.004333 -0.001344 0.002385 208 173 145
0.004592 -0.003836 0.003371 187 135 113
0.004780 -0.006239 0.003845 201 132 117
-0.003621 0.004259 0.007102 140 155 112
0.001309 0.004605 0.002941 145 154 107
0.002988 0.003053 0.001712 160 161 117
0.003812 0.000964 0.001551 235 217 181
0.004476 -0.001302 0.002039 205 170 142
0.004729 -0.003790 0.002980 181 129 107
0.004868 -0.006211 0.003444 197 125 111
-0.006366 0.003900 0.009028 148 164 125
-0.000700 0.004707 0.004234 128 141 98
0.002345 0.003946 0.001750 152 160 113
0.003403 0.002021 0.001186 201 194 152
0.004019 -0.000228 0.001460 221 197 163
0.004759 -0.002481 0.002044 185 141 116
0.004722 -0.005064 0.002981 182 119 102
0.004524 -0.007594 0.003467 198 118 107
-0.006265 0.003649 0.008646 146 162 123
-0.000479 0.004521 0.003709 127 135 94
0.002711 0.003825 0.001149 142 150 103
0.003634 0.001810 0.000761 209 201 162
0.004174 -0.000503 0.001217 218 191 161
0.004902 -0.002763 0.001817 183 137 113
0.004880 -0.005318 0.002632 185 117 104
0.004651 -0.007860 0.003118 200 115 108
-0.007043 0.004120 0.008850 126 143 109
-0.001305 0.004989 0.003942 114 126 88
0.002275 0.004523 0.001037 134 141 99
0.003380 0.002621 0.000411 146 141 101
0.004057 0.000405 0.000599 228 208 173
0.004933 -0.001783 0.001066 202 165 138
0.004848 -0.004409 0.002089 180 119 101
0.004805 -0.006886 0.002512 197 114 106
-0.006142 0.003714 0.007866 136 150 114
-0.000340 0.004598 0.002862 118 124 86
0.002885 0.003910 0.000292 129 135 91
0.003706 0.001825 0.000044 196 188 149
0.004196 -0.000524 0.000574 222 197 166
0.004891 -0.002800 0.001181 193 147 124
0.004935 -0.005313 0.001879 185 115 103
0.004735 -0.007845 0.002345 204 115 111
-0.006204 0.003992 0.007501 125 139 106
-0.000399 0.004882 0.002484 111 117 81
0.002831 0.004197 -0.000095 130 132 92
0.003657 0.002112 -0.000348 170 162 125
0.004151 -0.000238 0.000180 225 205 172
0.004849 -0.002516 0.000786 203 158 135
0.004897 -0.005031 0.001481 183 115 102
0.004703 -0.007565 0.001943 204 113 110
-0.003254 0.004477 0.004595 114 121 88
0.002025 0.005003 0.000094 116 117 83
0.003277 0.003175 -0.000653 96 92 54
0.003921 0.000955 -0.000552 217 203 168
0.004539 -0.001362 0.000067 225 194 165
0.004845 -0.003807 0.000834 190 134 117
0.005112 -0.006152 0.001067 192 109 105
-0.003256 0.004480 0.004214 114 119 89
0.002027 0.005007 -0.000298 114 113 82
0.003280 0.003178 -0.001047 89 83 47
0.003925 0.000956 -0.000946 213 199 164
0.004542 -0.001363 -0.000326 229 198 169
0.004849 -0.003809 0.000442 191 135 118
0.005116 -0.006157 0.000676 191 108 104
-0.005962 0.004141 0.006184 117 122 100
-0.000483 0.004839 0.001425 106 105 77
0.002808 0.004189 -0.001245 124 118 86
0.003560 0.002054 -0.001411 148 140 104
0.004007 -0.000316 -0.000893 225 206 174
0.004794 -0.002547 -0.000383 212 170 148
0.004903 -0.005032 0.000243 181 111 101
0.004739 -0.007554 0.000674 204 110 110
-0.005908 0.003868 0.005800 130 132 111
-0.000425 0.004561 0.001030 109 103 77
0.002867 0.003907 -0.001645 109 100 67
0.003615 0.001770 -0.001807 167 159 123
0.004058 -0.000603 -0.001285 227 206 175
0.004844 -0.002836 -0.000773 211 164 144
0.004948 -0.005322 -0.000141 182 109 100
0.004777 -0.007846 0.000297 205 111 111
-0.006587 0.004405 0.005906 89 92 73
-0.001335 0.004993 0.001300 101 97 70
0.002462 0.004634 -0.001819 116 107 78
0.003371 0.002590 -0.002168 84 71 37
0.003839 0.000248 -0.001785 217 202 169
0.004858 -0.001864 -0.001498 229 193 169
0.004917 -0.004408 -0.000696 181 117 105
0.004930 -0.006856 -0.000382 192 104 102
-0.005959 0.004165 0.005010 116 115 94
-0.000620 0.004776 0.000358 105 98 70
0.002754 0.004167 -0.002390 114 104 69
0.003517 0.002027 -0.002535 128 120 83
0.003946 -0.000359 -0.001989 223 207 173
0.004859 -0.002523 -0.001621 222 180 156
0.004898 -0.005043 -0.000965 177 109 98
0.004739 -0.007565 -0.000543 201 107 107
-0.006561 0.004429 0.005135 96 96 72
-0.001536 0.004891 0.000677 119 116 83
0.002333 0.004563 -0.002474 127 120 78
0.003332 0.002552 -0.002831 97 88 45
0.003814 0.000204 -0.002403 221 207 170
0.004896 -0.001865 -0.002238 228 194 166
0.004946 -0.004397 -0.001534 190 129 111
0.004917 -0.006868 -0.001196 197 112 107
-0.005925 0.003884 0.004265 140 139 108
-0.000763 0.004389 -0.000261 138 135 92
0.002698 0.003815 -0.003050 130 127 74
0.003531 0.001700 -0.003186 185 183 135
0.003978 -0.000686 -0.002614 226 211 172
0.004977 -0.002790 -0.002417 212 171 143
0.004913 -0.005347 -0.001762 199 132 116
-0.005864 0.003913 0.003886 141 143 103
-0.000900 0.004320 -0.000553 153 153 101
0.002574 0.003738 -0.003278 143 145 80
0.003498 0.001658 -0.003426 203 202 148
0.003965 -0.000723 -0.002843 224 209 166
0.004958 -0.002812 -0.002745 209 170 139
0.004875 -0.005365 -0.002160 207 144 126
-0.006468 0.004483 0.003996 124 126 86
-0.001679 0.004828 -0.000398 173 176 121
0.002214 0.004497 -0.003520 162 169 99
0.003296 0.002513 -0.003874 159 162 93
0.003811 0.000169 -0.003427 235 225 174
0.004857 -0.001910 -0.003305 212 183 143
0.004941 -0.004410 -0.002736 216 162 136
0.004929 -0.006877 -0.002408 219 143 129
-0.006358 0.004221 0.003669 139 145 97
-0.001829 0.004427 -0.000585 186 192 132
0.002160 0.004141 -0.003769 173 184 105
0.003318 0.002197 -0.004179 200 203 132
0.003861 -0.000131 -0.003764 239 227 175
0.004820 -0.002254 -0.003579 208 176 135
0.005000 -0.004696 -0.003131 225 169 142
0.005015 -0.007148 -0.002828 223 147 131
-0.003720 0.003946 0.000808 193 201 141
0.001574 0.004458 -0.003769 184 197 118
0.003086 0.002720 -0.004551 172 181 100
0.003748 0.000470 -0.004330 239 233 175
0.004418 -0.001816 -0.003852 207 183 137
0.005104 -0.004026 -0.003710 219 170 138
0.005150 -0.006475 -0.003414 226 158 139
-0.006318 0.004236 0.002962 161 167 121
-0.002111 0.004256 -0.001018 208 217 154
0.002061 0.004076 -0.004399 193 206 124
0.003315 0.002186 -0.004922 207 214 137
0.003893 -0.000120 -0.004567 233 222 168
0.004765 -0.002296 -0.004288 204 175 131
0.005056 -0.004683 -0.003945 220 167 136
0.005114 -0.007116 -0.003685 219 144 125
-0.003990 0.003781 0.000377 216 224 165
0.001472 0.004391 -0.004392 204 218 139
0.003051 0.002692 -0.005261 196 203 125
0.003768 0.000473 -0.005115 234 228 170
0.004402 -0.001837 -0.004597 206 182 134
0.005133 -0.004027 -0.004496 215 166 133
0.005243 -0.006445 -0.004268 222 154 133
-0.006052 0.003776 0.002052 200 206 160
-0.001534 0.003932 -0.002080 224 235 169
0.002261 0.003531 -0.005152 213 225 143
0.003514 0.001634 -0.005661 231 234 167
0.004073 -0.000693 -0.005239 219 203 154
0.004829 -0.002919 -0.004918 202 167 127
0.005042 -0.005318 -0.004654 218 161 134
0.005052 -0.007774 -0.004339 210 133 117
-0.006057 0.003778 0.001670 213 218 177
-0.001535 0.003935 -0.002472 236 246 185
0.002263 0.003533 -0.005553 224 235 157
0.003517 0.001635 -0.006063 230 233 166
0.004077 -0.000693 -0.005640 217 201 152
0.004833 -0.002921 -0.005319 202 167 127
0.005046 -0.005322 -0.005054 218 158 132
-0.003062 0.003960 -0.001323 242 250 199
0.001837 0.004232 -0.005593 221 234 164
0.003356 0.002507 -0.006494 218 224 154
0.004013 0.000245 -0.006273 225 214 160
0.004789 -0.001977 -0.005985 206 178 131
0.005088 -0.004362 -0.005685 210 159 128
0.005392 -0.006684 -0.005627 214 141 124
-0.001987 0.003954 -0.002648 232 241 188
0.002118 0.003751 -0.006141 218 229 160
0.003539 0.001953 -0.006869 220 222 157
0.004162 -0.000336 -0.006562 218 205 153
0.004788 -0.002629 -0.006178 205 172 131
0.005097 -0.004983 -0.006015 211 154 127
0.005176 -0.007414 -0.005750 209 131 118
-0.003627 0.003245 -0.001088 232 240 193
0.001702 0.003785 -0.005911 212 224 158
0.003397 0.002177 -0.007097 214 219 153
0.004112 -0.000050 -0.006960 220 209 155
0.004920 -0.002217 -0.006925 208 177 133
0.005177 -0.004610 -0.006673 207 154 123
0.005626 -0.006865 -0.006718 206 133 116
-0.000883 0.003563 -0.003904 211 220 165
0.002434 0.002928 -0.006844 208 217 150
0.003719 0.001042 -0.007396 217 213 152
0.004506 -0.001145 -0.007317 215 194 147
0.004930 -0.003491 -0.007043 206 163 128
0.005562 -0.005668 -0.007218 208 142 120
0.002413 0.002476 -0.006497 207 213 149
0.003622 0.000565 -0.007074 214 207 152
0.004704 -0.001397 -0.007640 215 193 146
0.005118 -0.003700 -0.007628 205 159 126
0.006012 -0.005746 -0.008047 203 135 116
0.001805 0.002768 -0.006382 206 214 154
0.003376 0.001075 -0.007395 211 209 150
0.004445 -0.000906 -0.007896 218 200 152
0.004921 -0.003178 -0.007952 207 167 131
0.005818 -0.005228 -0.008356 202 137 115
0.003612 -0.000150 -0.007359 219 207 157
0.004711 -0.002042 -0.008298 217 188 146
0.005484 -0.004156 -0.008626 201 147 119
0.006194 -0.006288 -0.008932 200 124 110
0.003615 -0.000151 -0.007763 221 207 158
0.004715 -0.002043 -0.008705 219 190 148
0.005489 -0.004159 -0.009033 200 146 118
0.006198 -0.006293 -0.009340 198 122 108
0.002622 0.000211 -0.007089 212 207 152
0.004252 -0.001377 -0.008634 227 204 160
0.005063 -0.003442 -0.009185 209 164 131
0.006636 -0.005164 -0.010158 192 125 106
0.003410 -0.000284 -0.008266 223 209 160
0.004649 -0.002092 -0.009410 227 195 156
0.005634 -0.004104 -0.009927 198 142 115
0.006733 -0.006056 -0.010543 194 118 104
0.002800 -0.000335 -0.007933 221 209 159
0.004484 -0.001890 -0.009581 229 201 161
0.005365 -0.003922 -0.010191 199 148 119
0.007351 -0.005444 -0.011527 190 117 102
0.004161 -0.001128 -0.009746 232 209 165
0.005047 -0.003145 -0.010455 213 170 136
0.006852 -0.004754 -0.011650 189 122 103
0.004255 -0.001726 -0.010082 234 206 166
0.005272 -0.003650 -0.011044 203 154 124
0.007550 -0.005027 -0.012659 188 116 101
0.004004 -0.001566 -0.010182 234 210 166
0.005016 -0.003477 -0.011235 208 162 129
0.006990 -0.004984 -0.012697 185 116 100
0.007707 -0.007242 -0.012407 200 113 106
0.004171 -0.002755 -0.010515 225 190 152
0.005651 -0.004420 -0.012014 189 131 107
0.008204 -0.005707 -0.013672 190 112 100
0.003038 -0.001246 -0.009581 229 211 165
0.004431 -0.002897 -0.011354 218 180 144
0.006219 -0.004444 -0.012936 188 126 105
0.008353 -0.005989 -0.013987 194 111 103
0.003733 -0.003063 -0.010517 219 183 147
0.005578 -0.004486 -0.012668 187 129 107
0.008332 -0.005695 -0.014404 191 111 100
0.007945 -0.008531 -0.012953 206 115 114
0.003081 -0.002224 -0.010034 226 202 158
0.004577 -0.003790 -0.012088 200 153 123
0.006978 -0.005045 -0.014166 183 114 98
0.008636 -0.006885 -0.014510 202 115 108
0.006942 -0.010321 -0.011995 207 113 113
0.004357 -0.003962 -0.011994 198 151 121
0.006972 -0.005077 -0.014448 184 115 100
0.008760 -0.006884 -0.014741 202 114 110
0.007668 -0.010045 -0.012692 208 112 113
0.007207 -0.012767 -0.011769 204 116 115
0.003813 -0.003688 -0.011586 205 162 130
0.006235 -0.004806 -0.014376 185 120 102
0.008682 -0.006261 -0.015388 198 113 106
0.008161 -0.009171 -0.013764 208 112 113
0.007176 -0.012170 -0.012278 205 113 114
0.004723 -0.004096 -0.013120 191 140 113
0.007694 -0.005139 -0.015351 187 113 100
0.008677 -0.007343 -0.014947 205 114 111
0.007330 -0.010594 -0.012842 208 112 114
0.007271 -0.013117 -0.012318 204 115 117
0.004727 -0.004099 -0.013534 189 138 111
0.007700 -0.005143 -0.015771 189 113 100
0.008684 -0.007348 -0.015366 205 114 111
0.007336 -0.010602 -0.013256 207 111 113
0.007277 -0.013127 -0.012731 204 115 117
0.006209 -0.004945 -0.014988 186 119 102
0.008556 -0.006460 -0.015856 201 113 109
0.008225 -0.009259 -0.014523 210 111 114
0.006875 -0.012423 -0.012791 207 112 116
0.004530 -0.004319 -0.013547 187 133 107
0.007739 -0.005220 -0.016152 190 113 103
0.008605 -0.007449 -0.015856 207 113 113
0.007039 -0.010801 -0.013595 209 110 113
0.007189 -0.013225 -0.013279 205 115 117
0.004020 -0.005116 -0.012145 182 126 101
0.007857 -0.005589 -0.016006 193 115 105
0.008531 -0.007858 -0.015868 207 113 113
0.006814 -0.011272 -0.013512 209 110 113
0.007036 -0.013648 -0.013322 204 115 119
0.007078 -0.004988 -0.016126 187 118 103
0.008445 -0.006936 -0.016477 203 113 112
0.007289 -0.010115 -0.014504 209 110 113
0.006766 -0.012857 -0.013647 205 113 116
0.007935 -0.005654 -0.016346 194 116 106
0.008460 -0.007971 -0.016260 206 112 113
0.006660 -0.011420 -0.013869 209 110 115
0.006877 -0.013788 -0.013761 203 114 118
0.008184 -0.005861 -0.016920 198 115 109
0.008352 -0.008375 -0.016374 206 112 113
0.006488 -0.011820 -0.014109 207 111 115
0.006944 -0.014074 -0.014206 201 115 118
0.008401 -0.007767 -0.016655 203 111 112
0.006486 -0.011274 -0.014204 208 112 116
0.006716 -0.013628 -0.014187 203 114 118
0.008122 -0.006597 -0.017280 201 116 113
0.007683 -0.009440 -0.015949 208 112 116
0.006374 -0.012571 -0.014413 206 111 117
0.006738 -0.014856 -0.014487 200 115 118
0.008113 -0.007349 -0.016927 201 113 112
0.006618 -0.010671 -0.014817 206 110 114
0.006325 -0.013276 -0.014379 204 112 117
0.006374 -0.015701 -0.014181 200 118 120
0.007367 -0.009680 -0.016056 204 109 115
0.006240 -0.012716 -0.014749 205 110 116
0.006688 -0.014954 -0.014972 202 117 122
0.005990 -0.011675 -0.014625 200 107 115
0.006316 -0.013965 -0.014851 201 114 122
0.005828 -0.016641 -0.014119 198 119 122
0.005989 -0.012302 -0.015012 199 108 117
0.006554 -0.014475 -0.015456 202 116 125
0.005640 -0.012233 -0.014722 196 106 115
0.006044 -0.014476 -0.015075 201 115 124
0.005757 -0.011253 -0.015340 192 105 113
0.005798 -0.013688 -0.015308 199 112 121
0.006130 -0.015969 -0.015485 200 119 125
0.005140 -0.012229 -0.014817 193 106 114
0.005665 -0.014412 -0.015322 201 115 124
0.005320 -0.017003 -0.014850 196 117 122
0.005144 -0.012239 -0.015233 193 106 114
0.005670 -0.014423 -0.015738 200 114 123
0.005323 -0.017016 -0.015265 197 118 123
0.005044 -0.014164 -0.015308 198 111 120
0.005586 -0.016324 -0.015830 201 120 126
0.004675 -0.012841 -0.015293 193 106 115
0.005313 -0.014962 -0.015952 201 115 124
0.005054 -0.017506 -0.015595 197 118 121
0.004424 -0.013289 -0.015399 196 106 115
0.005235 -0.015323 -0.016238 202 117 124
0.004361 -0.013031 -0.015717 195 105 115
0.005018 -0.015146 -0.016376 200 115 122
0.004800 -0.017681 -0.016000 199 119 122
0.004592 -0.014142 -0.016422 197 107 116
0.005195 -0.016297 -0.016885 202 120 126
0.004536 -0.012322 -0.016953 195 104 113
0.004736 -0.014697 -0.016948 197 110 118
0.005096 -0.016973 -0.017117 202 120 124
0.004829 -0.012165 -0.017827 194 104 113
0.004763 -0.014695 -0.017406 199 110 116
0.004855 -0.017122 -0.017148 202 120 124
0.004679 -0.013814 -0.017875 195 106 112
0.004934 -0.016172 -0.017792 202 117 122
0.004691 -0.011959 -0.018444 193 103 112
0.004601 -0.014507 -0.017988 197 108 114
0.004538 -0.017016 -0.017555 204 119 122
0.004695 -0.011968 -0.018865 192 102 111
0.004605 -0.014518 -0.018408 196 107 113
0.004541 -0.017029 -0.017974 204 119 122
0.004411 -0.014020 -0.018588 195 106 112
0.004425 -0.016494 -0.018274 202 116 119
0.004365 -0.012807 -0.019103 192 103 109
0.004411 -0.015282 -0.018808 197 108 114
0.003975 -0.017938 -0.018151 203 122 121
0.004493 -0.013364 -0.019700 193 102 109
0.004553 -0.015819 -0.019479 200 111 115
0.004557 -0.015831 -0.019901 200 111 115
0.000065 -0.004258 0.038487 51 57 55
0.000071 -0.000786 0.038128 51 57 55
0.000103 -0.002917 0.038127 51 57 55
0.000168 -0.005029 0.038109 51 57 55
-0.000051 0.001596 0.037864 53 54 58
0.000072 -0.000517 0.037794 51 57 55
0.000109 -0.002651 0.037790 51 57 55
0.000178 -0.004763 0.037769 51 57 55
-0.000088 0.004839 0.037553 53 55 54
-0.000031 0.002687 0.037512 53 54 56
-0.000002 0.000535 0.037499 53 54 56
0.000070 -0.001592 0.037469 51 57 55
0.000155 -0.003709 0.037448 51 57 57
0.000839 -0.005641 0.037093 51 57 55
0.005891 -0.006218 0.033627 51 57 55
-0.000069 0.004304 0.037206 53 55 54
-0.000025 0.002149 0.037175 53 54 56
0.000019 0.000003 0.037156 51 55 54
0.000068 -0.002131 0.037141 51 57 55
0.000241 -0.004220 0.037077 51 57 55
-0.000051 0.003770 0.036858 53 55 54
-0.000014 0.001613 0.036832 53 54 56
0.000055 -0.000523 0.036799 51 55 54
0.000141 -0.002646 0.036774 51 57 55
0.000670 -0.004633 0.036526 51 57 55
0.002997 -0.006072 0.035099 51 57 55
0.003696 -0.008107 0.035221 51 57 55
-0.000037 0.003233 0.036513 53 55 54
-0.000005 0.001076 0.036493 53 54 56
0.000074 -0.001056 0.036455 50 56 54
0.000216 -0.003163 0.036409 50 56 56
0.000859 -0.005117 0.036096 50 56 54
0.004937 -0.006006 0.033376 50 56 54
-0.000069 0.004313 0.036201 52 54 51
-0.000015 0.002157 0.036162 53 55 54
0.000042 0.000011 0.036135 51 55 54
0.000179 -0.002101 0.036075 50 56 54
0.000860 -0.004046 0.035733 50 56 54
0.004606 -0.007248 0.033579 50 56 54
-0.000069 0.004315 0.035866 52 54 51
-0.000015 0.002158 0.035826 53 55 54
0.000042 0.000011 0.035799 51 55 54
0.000179 -0.002102 0.035739 50 56 54
0.000861 -0.004048 0.035396 50 56 54
0.004609 -0.007252 0.033237 50 56 54
-0.000045 0.003509 0.035511 52 54 51
0.000002 0.001351 0.035482 53 55 52
0.000068 -0.000791 0.035457 51 55 54
0.000500 -0.002819 0.035267 50 56 54
0.001356 -0.004717 0.034824 50 56 54
0.003623 -0.008408 0.033837 50 56 54
-0.000061 0.004051 0.035187 52 54 51
-0.000009 0.001892 0.035150 53 55 52
0.000046 -0.000258 0.035130 51 55 54
0.000309 -0.002338 0.035017 50 56 54
0.001180 -0.004237 0.034597 50 56 54
0.004576 -0.007535 0.032528 50 56 54
-0.000052 0.003783 0.034844 52 54 51
0.000003 0.001624 0.034811 52 54 49
0.000090 -0.000518 0.034783 50 54 53
0.000687 -0.002515 0.034583 49 55 53
0.001336 -0.004507 0.034415 49 55 53
0.003548 -0.005921 0.032637 49 55 53
0.003565 -0.008171 0.033205 49 55 53
-0.000080 0.004596 0.034527 52 54 53
-0.000017 0.002435 0.034481 52 54 49
0.000032 0.000277 0.034464 52 54 51
0.000293 -0.001812 0.034375 49 55 53
0.001031 -0.003792 0.034236 49 55 53
0.001463 -0.005808 0.033968 49 55 53
-0.000063 0.004057 0.034180 52 54 51
-0.000004 0.001896 0.034141 52 54 49
0.000077 -0.000254 0.034125 50 55 51
0.000651 -0.002293 0.034111 49 55 53
0.000906 -0.004495 0.034692 49 55 53
0.001209 -0.006531 0.034390 49 55 53
0.004175 -0.007694 0.031895 49 55 53
-0.000072 0.004330 0.033848 51 53 50
-0.000008 0.002168 0.033805 52 54 49
0.000077 0.000017 0.033786 50 55 51
0.000654 -0.002023 0.033770 49 55 53
0.000912 -0.004228 0.034349 49 55 53
0.001219 -0.006264 0.034044 49 55 53
0.004191 -0.007425 0.031540 49 55 53
-0.000032 0.002978 0.033488 52 54 49
0.000031 0.000818 0.033465 53 55 52
0.000575 -0.001233 0.033452 49 55 53
0.000233 -0.003673 0.034665 49 55 53
0.001453 -0.005392 0.033562 49 55 53
0.004731 -0.006392 0.030465 49 55 53
-0.000081 0.004331 0.033185 51 53 52
-0.000003 0.002170 0.033133 52 54 49
0.000175 0.000037 0.033111 50 55 51
0.000545 -0.002147 0.033659 49 55 53
0.000821 -0.004284 0.033861 49 55 53
0.001700 -0.006111 0.032959 49 55 53
0.004083 -0.007455 0.030845 49 55 53
-0.000067 0.003788 0.032845 51 53 50
0.000021 0.001631 0.032796 52 54 49
0.000811 -0.000356 0.032693 50 55 51
0.001473 -0.002443 0.033024 49 55 53
0.002368 -0.004268 0.032060 49 55 53
0.003584 -0.005986 0.030823 49 55 53
-0.000068 0.003791 0.032505 51 53 50
0.000021 0.001632 0.032455 52 54 49
0.000812 -0.000356 0.032352 50 55 51
0.001474 -0.002445 0.032683 49 55 53
0.002369 -0.004271 0.031717 49 55 53
0.003587 -0.005989 0.030477 49 55 53
-0.000092 0.004057 0.032194 51 53 50
0.000008 0.001901 0.032126 52 55 48
0.000973 -0.000032 0.031910 49 56 49
0.001589 -0.002149 0.032335 49 55 55
0.001945 -0.004166 0.031833 49 55 53
0.002704 -0.006036 0.030972 49 55 53
-0.000119 0.004598 0.031878 50 52 49
-0.000016 0.002442 0.031795 52 55 48
0.000497 0.000385 0.031713 51 56 50
0.001912 -0.001470 0.031596 49 55 53
0.001585 -0.003765 0.031879 49 55 53
0.002456 -0.005594 0.030903 49 55 53
-0.000076 0.003517 0.031504 51 53 48
0.000104 0.001371 0.031485 52 55 48
0.002263 -0.000212 0.030725 49 55 51
0.001316 -0.002805 0.031950 49 55 53
0.002173 -0.004626 0.030888 49 55 53
0.003301 -0.006359 0.029622 49 55 53
-0.000023 0.002714 0.031128 52 55 48
0.001077 0.000799 0.030959 52 54 49
0.001728 -0.001293 0.031235 49 55 53
0.001567 -0.003511 0.031243 49 55 53
0.002509 -0.005308 0.030134 49 55 53
-0.000116 0.004331 0.030862 50 52 49
0.000100 0.002197 0.030776 52 55 48
0.002479 0.000682 0.029903 50 55 51
0.001394 -0.001973 0.031255 49 55 53
0.001940 -0.003907 0.030451 49 55 53
0.002468 -0.005863 0.029797 49 55 53
-0.000080 0.003521 0.030487 51 53 48
0.000315 0.001418 0.030466 52 55 48
0.002715 -0.000076 0.029456 49 55 51
0.001444 -0.002764 0.030790 49 55 53
0.002152 -0.004641 0.029855 49 55 53
0.002815 -0.006551 0.029080 49 55 53
0.000024 0.002991 0.030177 50 52 49
0.002138 -0.000873 0.029833 48 54 52
0.001646 -0.003218 0.030137 49 55 53
0.002048 -0.005225 0.029606 48 54 52
0.003030 -0.007021 0.028521 48 54 52
-0.000135 0.004327 0.029875 49 51 50
0.000515 0.002299 0.029723 50 52 51
0.002934 0.000826 0.028607 47 53 51
0.001517 -0.001927 0.030073 48 54 52
0.001884 -0.003937 0.029473 48 54 52
0.002121 -0.006007 0.029135 48 54 52
-0.000018 0.003512 0.029629 47 51 52
0.002420 -0.000217 0.028866 46 52 50
0.001469 -0.002755 0.029696 48 54 52
0.001861 -0.004766 0.029153 48 54 52
0.002543 -0.006651 0.028244 46 52 50
0.001552 -0.001650 0.029390 47 53 51
0.001599 -0.003787 0.029132 48 54 52
0.001963 -0.005803 0.028605 47 53 51
0.001333 -0.002818 0.029186 48 54 52
0.002016 -0.004705 0.028234 47 53 51
0.002965 -0.006470 0.026908 45 51 49
0.001241 -0.002045 0.029002 47 53 51
0.001827 -0.003974 0.028162 47 53 51
0.002579 -0.005813 0.027025 45 51 49
0.001605 -0.003259 0.028156 48 54 52
0.002464 -0.005046 0.026817 46 52 50
0.001333 -0.002832 0.028189 48 54 52
0.002267 -0.004599 0.026797 47 53 51
0.001131 -0.002384 0.028184 47 53 49
0.002116 -0.004113 0.026609 47 53 51
0.002682 -0.006013 0.025603 45 51 49
0.001131 -0.002111 0.027836 47 53 49
0.002123 -0.003840 0.026254 47 53 51
0.002695 -0.005741 0.025241 45 51 49
0.001389 -0.001999 0.027122 47 53 51
0.002107 -0.003827 0.025789 47 53 51
0.002590 -0.005774 0.024947 46 52 50
0.001390 -0.002276 0.026772 47 53 51
0.002103 -0.004106 0.025441 47 53 51
0.002581 -0.006055 0.024602 45 51 49
0.001783 -0.002882 0.025573 49 53 52
0.002240 -0.004831 0.024674 46 52 50
0.001556 -0.001917 0.025748 47 53 51
0.001961 -0.003874 0.024788 47 53 51
0.002425 -0.005842 0.024026 46 52 50
0.001438 -0.001141 0.025558 46 52 52
0.001542 -0.003235 0.025013 48 54 52
0.001920 -0.005225 0.024267 46 52 50
0.001436 -0.000866 0.025208 46 52 52
0.001547 -0.002961 0.024657 48 54 52
0.001930 -0.004952 0.023905 46 52 50
0.001294 -0.001186 0.024918 46 52 50
0.001142 -0.003391 0.024723 48 54 52
0.001487 -0.005392 0.024006 46 52 50
0.001270 -0.002000 0.024436 47 53 51
0.001313 -0.004123 0.024017 47 53 51
0.001845 -0.006062 0.023156 45 51 49
0.000857 -0.001625 0.024619 47 53 51
0.000783 -0.003795 0.024328 48 54 52
0.001241 -0.005744 0.023447 46 52 50
0.000877 -0.001352 0.024306 47 53 51
0.000723 -0.003562 0.024130 48 54 52
0.001115 -0.005538 0.023316 46 52 50
0.000518 -0.001749 0.024210 47 53 51
0.000520 -0.003896 0.023875 48 54 52
0.001007 -0.005830 0.022932 46 52 50
0.000509 -0.002568 0.023782 47 53 51
0.000639 -0.004660 0.023294 47 53 51
0.001351 -0.006516 0.022157 45 51 49
0.000270 -0.001830 0.023660 47 53 51
0.000292 -0.003983 0.023379 48 54 52
0.000788 -0.005911 0.022413 46 52 50
0.000271 -0.001831 0.023306 47 53 51
0.000293 -0.003986 0.023025 48 54 52
0.000789 -0.005915 0.022057 46 52 50
0.000074 -0.002174 0.023095 47 53 51
0.000072 -0.004340 0.022867 47 53 51
0.000565 -0.006270 0.021909 46 52 50
-0.000021 -0.000837 0.022894 43 52 49
0.000094 -0.002984 0.022641 47 53 51
0.000306 -0.005042 0.022051 47 53 51
-0.000132 -0.002534 0.022608 48 52 53
-0.000127 -0.004690 0.022334 47 53 51
0.000716 -0.006484 0.020966 45 51 49
-0.000132 -0.002812 0.022253 48 52 53
-0.000133 -0.004969 0.021983 47 53 51
0.000704 -0.006766 0.020618 45 51 49
-0.000649 -0.001632 0.022463 46 52 50
-0.000592 -0.003813 0.022366 49 53 52
-0.000403 -0.005868 0.021756 46 52 50
-0.000509 -0.003239 0.021960 48 52 51
-0.000491 -0.005386 0.021667 47 53 51
-0.001009 -0.001193 0.021969 42 53 49
-0.000727 -0.003314 0.021777 47 53 51
-0.000909 -0.005540 0.021726 47 53 51
-0.000851 -0.001973 0.021498 44 53 50
-0.000834 -0.004179 0.021505 48 54 52
-0.000866 -0.006320 0.021157 46 52 50
-0.000987 -0.001449 0.021140 42 53 49
-0.000722 -0.003574 0.020946 48 54 52
-0.001049 -0.005837 0.020951 47 53 51
-0.000817 -0.001671 0.020660 44 53 50
-0.000873 -0.003900 0.020690 48 54 52
-0.000990 -0.006069 0.020395 46 52 50
-0.000917 -0.000863 0.020321 42 52 51
-0.000490 -0.002934 0.019959 47 53 53
-0.001018 -0.005270 0.020119 47 53 51
-0.000551 -0.007215 0.019212 45 51 49
-0.000921 -0.000587 0.019966 42 52 51
-0.000490 -0.002659 0.019599 47 53 53
-0.001012 -0.004997 0.019754 47 53 51
-0.000539 -0.006942 0.018841 45 51 49
-0.000545 -0.001027 0.019384 42 52 51
-0.000602 -0.003247 0.019292 47 53 53
-0.000886 -0.005466 0.019053 47 53 49
-0.000419 -0.002641 0.018837 47 53 53
-0.000988 -0.004981 0.018930 47 53 49
-0.000647 -0.003028 0.018846 49 54 50
-0.001203 -0.005357 0.018903 47 53 49
-0.000492 -0.001595 0.018415 45 51 47
-0.001107 -0.003996 0.018736 49 54 50
-0.001004 -0.006053 0.018001 46 52 50
-0.001350 -0.003857 0.018904 45 50 44
-0.001343 -0.005985 0.018440 45 50 46
-0.000945 -0.002059 0.018234 34 40 30
-0.001517 -0.004460 0.018624 39 44 37
-0.001297 -0.006490 0.017850 41 46 42
-0.001465 -0.003376 0.018459 33 37 23
-0.001617 -0.005602 0.018358 42 48 38
-0.001487 -0.007646 0.017612 45 50 46
-0.001466 -0.003378 0.018098 28 32 15
-0.001618 -0.005606 0.017997 39 45 31
-0.001488 -0.007651 0.017251 44 49 45
-0.001760 -0.004323 0.018050 27 31 14
-0.001242 -0.006293 0.017205 37 40 31
-0.001287 -0.008418 0.016743 45 47 46
-0.001767 -0.004055 0.017720 35 40 20
-0.001322 -0.006070 0.017042 36 40 26
-0.001370 -0.008190 0.016529 51 53 48
-0.001691 -0.004590 0.017313 41 46 26
-0.001097 -0.006538 0.016403 31 33 22
-0.001229 -0.008696 0.016031 38 38 36
-0.001765 -0.003788 0.017034 52 56 33
-0.001176 -0.005761 0.016235 41 44 27
-0.001234 -0.007894 0.015750 41 42 34
-0.001756 -0.004067 0.016673 59 63 38
-0.001067 -0.006007 0.015788 36 37 23
-0.001112 -0.008141 0.015318 46 46 38
-0.001981 -0.003026 0.016451 83 86 57
-0.001543 -0.005096 0.016047 54 57 36
-0.001041 -0.007064 0.015132 24 24 12
-0.001078 -0.009210 0.014787 25 24 20
-0.001484 -0.005086 0.015670 70 72 50
-0.000902 -0.007033 0.014702 42 40 27
-0.000970 -0.009192 0.014384 52 48 45
-0.001573 -0.004294 0.015437 95 95 71
-0.000828 -0.006206 0.014411 64 65 49
-0.000978 -0.008386 0.014079 89 86 77
-0.001571 -0.004313 0.015175 110 108 83
-0.000724 -0.006197 0.014084 82 81 63
-0.000819 -0.008359 0.013677 113 109 98
-0.001318 -0.005319 0.014431 124 122 97
-0.000785 -0.007285 0.013496 110 104 88
-0.000748 -0.009421 0.013122 131 122 113
-0.001316 -0.005348 0.014224 142 138 111
-0.000681 -0.007287 0.013212 131 124 106
-0.000631 -0.009403 0.012721 159 149 139
-0.001623 -0.004362 0.014267 147 144 113
-0.000646 -0.006215 0.013093 131 125 101
-0.000679 -0.008353 0.012578 177 168 151
-0.000834 -0.006042 0.013136 147 140 114
-0.000609 -0.008104 0.012401 195 184 164
-0.001463 -0.004887 0.013487 163 158 126
-0.000606 -0.006771 0.012338 132 125 99
-0.000571 -0.008880 0.011720 208 195 178
-0.001453 -0.004908 0.013245 171 165 131
-0.000543 -0.006772 0.012018 141 131 104
-0.000515 -0.008879 0.011364 223 208 189
-0.000790 -0.005779 0.012104 185 176 145
-0.000544 -0.007838 0.011326 220 206 180
-0.001275 -0.005692 0.012334 187 178 145
-0.000502 -0.007588 0.011133 193 179 152
-0.000470 -0.009692 0.010490 231 210 191
-0.000483 -0.006240 0.011055 150 139 107
-0.000478 -0.008365 0.010412 225 208 182
-0.000773 -0.006101 0.011196 155 145 109
-0.000413 -0.008116 0.010243 214 197 169
-0.000465 -0.006800 0.010268 111 98 63
-0.000385 -0.008890 0.009508 220 200 173
-0.000486 -0.006605 0.010387 115 103 65
-0.000261 -0.008647 0.009426 211 190 161
-0.000364 -0.007358 0.009561 135 119 83
-0.000218 -0.009411 0.008639 229 202 173
-0.000284 -0.007380 0.009389 128 113 74
-0.000054 -0.009395 0.008282 228 201 171
-0.000442 -0.006359 0.009458 99 87 45
-0.000107 -0.008376 0.008396 200 176 142
0.000200 -0.010381 0.007367 224 190 163
-0.000376 -0.006347 0.009056 91 79 37
-0.000012 -0.008358 0.007979 196 172 136
0.000324 -0.010350 0.006884 231 197 170
-0.000210 -0.007380 0.008244 110 92 52
0.000059 -0.009381 0.007063 230 201 169
-0.000173 -0.007646 0.007783 138 120 80
0.000107 -0.009640 0.006575 231 202 170
-0.000278 -0.006868 0.007674 74 61 17
0.000092 -0.008852 0.006436 218 192 157
-0.000155 -0.007648 0.006989 155 137 97
0.000169 -0.009622 0.005686 232 202 166
-0.000149 -0.007370 0.006603 138 123 82
0.000184 -0.009344 0.005291 233 203 167
-0.000402 -0.006389 0.006848 108 97 52
0.000151 -0.008322 0.005434 221 199 162
-0.000402 -0.006393 0.006469 130 119 74
0.000151 -0.008328 0.005052 227 207 170
-0.000141 -0.007403 0.005581 181 168 126
-0.000147 -0.007693 0.005206 213 200 158
-0.000335 -0.006944 0.005214 190 181 138
0.000419 -0.008787 0.003437 240 220 183
-0.000129 -0.007420 0.004453 232 223 182
-0.000324 -0.006950 0.004429 211 207 162
0.000494 -0.008773 0.002582 239 221 183
-0.000110 -0.007706 0.003658 233 226 184
-0.000076 -0.007695 0.003205 228 224 179
0.000528 -0.008772 0.001339 228 213 172
-0.000278 -0.007224 0.002751 217 215 167
0.000408 -0.008584 0.000937 227 212 171
-0.000280 -0.007222 0.001894 213 209 162
0.000576 -0.009035 -0.000012 228 206 165
0.000456 -0.008567 0.000027 229 210 170
0.000020 -0.007652 0.000505 217 209 163
0.000747 -0.009495 -0.001327 220 196 158
0.000020 -0.007657 0.000116 217 209 163
0.000747 -0.009502 -0.001719 221 195 158
-0.000409 -0.006976 0.000311 206 199 153
0.000863 -0.008657 -0.002012 230 208 169
0.000012 -0.007377 -0.000712 215 207 161
0.000909 -0.009170 -0.002718 232 206 169
-0.000544 -0.007308 -0.000392 212 204 158
0.000866 -0.008956 -0.002788 234 210 172
0.000341 -0.008093 -0.002080 232 214 174
-0.001024 -0.006626 -0.000683 209 203 155
0.000314 -0.008330 -0.002824 234 215 175
-0.001235 -0.006151 -0.000730 210 206 158
-0.000018 -0.007918 -0.002630 230 212 172
-0.001088 -0.007178 -0.001716 213 200 156
-0.000078 -0.008993 -0.003497 239 211 174
-0.001089 -0.007184 -0.002108 215 200 157
-0.000078 -0.008999 -0.003892 239 209 173
-0.001672 -0.006561 -0.001712 218 207 161
-0.000703 -0.008452 -0.003102 236 212 174
-0.000296 -0.010481 -0.004155 225 184 154
-0.001320 -0.007268 -0.002681 219 202 159
-0.000387 -0.009158 -0.004115 241 207 172
-0.001617 -0.007109 -0.002644 219 202 158
-0.000418 -0.008950 -0.004125 237 204 169
-0.000235 -0.011095 -0.004717 210 163 137
-0.001737 -0.006309 -0.002831 221 208 163
-0.000596 -0.008172 -0.004253 229 201 164
-0.000328 -0.010299 -0.004917 222 178 149
-0.001442 -0.006801 -0.003430 219 202 158
-0.000246 -0.008644 -0.004948 230 196 161
-0.000199 -0.010853 -0.005334 208 158 133
-0.001602 -0.006587 -0.003577 220 203 159
-0.000419 -0.008438 -0.005064 226 193 158
-0.000283 -0.010614 -0.005579 210 160 133
-0.000880 -0.007527 -0.004506 215 192 151
-0.000073 -0.009508 -0.005618 221 180 148
0.000169 -0.011673 -0.006107 190 132 112
-0.000568 -0.007705 -0.005291 216 188 149
-0.000043 -0.009781 -0.006110 218 173 142
0.000510 -0.011853 -0.006886 189 127 106
-0.000587 -0.007494 -0.005243 215 185 147
0.000161 -0.009510 -0.006252 214 169 138
0.000442 -0.011681 -0.006723 189 126 108
-0.000054 -0.008456 -0.006310 215 176 143
0.000224 -0.010630 -0.006805 195 141 115
0.001146 -0.012602 -0.007901 192 123 108
0.000228 -0.008403 -0.006779 211 172 139
0.000454 -0.010598 -0.007230 190 136 110
0.001345 -0.012588 -0.008274 195 126 111
0.000019 -0.007915 -0.006872 209 173 137
0.000437 -0.010043 -0.007575 196 145 116
0.000943 -0.012151 -0.008262 193 124 108
0.000501 -0.008617 -0.007848 207 164 132
0.000579 -0.010866 -0.008131 180 119 98
0.001983 -0.012728 -0.009538 200 124 111
0.000502 -0.008623 -0.008251 207 162 131
0.000580 -0.010874 -0.008534 181 119 98
0.001984 -0.012737 -0.009945 201 123 111
0.000389 -0.007851 -0.008175 209 171 135
0.000619 -0.010038 -0.008768 198 142 115
0.001132 -0.012169 -0.009355 195 123 108
0.002269 -0.014113 -0.010536 203 118 111
0.000608 -0.008621 -0.009038 209 160 130
0.000620 -0.010899 -0.009248 185 118 99
0.002067 -0.012771 -0.010599 202 122 111
0.000848 -0.008888 -0.009366 206 155 126
0.000794 -0.011189 -0.009517 181 113 94
0.002088 -0.013112 -0.010716 203 121 110
0.000835 -0.010324 -0.009928 195 133 110
0.001728 -0.012361 -0.010794 201 123 111
0.001388 -0.014700 -0.010843 205 118 111
0.001064 -0.011177 -0.010236 185 114 96
0.002066 -0.013183 -0.011227 202 120 109
0.001186 -0.009135 -0.010626 209 152 125
0.001150 -0.011445 -0.010755 188 115 100
0.002063 -0.013473 -0.011691 204 117 110
0.001364 -0.010864 -0.010992 189 121 102
0.001922 -0.012987 -0.011710 201 119 108
0.001577 -0.009658 -0.011482 209 147 122
0.001534 -0.011968 -0.011654 195 119 105
0.001100 -0.014347 -0.011617 205 116 110
0.001671 -0.012536 -0.012062 197 117 106
-0.000100 -0.015260 -0.010988 204 113 108
0.001595 -0.012004 -0.012293 195 119 106
0.000573 -0.014532 -0.011866 204 115 109
0.001279 -0.013234 -0.012621 199 114 107
0.001786 -0.011433 -0.012945 203 125 115
0.000820 -0.013933 -0.012748 202 113 107
0.000941 -0.013635 -0.013172 200 113 106
-0.001347 -0.016526 -0.011359 201 110 105
0.001197 -0.012728 -0.013649 197 114 106
-0.000823 -0.015545 -0.012203 200 111 105
0.000656 -0.013438 -0.013801 199 112 105
-0.001478 -0.016304 -0.012038 201 110 105
0.000657 -0.013448 -0.014213 199 112 105
-0.001479 -0.016316 -0.012445 200 109 104
0.000557 -0.012933 -0.014365 195 112 104
-0.001161 -0.015681 -0.013071 199 110 104
0.000305 -0.013867 -0.014659 198 111 104
-0.001667 -0.016687 -0.013019 200 109 104
0.001070 -0.011721 -0.015090 192 114 104
-0.000466 -0.014401 -0.014263 198 109 103
-0.002245 -0.017164 -0.012761 202 109 104
-0.000018 -0.014009 -0.014999 197 110 103
-0.001952 -0.016815 -0.013415 199 108 103
0.000539 -0.012764 -0.015481 192 112 103
-0.001294 -0.015536 -0.014215 198 109 103
0.000155 -0.013442 -0.015711 193 110 102
-0.001769 -0.016245 -0.014234 199 108 103
0.000039 -0.013491 -0.015980 193 110 102
-0.001954 -0.016316 -0.014424 199 108 103
0.000459 -0.012529 -0.016624 191 111 102
-0.001400 -0.015322 -0.015291 197 108 102
-0.000127 -0.013268 -0.016662 192 109 101
-0.002000 -0.016069 -0.015189 198 107 102
-0.000127 -0.013278 -0.017078 192 109 101
-0.002002 -0.016080 -0.015601 198 107 102
0.000182 -0.012627 -0.017699 187 108 101
-0.001477 -0.015381 -0.016433 196 107 103
-0.002872 -0.018026 -0.015313 203 108 106
-0.000490 -0.013971 -0.017663 192 109 103
-0.002519 -0.016805 -0.016038 198 107 104
-0.000761 -0.014628 -0.017902 193 108 103
-0.002522 -0.017369 -0.016571 201 107 105
-0.002524 -0.017382 -0.016984 201 107 105
-0.001984 -0.016669 -0.017933 197 107 106
-0.002061 -0.017264 -0.018351 198 108 107
-0.000820 -0.003959 0.038900 45 51 51
-0.000468 -0.002123 0.038551 45 51 51
-0.000868 -0.004223 0.038570 45 51 51
-0.000171 -0.000798 0.038173 44 50 48
-0.000564 -0.002906 0.038188 45 51 51
0.000234 0.001583 0.037854 45 51 49
-0.000123 -0.000534 0.037840 44 50 48
-0.000512 -0.002644 0.037851 44 50 50
-0.000937 -0.004748 0.037892 44 50 50
0.000748 0.004780 0.037555 46 50 49
0.000429 0.002652 0.037510 46 50 49
0.000081 0.000529 0.037490 46 50 49
-0.000297 -0.001588 0.037496 44 50 50
-0.000712 -0.003698 0.037529 44 50 50
0.000673 0.004250 0.037207 46 50 49
0.000346 0.002122 0.037169 46 50 49
-0.000010 -0.000001 0.037155 44 50 50
-0.000398 -0.002117 0.037168 44 50 50
-0.000821 -0.004227 0.037208 44 50 50
0.000596 0.003720 0.036861 46 50 49
0.000262 0.001591 0.036829 46 50 49
-0.000101 -0.000531 0.036822 44 50 50
-0.000500 -0.002647 0.036842 44 50 50
-0.000933 -0.004756 0.036888 44 50 50
0.000515 0.003189 0.036517 45 49 48
0.000174 0.001061 0.036491 45 49 48
-0.000198 -0.001061 0.036489 44 50 50
-0.000606 -0.003177 0.036517 44 50 50
0.000672 0.004258 0.036207 44 50 48
0.000346 0.002125 0.036168 44 50 48
-0.000012 -0.000002 0.036156 44 50 50
-0.000401 -0.002122 0.036169 44 50 50
-0.000825 -0.004236 0.036207 44 50 50
0.000672 0.004260 0.035871 44 50 48
0.000346 0.002126 0.035833 45 51 49
-0.000012 -0.000002 0.035820 44 50 50
-0.000401 -0.002124 0.035833 44 50 50
-0.000825 -0.004238 0.035872 44 50 50
0.000529 0.003458 0.035534 44 50 48
0.000179 0.001322 0.035514 45 51 49
-0.000190 -0.000805 0.035512 44 50 50
-0.000575 -0.002922 0.035524 44 50 50
0.000612 0.003995 0.035207 44 50 48
0.000268 0.001856 0.035182 45 51 49
-0.000096 -0.000274 0.035175 44 50 50
-0.000476 -0.002395 0.035182 44 50 50
-0.000887 -0.004508 0.035211 44 50 50
0.000520 0.003720 0.034903 44 50 48
0.000159 0.001580 0.034890 45 51 49
-0.000208 -0.000551 0.034887 44 50 50
-0.000551 -0.002666 0.034868 44 50 50
-0.000940 -0.004775 0.034879 44 50 50
0.000644 0.004526 0.034582 41 50 47
0.000300 0.002384 0.034552 45 51 49
-0.000072 0.000247 0.034551 45 51 49
-0.000428 -0.001876 0.034542 45 51 51
-0.000781 -0.003986 0.034529 44 50 50
0.000298 0.003941 0.034448 41 50 49
0.000043 0.001819 0.034348 42 51 50
-0.000280 -0.000305 0.034301 45 51 51
-0.000606 -0.002421 0.034269 44 50 50
-0.000897 -0.004519 0.034207 44 50 50
0.000336 0.004211 0.034116 41 50 49
0.000086 0.002087 0.034013 42 51 50
-0.000233 -0.000039 0.033963 45 51 51
-0.000555 -0.002156 0.033927 45 51 51
-0.000842 -0.004257 0.033862 44 50 50
-0.000322 0.002794 0.034089 42 50 52
-0.000525 0.000689 0.033936 42 50 52
-0.000754 -0.001415 0.033832 45 51 51
-0.000818 -0.003487 0.033617 44 50 50
-0.000173 0.004123 0.033817 41 49 51
-0.000379 0.002009 0.033677 42 50 52
-0.000595 -0.000097 0.033541 45 51 51
-0.000784 -0.002196 0.033422 45 51 51
-0.000864 -0.004266 0.033203 44 50 50
-0.001063 0.003443 0.034067 42 50 52
-0.001100 0.001370 0.033781 42 50 52
-0.001199 -0.000715 0.033587 45 51 51
-0.001008 -0.002751 0.033201 45 51 51
-0.000942 -0.004794 0.032856 44 50 50
-0.001063 0.003446 0.033729 42 50 52
-0.001101 0.001371 0.033443 42 50 52
-0.001200 -0.000715 0.033249 46 52 52
-0.001009 -0.002753 0.032862 46 52 52
-0.000942 -0.004797 0.032515 45 51 51
-0.002992 0.003332 0.035000 40 50 49
-0.002009 0.001457 0.033909 42 50 52
-0.001799 -0.000562 0.033428 44 53 52
-0.001473 -0.002575 0.032935 46 52 52
-0.001117 -0.004573 0.032364 45 51 51
-0.003246 0.003805 0.034916 41 49 51
-0.002217 0.001933 0.033828 42 50 52
-0.001803 -0.000047 0.033159 43 52 51
-0.001588 -0.002079 0.032745 46 52 52
-0.001175 -0.004072 0.032147 46 52 52
-0.004032 0.002621 0.035109 40 50 51
-0.002717 0.000809 0.033762 42 50 52
-0.002248 -0.001159 0.033057 44 53 52
-0.001793 -0.003150 0.032467 46 52 52
-0.004958 0.003742 0.035610 40 50 51
-0.003232 0.001995 0.034060 41 51 52
-0.002366 0.000106 0.032997 43 52 51
-0.002004 -0.001896 0.032447 47 53 53
-0.001411 -0.003863 0.031715 46 52 52
-0.004242 0.001287 0.034513 41 51 53
-0.003282 -0.000588 0.033428 44 52 54
-0.002358 -0.002489 0.032421 46 52 52
-0.001795 -0.004448 0.031653 46 51 54
-0.005585 0.002335 0.035340 40 50 51
-0.004004 0.000564 0.033868 41 51 52
-0.003122 -0.001330 0.032850 45 53 55
-0.002186 -0.003234 0.031837 46 52 52
-0.001682 -0.005201 0.031096 46 51 54
-0.005634 -0.000256 0.034866 39 47 49
-0.003944 -0.002012 0.033259 46 51 54
-0.002328 -0.003791 0.031634 45 51 51
-0.006504 0.000869 0.035365 38 46 49
-0.004703 -0.000862 0.033701 41 49 51
-0.002989 -0.002623 0.032043 45 50 53
-0.002234 -0.004539 0.031055 44 49 52
-0.005417 -0.001763 0.033894 42 50 53
-0.003563 -0.003503 0.032138 44 49 52
-0.002559 -0.005372 0.030915 43 48 51
-0.006442 -0.000919 0.034505 37 42 45
-0.004541 -0.002640 0.032722 44 49 52
-0.002925 -0.004419 0.031084 42 47 50
-0.006259 -0.001921 0.033969 41 49 52
-0.004644 -0.003698 0.032417 42 47 50
-0.003316 -0.005511 0.030927 42 47 50
-0.012397 0.001842 0.038749 45 49 58
-0.006743 -0.001242 0.034128 38 46 49
-0.004996 -0.002991 0.032469 43 48 52
-0.003637 -0.004801 0.030981 42 47 50
-0.002370 -0.006682 0.029789 41 46 49
-0.012173 0.000607 0.038253 42 50 53
-0.006904 -0.002568 0.033899 43 48 52
-0.004867 -0.004267 0.031948 42 47 51
-0.003322 -0.006097 0.030538 42 47 50
-0.023717 0.008970 0.046007 39 46 56
-0.012919 0.000990 0.038465 42 51 56
-0.010555 -0.000650 0.036706 46 54 56
-0.005209 -0.003820 0.031992 43 48 52
-0.004000 -0.005675 0.030724 43 48 51
-0.001094 -0.007330 0.028253 41 46 49
-0.015617 0.003028 0.040225 32 41 50
-0.014412 0.001237 0.039244 40 51 57
-0.012456 -0.000463 0.037814 49 59 60
-0.006442 -0.003547 0.032919 43 48 52
-0.004751 -0.005331 0.031336 43 48 51
-0.001128 -0.006856 0.028196 42 47 50
-0.023571 0.007737 0.045526 35 45 55
-0.015586 0.003285 0.039909 28 37 46
-0.014378 0.001493 0.038924 39 50 56
-0.012418 -0.000205 0.037488 52 64 64
-0.009817 -0.001814 0.035485 49 57 60
-0.006395 -0.003286 0.032579 43 48 52
-0.004699 -0.005070 0.030989 43 48 51
-0.001070 -0.006593 0.027840 43 48 51
-0.024166 0.007618 0.045650 36 44 55
-0.014791 0.003445 0.038959 30 40 49
-0.013904 0.001586 0.038216 39 50 54
-0.012467 -0.000219 0.037231 45 59 60
-0.010312 -0.001910 0.035611 44 54 56
-0.007641 -0.003505 0.033319 44 48 51
-0.004550 -0.005095 0.030792 43 48 51
-0.000637 -0.006547 0.027216 43 49 49
-0.024220 0.007376 0.045342 38 46 57
-0.014843 0.003191 0.038635 31 44 52
-0.013958 0.001330 0.037892 38 49 51
-0.012522 -0.000477 0.036906 43 57 58
-0.010368 -0.002171 0.035284 41 51 53
-0.007698 -0.003770 0.032988 44 48 51
-0.004608 -0.005363 0.030457 43 48 51
-0.000696 -0.006819 0.026875 42 48 48
-0.025021 0.010409 0.045610 34 42 45
-0.025345 0.008383 0.045797 33 42 49
-0.015289 0.004365 0.038738 36 46 55
-0.014416 0.002518 0.037938 34 48 51
-0.012666 0.000771 0.036732 37 51 52
-0.011570 -0.001139 0.036185 44 55 57
-0.005954 -0.004310 0.031459 43 48 51
-0.002133 -0.005778 0.028096 43 48 51
0.000462 -0.007391 0.025211 42 48 48
-0.025366 0.009363 0.045529 31 40 45
-0.024273 0.007625 0.044756 36 45 54
-0.014419 0.003529 0.037687 36 49 55
-0.013539 0.001656 0.036975 36 47 49
-0.012187 -0.000193 0.036181 37 51 52
-0.010546 -0.002004 0.035119 39 49 51
-0.007771 -0.003581 0.032701 42 46 49
-0.003955 -0.005030 0.029389 44 49 52
-0.000830 -0.006597 0.026373 43 49 49
-0.024468 0.010307 0.044568 31 39 41
-0.025207 0.008193 0.045025 35 42 48
-0.023009 0.006662 0.043507 41 50 55
-0.015654 0.004068 0.038256 43 54 60
-0.015033 0.002171 0.037668 36 50 53
-0.012802 0.000495 0.036167 33 47 48
-0.011839 -0.001452 0.035792 37 48 50
-0.005652 -0.004535 0.030572 43 48 51
-0.002519 -0.006111 0.027730 43 48 51
-0.001074 -0.007906 0.025866 41 47 47
-0.024451 0.010561 0.044271 37 41 44
-0.025187 0.008446 0.044726 36 41 45
-0.022986 0.006916 0.043204 40 45 51
-0.015624 0.004326 0.037939 45 56 62
-0.015000 0.002428 0.037347 38 52 55
-0.012766 0.000754 0.035841 34 48 49
-0.011801 -0.001193 0.035463 35 46 48
-0.005603 -0.004274 0.030227 43 48 51
-0.002465 -0.005848 0.027376 43 48 51
-0.001014 -0.007643 0.025504 41 47 47
-0.024230 0.010379 0.043763 41 45 46
-0.025329 0.008187 0.044469 36 41 45
-0.023465 0.006593 0.043155 35 40 43
-0.015991 0.004024 0.037784 47 57 59
-0.015499 0.002104 0.037292 42 53 55
-0.013247 0.000427 0.035802 37 49 49
-0.012225 -0.001506 0.035360 35 46 48
-0.005779 -0.004584 0.030134 43 48 51
-0.003418 -0.006264 0.027824 43 49 49
-0.002519 -0.008133 0.026414 40 46 46
-0.024926 0.009493 0.043962 45 45 47
-0.024685 0.007585 0.043723 37 36 41
-0.014997 0.003453 0.036705 49 57 60
-0.014463 0.001512 0.036281 42 52 53
-0.012595 -0.000262 0.035178 35 46 48
-0.011627 -0.002210 0.034762 37 45 47
-0.007600 -0.003633 0.031659 41 46 49
-0.004383 -0.005131 0.028488 43 49 49
-0.002959 -0.006947 0.026826 41 47 47
-0.024642 0.010055 0.043455 53 49 50
-0.025328 0.007954 0.043856 39 37 40
-0.015058 0.003955 0.036430 52 57 60
-0.015244 0.001902 0.036437 48 56 58
-0.013313 0.000157 0.035219 39 47 49
-0.012457 -0.001794 0.034830 35 45 46
-0.006156 -0.004926 0.029842 42 48 48
-0.004463 -0.006682 0.027927 43 49 49
-0.024313 0.010391 0.042868 59 50 51
-0.025553 0.008167 0.043677 43 37 37
-0.023790 0.006555 0.042404 28 24 23
-0.016078 0.004029 0.036820 57 59 58
-0.015526 0.002117 0.036274 53 57 58
-0.013721 0.000363 0.035088 42 48 48
-0.012767 -0.001572 0.034628 35 43 45
-0.006808 -0.004788 0.030145 42 48 48
-0.004672 -0.006474 0.027871 43 49 49
-0.003871 -0.008346 0.026507 41 47 45
-0.024799 0.010039 0.042940 68 57 55
-0.025430 0.007951 0.043292 47 37 35
-0.023212 0.006428 0.041680 31 26 23
-0.015121 0.003957 0.035786 50 50 48
-0.015075 0.001943 0.035624 51 52 54
-0.013504 0.000138 0.034633 45 49 50
-0.012651 -0.001805 0.034184 41 47 47
-0.007203 -0.005129 0.030215 43 49 49
-0.005741 -0.006909 0.028450 43 49 47
-0.004789 -0.008738 0.026880 40 46 44
-0.025272 0.009216 0.042907 70 55 50
-0.025104 0.007295 0.042700 44 31 25
-0.015114 0.003210 0.035362 46 45 41
-0.014742 0.001240 0.035036 49 49 49
-0.013368 -0.000610 0.034212 50 51 53
-0.012355 -0.002532 0.033649 42 46 45
-0.008521 -0.004060 0.031101 41 47 47
-0.006763 -0.005826 0.029366 44 50 48
-0.005643 -0.007646 0.027776 43 49 47
-0.024876 0.010036 0.042388 89 70 63
-0.025315 0.007993 0.042565 61 44 36
-0.023233 0.006444 0.041022 34 21 13
-0.015243 0.003948 0.035183 40 35 29
-0.015004 0.001966 0.034885 48 44 43
-0.013624 0.000131 0.033996 53 52 50
-0.012612 -0.001780 0.033373 54 56 55
-0.007289 -0.005130 0.029485 44 50 48
-0.006479 -0.007040 0.028437 44 50 48
-0.005893 -0.008930 0.027237 42 48 46
-0.024892 0.010043 0.042081 99 76 68
-0.025332 0.007998 0.042257 65 45 34
-0.023249 0.006448 0.040710 33 19 8
-0.015254 0.003951 0.034858 36 27 20
-0.015015 0.001967 0.034558 45 40 37
-0.013633 0.000131 0.033667 58 54 53
-0.012621 -0.001781 0.033042 58 58 58
-0.007294 -0.005133 0.029144 44 50 48
-0.006484 -0.007044 0.028094 45 51 49
-0.005898 -0.008935 0.026892 43 49 47
-0.024980 0.009787 0.041815 105 81 69
-0.025241 0.007788 0.041825 68 46 32
-0.015489 0.003671 0.034610 29 20 11
-0.015287 0.001683 0.034333 44 39 35
-0.013977 -0.000157 0.033444 62 58 57
-0.012614 -0.002005 0.032514 60 60 60
-0.007427 -0.005361 0.028556 44 50 48
-0.007001 -0.007348 0.027943 45 51 49
-0.025404 0.008976 0.041738 108 82 65
-0.024384 0.007230 0.040877 71 50 31
-0.015486 0.002917 0.034219 34 25 18
-0.014504 0.001043 0.033474 47 39 36
-0.013325 -0.000833 0.032708 60 54 54
-0.007772 -0.004134 0.028656 43 49 47
-0.007038 -0.006077 0.027807 45 51 49
-0.006927 -0.008097 0.027359 44 50 48
-0.025332 0.009486 0.041416 127 98 80
-0.024700 0.007671 0.040778 97 73 49
-0.015493 0.003434 0.033881 34 22 10
-0.015100 0.001471 0.033493 39 30 25
-0.013787 -0.000373 0.032597 52 44 42
-0.008142 -0.003654 0.028507 43 49 45
-0.007543 -0.005608 0.027730 46 51 47
-0.007397 -0.007640 0.027366 44 50 48
-0.025385 0.009242 0.041100 138 110 86
-0.024756 0.007426 0.040463 113 90 59
-0.015547 0.003178 0.033552 32 20 6
-0.015157 0.001214 0.033165 34 25 18
-0.013845 -0.000633 0.032268 44 39 36
-0.008200 -0.003920 0.028170 43 49 45
-0.007604 -0.005876 0.027395 45 50 46
-0.007462 -0.007909 0.027033 44 50 48
-0.025307 0.008543 0.040631 144 120 84
-0.023375 0.006968 0.039131 123 103 68
-0.016000 0.004367 0.033634 41 29 5
-0.015684 0.002402 0.033239 26 18 5
-0.014550 0.000545 0.032407 31 24 18
-0.009263 -0.002803 0.028797 46 48 43
-0.007888 -0.004642 0.027460 45 52 45
-0.007720 -0.006657 0.026990 44 50 46
-0.007678 -0.008687 0.026621 45 51 49
-0.025433 0.009010 0.040457 161 136 95
-0.023939 0.007358 0.039228 145 123 82
-0.016995 0.004694 0.034051 52 41 11
-0.015611 0.002925 0.032887 26 18 0
-0.014811 0.001020 0.032245 22 15 5
-0.012916 -0.000753 0.030996 29 25 22
-0.007933 -0.004144 0.027256 44 51 44
-0.007752 -0.006154 0.026741 44 50 46
-0.007796 -0.008199 0.026449 45 51 49
-0.025396 0.009026 0.040115 173 149 105
-0.023587 0.007438 0.038647 162 141 96
-0.016770 0.004745 0.033535 75 65 30
-0.015488 0.002954 0.032443 42 36 14
-0.014694 0.001043 0.031816 30 26 14
-0.009708 -0.002353 0.028453 44 49 42
-0.008204 -0.004184 0.027103 41 51 42
-0.007946 -0.006187 0.026554 43 48 44
-0.007938 -0.008219 0.026186 43 49 47
-0.025287 0.008331 0.039621 181 159 109
-0.015906 0.004151 0.032505 80 74 40
-0.015620 0.002176 0.032134 51 46 26
-0.014506 0.000308 0.031324 33 31 19
-0.009157 -0.003045 0.027643 42 49 41
-0.008222 -0.004954 0.026637 39 49 40
-0.007981 -0.006962 0.026115 41 47 43
-0.007825 -0.008970 0.025615 43 49 47
-0.025438 0.008788 0.039492 194 173 116
-0.016552 0.004548 0.032656 111 106 66
-0.015427 0.002725 0.031673 72 70 47
-0.014600 0.000815 0.031024 44 42 27
-0.009725 -0.002600 0.027664 42 47 40
-0.008611 -0.004496 0.026630 40 47 39
-0.008166 -0.006489 0.026038 39 46 39
-0.008086 -0.008527 0.025700 41 47 45
-0.025187 0.008608 0.038952 206 186 125
-0.015691 0.004455 0.031690 126 121 81
-0.015446 0.002468 0.031349 83 81 58
-0.014317 0.000597 0.030527 45 46 28
-0.009226 -0.002787 0.026950 40 47 39
-0.008469 -0.004734 0.026139 38 45 38
-0.008066 -0.006737 0.025588 37 43 39
-0.007788 -0.008743 0.025052 40 46 44
-0.017130 0.004960 0.032428 164 162 111
-0.015166 0.003290 0.030830 116 116 82
-0.014688 0.001324 0.030391 68 70 48
-0.012860 -0.000463 0.029158 21 27 13
-0.010194 -0.002144 0.027287 34 39 33
-0.009043 -0.004044 0.026293 39 44 38
-0.008589 -0.006046 0.025759 36 43 36
-0.008448 -0.008095 0.025477 37 43 39
-0.015134 0.003552 0.030500 143 144 104
-0.014652 0.001585 0.030057 96 100 75
-0.012821 -0.000202 0.028820 44 50 36
-0.010152 -0.001881 0.026943 32 37 30
-0.008996 -0.003782 0.025944 37 42 36
-0.008539 -0.005786 0.025405 34 41 34
-0.008394 -0.007836 0.025120 35 41 37
-0.016220 0.004883 0.031090 190 194 135
-0.015021 0.003065 0.030044 154 161 119
-0.014079 0.001164 0.029313 104 112 88
-0.012144 -0.000617 0.028007 48 59 45
-0.009857 -0.002353 0.026331 37 44 36
-0.009192 -0.004330 0.025693 34 41 34
-0.008819 -0.006350 0.025251 33 40 32
-0.008920 -0.008428 0.025139 35 42 35
-0.016949 0.005261 0.031321 211 217 153
-0.014947 0.003593 0.029689 183 192 145
-0.014337 0.001642 0.029156 140 151 121
-0.012591 -0.000163 0.027968 73 88 69
-0.010163 -0.001880 0.026240 39 49 38
-0.009275 -0.003825 0.025446 33 40 33
-0.008923 -0.005849 0.025019 29 36 28
-0.008911 -0.007918 0.024840 32 39 32
-0.016809 0.005038 0.030866 222 232 169
-0.014703 0.003381 0.029167 202 215 169
-0.014052 0.001434 0.028603 155 170 141
-0.012467 -0.000397 0.027506 83 102 82
-0.010273 -0.002152 0.025925 37 49 37
-0.009539 -0.004121 0.025252 28 38 29
-0.009336 -0.006167 0.024952 26 36 25
-0.009420 -0.008243 0.024834 29 36 29
-0.015283 0.004557 0.029367 230 245 188
-0.014666 0.002619 0.028765 208 226 188
-0.013534 0.000736 0.027923 148 166 140
-0.011441 -0.001027 0.026466 75 96 79
-0.009722 -0.002852 0.025139 29 41 29
-0.009390 -0.004884 0.024753 26 36 27
-0.009248 -0.006937 0.024484 24 34 25
-0.009154 -0.008983 0.024186 31 38 31
-0.016074 0.004674 0.029617 221 239 181
-0.014580 0.002897 0.028362 208 229 190
-0.013745 0.000971 0.027690 160 183 154
-0.012187 -0.000871 0.026601 103 126 106
-0.010228 -0.002661 0.025136 59 73 58
-0.009704 -0.004666 0.024626 53 65 51
-0.009614 -0.006729 0.024414 43 53 42
-0.009710 -0.008801 0.024281 35 42 34
-0.015171 0.004333 0.028569 207 229 182
-0.014540 0.002393 0.027961 186 212 177
-0.013485 0.000495 0.027160 148 177 147
-0.011524 -0.001291 0.025774 117 142 121
-0.009963 -0.003143 0.024559 95 112 94
-0.009678 -0.005185 0.024223 71 88 70
-0.009642 -0.007253 0.024040 54 66 54
-0.009481 -0.009288 0.023688 42 49 41
-0.016431 0.005134 0.029208 199 224 182
-0.014369 0.003462 0.027521 212 242 206
-0.013903 0.001475 0.027091 166 197 166
-0.012538 -0.000396 0.026125 136 171 141
-0.010590 -0.002192 0.024709 116 142 117
-0.009956 -0.004182 0.024123 120 142 119
-0.009875 -0.006252 0.023945 84 101 82
-0.009953 -0.008332 0.023847 52 64 52
-0.014380 0.003464 0.027184 211 242 210
-0.013913 0.001476 0.026752 163 198 166
-0.012547 -0.000396 0.025784 148 187 156
-0.010598 -0.002194 0.024364 142 172 144
-0.009963 -0.004185 0.023777 155 179 153
-0.009882 -0.006256 0.023598 105 124 102
-0.009960 -0.008338 0.023500 61 73 59
-0.014119 0.002744 0.026577 172 207 177
-0.013254 0.000806 0.025915 164 205 173
-0.011587 -0.001031 0.024738 180 219 188
-0.010352 -0.002940 0.023792 183 214 183
-0.010025 -0.004982 0.023454 146 170 146
-0.009965 -0.007058 0.023301 104 121 103
-0.009628 -0.009080 0.022854 55 65 54
-0.014222 0.002992 0.026299 175 209 184
-0.013584 0.001022 0.025771 166 207 175
-0.012331 -0.000877 0.024896 166 210 177
-0.010646 -0.002719 0.023646 168 201 170
-0.010145 -0.004736 0.023178 161 185 159
-0.010051 -0.006809 0.023007 130 149 130
-0.010013 -0.008876 0.022822 80 90 79
-0.013821 0.002551 0.025611 143 178 154
-0.013045 0.000595 0.024996 156 199 169
-0.011645 -0.001288 0.024004 167 211 178
-0.010604 -0.003234 0.023225 185 218 189
-0.010249 -0.005278 0.022896 152 177 155
-0.010150 -0.007351 0.022730 143 161 147
-0.009733 -0.009369 0.022243 97 107 98
-0.013867 0.003320 0.025363 163 196 175
-0.013251 0.001343 0.024833 155 194 167
-0.012244 -0.000598 0.024125 152 195 165
-0.010752 -0.002474 0.023028 156 192 164
-0.010286 -0.004504 0.022619 169 199 175
-0.010145 -0.006576 0.022431 172 193 178
-0.010014 -0.008638 0.022199 133 145 135
-0.013620 0.003107 0.024821 144 177 156
-0.012977 0.001137 0.024233 163 202 175
-0.012202 -0.000842 0.023680 152 192 165
-0.010893 -0.002750 0.022726 161 200 171
-0.010490 -0.004794 0.022397 160 189 167
-0.010332 -0.006866 0.022211 190 212 199
-0.010125 -0.008921 0.021937 150 161 153
-0.013780 0.004116 0.024686 144 173 153
-0.013255 0.002136 0.024131 121 156 132
-0.012514 0.000164 0.023541 147 186 159
-0.010921 -0.001701 0.022403 151 189 164
-0.010660 -0.003769 0.022187 190 225 203
-0.010357 -0.005828 0.021920 185 212 197
-0.010161 -0.007893 0.021686 205 222 212
-0.009445 -0.009868 0.020914 149 159 150
-0.013612 0.004143 0.024253 122 151 133
-0.013063 0.002168 0.023659 109 143 119
-0.012355 0.000194 0.023059 141 176 152
-0.010914 -0.001697 0.022029 143 181 158
-0.010789 -0.003791 0.021939 174 211 193
-0.010469 -0.005852 0.021681 174 202 188
-0.010223 -0.007911 0.021415 204 221 213
-0.009517 -0.009892 0.020663 148 158 150
-0.013288 0.002908 0.023552 94 123 105
-0.012536 0.000950 0.022873 143 176 157
-0.011571 -0.001008 0.022175 131 166 144
-0.010813 -0.003010 0.021637 149 188 170
-0.010467 -0.005071 0.021369 124 154 144
-0.010316 -0.007147 0.021182 201 222 217
-0.009817 -0.009165 0.020655 165 174 169
-0.013188 0.002927 0.023140 77 104 89
-0.012466 0.000966 0.022458 136 169 150
-0.011656 -0.001017 0.021867 117 155 134
-0.010925 -0.003031 0.021387 140 178 165
-0.010593 -0.005101 0.021168 108 139 133
-0.010416 -0.007176 0.020974 196 218 215
-0.009893 -0.009194 0.020439 165 174 171
-0.013382 0.003934 0.023029 67 88 79
-0.012813 0.001954 0.022426 85 113 98
-0.012146 -0.000037 0.021874 114 147 128
-0.010941 -0.001972 0.021021 121 157 145
-0.010817 -0.004077 0.020973 127 162 156
-0.010535 -0.006147 0.020745 159 185 184
-0.010274 -0.008208 0.020461 192 206 206
-0.013296 0.003951 0.022626 48 68 59
-0.012794 0.001961 0.022054 74 100 87
-0.012207 -0.000041 0.021541 106 137 121
-0.011037 -0.001988 0.020747 114 147 136
-0.010925 -0.004110 0.020788 116 151 147
-0.010641 -0.006186 0.020591 152 178 179
-0.010325 -0.008239 0.020263 188 202 203
-0.013127 0.002947 0.022042 48 68 57
-0.012482 0.000973 0.021391 130 157 142
-0.011828 -0.001039 0.020912 105 135 123
-0.011038 -0.003059 0.020458 131 166 160
-0.010733 -0.005146 0.020315 74 104 104
-0.010538 -0.007225 0.020122 171 192 195
-0.009970 -0.009239 0.019538 158 167 166
-0.013185 0.003198 0.021774 55 73 61
-0.012720 0.001203 0.021198 141 161 150
-0.012477 -0.000864 0.020981 116 142 131
-0.011276 -0.002823 0.020234 141 173 168
-0.011008 -0.004928 0.020199 81 112 114
-0.010797 -0.007015 0.020053 148 174 175
-0.010363 -0.009048 0.019596 155 165 166
-0.012897 0.002472 0.021122 53 69 56
-0.012318 0.000480 0.020527 140 158 146
-0.011214 -0.001479 0.019777 126 151 145
-0.011099 -0.003615 0.019878 137 171 172
-0.010809 -0.005706 0.019750 84 114 116
-0.010442 -0.007763 0.019418 152 170 172
-0.009723 -0.009749 0.018638 147 153 151
-0.012903 0.002474 0.020772 58 71 61
-0.012328 0.000494 0.020106 146 162 151
-0.011391 -0.001497 0.019498 132 157 151
-0.011270 -0.003640 0.019644 140 174 176
-0.010946 -0.005732 0.019522 78 106 110
-0.010550 -0.007790 0.019193 135 153 157
-0.009800 -0.009774 0.018394 145 151 147
-0.013173 0.003463 0.020775 74 86 76
-0.012695 0.001481 0.020105 145 157 145
-0.012571 -0.000604 0.019942 141 159 145
-0.011435 -0.002584 0.019287 170 199 195
-0.011122 -0.004694 0.019257 87 118 121
-0.010875 -0.006784 0.019112 97 121 125
-0.010392 -0.008818 0.018629 131 141 143
-0.013449 0.003656 0.020782 85 97 83
-0.012897 0.001707 0.019942 122 134 120
-0.012478 -0.000294 0.019354 144 158 143
-0.011639 -0.002329 0.018966 166 193 186
-0.011422 -0.004470 0.019107 111 142 144
-0.011043 -0.006551 0.018913 84 105 110
-0.010666 -0.008603 0.018542 119 131 131
-0.008972 -0.010468 0.016949 150 154 139
-0.013132 0.002952 0.020010 78 86 71
-0.012515 0.001009 0.019121 157 165 150
-0.012331 -0.001081 0.018975 138 156 142
-0.011557 -0.003150 0.018757 169 198 196
-0.011155 -0.005248 0.018653 61 87 88
-0.010908 -0.007333 0.018464 86 104 106
-0.010171 -0.009329 0.017733 133 138 132
-0.013349 0.003150 0.020005 89 96 80
-0.012854 0.001201 0.019130 157 164 148
-0.012795 -0.000865 0.018847 141 154 136
-0.011897 -0.002933 0.018641 179 204 198
-0.011374 -0.005031 0.018550 85 109 109
-0.011059 -0.007107 0.018312 74 90 89
-0.010566 -0.009134 0.017766 122 127 121
-0.013077 0.002438 0.019250 71 74 55
-0.012420 0.000513 0.018252 147 150 129
-0.011778 -0.001550 0.017972 156 168 154
-0.011553 -0.003722 0.018268 176 201 198
-0.011102 -0.005802 0.018044 66 86 85
-0.010695 -0.007854 0.017645 68 80 76
-0.009933 -0.009842 0.016824 152 154 141
-0.013342 0.002628 0.019282 81 85 62
-0.012712 0.000711 0.018236 147 151 128
-0.012551 -0.001375 0.018052 150 159 138
-0.011775 -0.003494 0.018098 186 209 201
-0.011251 -0.005576 0.017897 69 88 84
-0.010964 -0.007645 0.017593 56 69 60
-0.010118 -0.009625 0.016726 138 140 126
-0.013093 0.001918 0.018501 99 102 75
-0.012583 -0.000041 0.017655 131 134 105
-0.011954 -0.002145 0.017594 173 188 169
-0.011483 -0.004282 0.017703 161 182 173
-0.010996 -0.006344 0.017359 62 77 70
-0.010620 -0.008390 0.016899 75 83 70
-0.008893 -0.010262 0.015292 172 172 148
-0.013239 0.001893 0.018275 95 96 64
-0.012666 -0.000050 0.017342 125 126 92
-0.012177 -0.002171 0.017364 168 182 159
-0.011612 -0.004308 0.017477 160 181 166
-0.011007 -0.006358 0.017066 63 76 66
-0.010532 -0.008394 0.016530 71 78 62
-0.008754 -0.010261 0.014872 166 165 137
-0.013471 0.002864 0.018412 85 85 49
-0.012748 0.000974 0.017203 136 133 98
-0.012647 -0.001125 0.017054 138 142 107
-0.011893 -0.003256 0.017150 179 194 173
-0.011271 -0.005336 0.016917 89 103 86
-0.010868 -0.007396 0.016530 54 63 44
-0.009895 -0.009364 0.015556 112 114 90
-0.008008 -0.011207 0.013668 137 126 94
-0.013750 0.002784 0.018469 83 81 40
-0.012901 0.000947 0.016983 129 126 85
-0.012845 -0.001152 0.016833 138 139 99
-0.012099 -0.003287 0.016944 174 187 159
-0.011416 -0.005362 0.016689 92 106 83
-0.010880 -0.007408 0.016218 52 60 36
-0.009790 -0.009365 0.015156 108 108 80
-0.007919 -0.011205 0.013235 127 117 81
-0.013536 0.001827 0.017564 84 82 33
-0.012801 -0.000059 0.016321 108 105 54
-0.012434 -0.002209 0.016467 157 164 123
-0.011829 -0.004345 0.016561 167 178 146
-0.011127 -0.006389 0.016098 74 80 54
-0.010523 -0.008414 0.015473 63 66 37
-0.008647 -0.010272 0.013721 149 145 107
-0.013931 0.001443 0.017820 115 112 57
-0.013017 -0.000366 0.016167 125 123 66
-0.012653 -0.002523 0.016358 164 170 124
-0.012041 -0.004647 0.016386 156 164 125
-0.011349 -0.006688 0.015902 90 96 60
-0.010679 -0.008702 0.015215 89 89 53
-0.008656 -0.010546 0.013352 149 144 102
-0.014021 0.002185 0.017778 91 85 27
-0.012969 0.000412 0.015933 145 139 79
-0.012685 -0.001705 0.015885 163 160 105
-0.012180 -0.003864 0.016097 189 195 151
-0.011469 -0.005916 0.015678 117 121 84
-0.010698 -0.007927 0.014969 85 86 46
-0.009487 -0.009870 0.013765 149 145 100
-0.007533 -0.011692 0.011653 132 118 71
-0.014174 0.001362 0.017551 153 148 84
-0.013205 -0.000430 0.015788 149 144 78
-0.012815 -0.002571 0.015894 175 176 119
-0.012208 -0.004684 0.015847 171 175 125
-0.011568 -0.006728 0.015369 130 131 89
-0.010886 -0.008738 0.014645 125 122 79
-0.008667 -0.010565 0.012649 166 160 112
-0.014140 0.001630 0.017202 156 149 81
-0.013165 -0.000162 0.015430 155 146 77
-0.012772 -0.002305 0.015533 179 177 116
-0.012163 -0.004419 0.015484 191 191 137
-0.011520 -0.006464 0.015002 152 150 102
-0.010834 -0.008476 0.014273 137 133 86
-0.008610 -0.010302 0.012270 184 178 126
-0.006991 -0.012162 0.010342 166 153 98
-0.013731 0.000701 0.016144 209 201 128
-0.013283 -0.001284 0.015377 185 177 104
-0.012653 -0.003410 0.015405 191 190 126
-0.012036 -0.005481 0.015090 158 157 101
-0.011392 -0.007508 0.014480 158 152 100
-0.010073 -0.009442 0.013232 170 165 110
-0.007911 -0.011259 0.011080 151 140 84
-0.013741 0.000701 0.015789 215 207 132
-0.013293 -0.001285 0.015020 183 174 97
-0.012662 -0.003412 0.015048 194 189 121
-0.012045 -0.005484 0.014732 165 161 100
-0.011400 -0.007513 0.014120 177 171 113
-0.010081 -0.009448 0.012869 187 182 126
-0.007917 -0.011266 0.010712 168 158 99
-0.013379 -0.000238 0.014763 172 164 83
-0.013081 -0.002383 0.014860 187 180 102
-0.012435 -0.004475 0.014673 199 194 126
-0.011872 -0.006528 0.014218 197 191 129
-0.011246 -0.008542 0.013497 197 191 131
-0.008679 -0.010339 0.011268 218 213 155
-0.006902 -0.012202 0.009305 201 190 128
-0.013438 -0.000506 0.014407 175 167 82
-0.013143 -0.002653 0.014507 188 181 100
-0.012498 -0.004747 0.014320 194 187 117
-0.011937 -0.006801 0.013867 220 215 149
-0.011315 -0.008816 0.013148 217 211 151
-0.008749 -0.010616 0.010915 223 219 158
-0.006976 -0.012482 0.008951 224 213 151
-0.013740 0.000168 0.014732 207 199 116
-0.013292 -0.001881 0.014292 180 170 85
-0.012816 -0.003999 0.014233 207 198 121
-0.012258 -0.006056 0.013808 204 195 128
-0.011478 -0.008060 0.013025 234 226 161
-0.009555 -0.009933 0.011311 240 238 177
-0.007466 -0.011768 0.009173 218 208 146
-0.013513 -0.000286 0.013947 178 170 85
-0.013235 -0.002426 0.013993 188 177 97
-0.012544 -0.004502 0.013693 203 193 122
-0.011994 -0.006556 0.013221 238 229 164
-0.011388 -0.008575 0.012510 254 249 185
-0.008748 -0.010368 0.010220 255 253 192
-0.006895 -0.012232 0.008210 246 235 171
-0.013975 0.000095 0.014409 196 188 113
-0.013430 -0.001925 0.013798 180 168 92
-0.012912 -0.004023 0.013620 193 179 114
-0.012370 -0.006077 0.013161 192 181 119
-0.011554 -0.008078 0.012343 251 243 181
-0.009514 -0.009941 0.010540 245 243 184
-0.007490 -0.011786 0.008446 231 223 160
-0.013766 -0.000623 0.013597 150 140 71
-0.013434 -0.002735 0.013486 199 185 124
-0.012692 -0.004792 0.013063 161 146 91
-0.012141 -0.006842 0.012559 212 201 145
-0.011532 -0.008864 0.011846 246 241 183
-0.008868 -0.010659 0.009532 228 226 165
-0.006983 -0.012522 0.007492 236 226 164
-0.014072 -0.000723 0.013774 139 127 75
-0.013586 -0.002784 0.013387 199 185 138
-0.012778 -0.004813 0.012806 142 125 81
-0.012203 -0.006855 0.012245 189 176 131
-0.011562 -0.008872 0.011499 242 236 184
-0.008892 -0.010667 0.009170 216 216 156
-0.006999 -0.012527 0.007095 231 223 161
-0.014298 -0.000001 0.013851 146 137 98
-0.013616 -0.001984 0.013029 182 166 133
-0.013016 -0.004053 0.012665 153 134 102
-0.012470 -0.006102 0.012145 126 111 72
-0.011596 -0.008096 0.011263 246 237 194
-0.009445 -0.009951 0.009367 215 212 157
-0.007531 -0.011809 0.007324 215 209 151
-0.013916 -0.002355 0.013240 191 175 152
-0.013161 -0.004363 0.012529 123 105 81
-0.012585 -0.006395 0.011909 118 105 71
-0.011642 -0.008375 0.010932 239 232 190
-0.009371 -0.010219 0.008939 200 199 143
-0.007637 -0.012092 0.006983 211 206 148
-0.014139 -0.001860 0.013084 173 158 139
-0.013347 -0.003861 0.012336 156 137 122
-0.012738 -0.005890 0.011698 89 73 47
-0.011761 -0.007872 0.010734 223 215 179
-0.010162 -0.009788 0.009243 215 213 162
-0.008297 -0.011655 0.007285 213 208 152
-0.014207 -0.002459 0.013099 182 166 150
-0.013269 -0.004409 0.012046 121 102 87
-0.012633 -0.006430 0.011343 123 109 83
-0.011622 -0.008398 0.010266 239 234 194
-0.009232 -0.010231 0.008175 206 205 151
-0.007746 -0.012127 0.006362 215 210 154
-0.013484 -0.003915 0.011897 151 134 118
-0.012788 -0.005926 0.011143 95 80 57
-0.011747 -0.007895 0.010077 223 217 181
-0.010047 -0.009802 0.008499 222 220 171
-0.008424 -0.011696 0.006703 221 218 163
-0.014233 -0.003005 0.012424 186 171 152
-0.013011 -0.004922 0.011162 107 89 69
-0.012371 -0.006945 0.010435 157 148 117
-0.011525 -0.008932 0.009439 238 235 190
-0.008933 -0.010743 0.007133 207 210 155
-0.007216 -0.012608 0.005044 216 214 155
-0.014243 -0.003007 0.012064 182 167 148
-0.013021 -0.004925 0.010798 107 90 70
-0.012380 -0.006950 0.010070 159 150 119
-0.011533 -0.008938 0.009071 239 236 193
-0.008939 -0.010750 0.006760 212 215 160
-0.007222 -0.012617 0.004666 218 216 159
-0.013384 -0.004195 0.010849 134 117 99
-0.012709 -0.006210 0.010074 120 108 82
-0.011663 -0.008171 0.008919 237 233 195
-0.009196 -0.009994 0.006713 218 216 168
-0.008133 -0.011948 0.005269 224 221 166
-0.014322 -0.002774 0.011520 178 165 148
-0.013013 -0.004673 0.010129 117 102 81
-0.012430 -0.006703 0.009415 150 139 111
-0.011529 -0.008684 0.008355 231 228 185
-0.009018 -0.010504 0.006079 205 205 153
-0.007328 -0.012379 0.004034 219 216 161
-0.013493 -0.004491 0.010243 124 109 88
-0.012831 -0.006498 0.009406 140 131 102
-0.011799 -0.008457 0.008217 227 224 183
-0.009356 -0.010278 0.005972 204 204 154
-0.008365 -0.012244 0.004594 218 215 160
-0.012926 -0.005463 0.009261 112 100 76
-0.012227 -0.007471 0.008381 187 181 145
-0.011179 -0.009436 0.007175 215 214 168
-0.009272 -0.011318 0.005267 206 206 152
-0.012865 -0.005760 0.009046 113 103 76
-0.011877 -0.007718 0.007838 198 192 156
-0.010114 -0.009591 0.005977 207 206 158
-0.009066 -0.011557 0.004621 207 204 151
-0.012872 -0.005240 0.008771 137 125 99
-0.012166 -0.007239 0.007811 186 180 144
-0.011120 -0.009189 0.006487 213 212 164
-0.009227 -0.011063 0.004514 203 201 150
-0.006872 -0.012870 0.001886 224 217 163
-0.012803 -0.006346 0.008560 164 157 128
-0.011677 -0.008286 0.007203 224 222 181
-0.009276 -0.010083 0.004759 207 207 157
-0.008317 -0.012071 0.003464 219 213 161
-0.012813 -0.006350 0.008192 180 174 142
-0.011685 -0.008292 0.006832 229 228 184
-0.009283 -0.010090 0.004383 209 209 159
-0.008323 -0.012080 0.003085 219 213 161
-0.012210 -0.007617 0.007288 222 217 179
-0.011096 -0.009569 0.005920 219 217 169
-0.009253 -0.011447 0.003920 217 211 161
-0.007398 -0.013326 0.001757 229 217 169
-0.012886 -0.006398 0.007702 213 204 171
-0.011713 -0.008333 0.006274 237 234 191
-0.009315 -0.010145 0.003889 216 212 164
-0.008482 -0.012166 0.002772 224 216 167
-0.006210 -0.013958 -0.000088 236 215 170
-0.011898 -0.008136 0.006339 235 230 190
-0.009851 -0.009993 0.004267 219 215 168
-0.009081 -0.011999 0.003082 224 214 165
-0.007341 -0.013888 0.000944 231 210 167
-0.012141 -0.007388 0.006351 235 226 187
-0.010757 -0.009312 0.004752 227 220 174
-0.009098 -0.011205 0.002812 221 213 166
-0.007680 -0.013152 0.001094 223 206 160
-0.011688 -0.007890 0.005700 238 229 190
-0.009368 -0.009709 0.003336 223 215 169
-0.008830 -0.011733 0.002230 227 214 169
-0.007312 -0.013654 0.000297 223 200 158
-0.012068 -0.007691 0.005752 243 231 193
-0.010323 -0.009573 0.003830 224 216 170
-0.008967 -0.011488 0.001996 225 212 167
-0.007803 -0.013470 0.000501 217 194 152
-0.008621 -0.010421 0.001730 226 213 169
-0.008361 -0.012504 0.000973 222 205 161
-0.006851 -0.014433 -0.000978 223 191 153
-0.008587 -0.010673 0.001141 224 211 166
-0.007990 -0.012730 0.000170 214 193 150
-0.005980 -0.014598 -0.002311 217 183 146
-0.008277 -0.010390 0.000644 225 208 165
-0.008271 -0.012517 0.000161 216 193 151
-0.007384 -0.014563 -0.000963 211 177 142
-0.008895 -0.009439 0.001233 222 205 162
-0.008529 -0.011481 0.000159 227 205 164
-0.008006 -0.013565 -0.000653 198 166 128
-0.006026 -0.015477 -0.002913 209 164 133
-0.008259 -0.009369 0.000331 219 200 158
-0.008289 -0.011464 -0.000412 227 204 163
-0.008080 -0.013600 -0.000866 191 157 120
-0.006630 -0.015595 -0.002490 202 157 128
-0.008138 -0.010917 -0.000831 226 203 162
-0.008132 -0.013074 -0.001150 191 159 121
-0.007236 -0.015144 -0.002174 197 154 122
-0.007791 -0.009580 -0.000980 224 198 161
-0.008203 -0.011747 -0.001255 228 200 161
-0.007961 -0.013883 -0.001736 185 146 115
-0.006196 -0.015833 -0.003766 196 144 120
-0.007797 -0.009587 -0.001367 230 202 165
-0.008209 -0.011755 -0.001642 230 200 162
-0.007967 -0.013893 -0.002124 183 144 113
-0.006201 -0.015844 -0.004159 196 142 118
-0.008090 -0.010955 -0.001908 236 206 170
-0.008203 -0.013101 -0.002308 187 151 117
-0.007736 -0.015219 -0.002963 191 146 117
-0.007801 -0.009615 -0.002047 241 207 172
-0.008206 -0.011769 -0.002440 235 202 167
-0.008020 -0.013906 -0.002937 181 137 108
-0.006559 -0.015896 -0.004672 191 137 113
-0.007758 -0.009893 -0.002481 246 210 176
-0.008194 -0.012040 -0.002918 233 199 164
-0.008056 -0.014178 -0.003410 181 137 110
-0.006913 -0.016223 -0.004729 187 130 110
-0.008069 -0.011234 -0.003218 236 200 166
-0.008047 -0.013370 -0.003730 175 134 104
-0.007482 -0.015486 -0.004464 191 139 115
-0.007459 -0.009866 -0.003548 240 199 167
-0.007897 -0.012023 -0.003964 221 182 149
-0.007841 -0.014174 -0.004389 188 141 115
-0.007017 -0.016279 -0.005287 190 132 112
-0.007562 -0.010136 -0.004046 235 194 162
-0.007873 -0.012289 -0.004488 208 167 135
-0.007765 -0.014457 -0.004828 194 144 121
-0.006322 -0.016491 -0.006360 191 128 111
-0.006918 -0.009548 -0.004704 235 192 160
-0.007258 -0.011714 -0.005142 212 169 137
-0.007390 -0.013888 -0.005457 191 141 116
-0.006877 -0.016038 -0.006034 199 136 119
-0.007119 -0.010641 -0.005318 225 180 149
-0.007404 -0.012807 -0.005705 193 146 118
-0.007416 -0.015005 -0.005875 202 145 125
-0.006555 -0.011140 -0.006211 219 170 140
-0.007012 -0.013329 -0.006457 201 149 125
-0.007005 -0.015523 -0.006679 202 139 122
-0.006507 -0.010608 -0.006470 230 181 151
-0.006978 -0.012793 -0.006782 213 159 133
-0.007060 -0.014991 -0.006976 207 144 127
-0.006390 -0.011666 -0.007365 215 160 130
-0.006847 -0.013862 -0.007572 220 158 137
-0.006682 -0.016019 -0.008086 203 129 118
-0.006618 -0.012228 -0.007786 218 158 132
-0.006872 -0.014420 -0.008033 218 150 131
-0.006315 -0.011935 -0.008366 214 157 128
-0.006901 -0.014133 -0.008537 228 161 142
-0.006829 -0.016293 -0.009011 202 125 115
-0.006004 -0.011108 -0.008739 226 173 142
-0.006767 -0.013313 -0.008905 247 185 164
-0.006859 -0.015494 -0.009241 203 129 116
-0.006079 -0.011641 -0.009396 220 163 136
-0.006793 -0.013848 -0.009522 222 155 136
-0.006084 -0.011649 -0.009798 221 164 137
-0.006798 -0.013858 -0.009923 219 152 133
-0.006528 -0.013292 -0.010479 223 161 140
-0.005862 -0.011922 -0.010809 222 165 138
-0.006728 -0.014138 -0.010876 199 132 115
-0.005989 -0.012191 -0.011341 212 154 132
-0.006686 -0.014410 -0.011408 192 123 108
-0.005735 -0.011929 -0.011709 204 148 125
-0.006673 -0.014147 -0.011768 194 127 111
-0.006382 -0.013036 -0.012206 201 140 122
-0.006562 -0.013600 -0.012635 193 130 113
-0.005718 -0.011397 -0.012870 177 125 103
-0.006644 -0.013595 -0.013110 190 127 112
-0.006404 -0.012765 -0.013526 183 124 108
-0.005755 -0.011114 -0.013785 165 114 93
-0.006622 -0.013307 -0.014083 190 128 115
-0.005760 -0.011122 -0.014193 157 109 89
-0.006627 -0.013317 -0.014491 189 127 114
-0.006525 -0.012754 -0.014961 173 115 103
-0.006050 -0.011671 -0.015205 145 94 77
-0.006372 -0.012217 -0.015747 160 104 91
-0.006377 -0.012226 -0.016159 161 108 94
-0.006139 -0.011669 -0.016599 162 113 99
-0.006374 -0.012225 -0.017102 169 115 105
-0.006395 -0.012488 -0.017695 173 119 109
-0.001552 -0.003755 0.038941 38 47 44
-0.000201 0.000003 0.038618 38 49 45
-0.000909 -0.002008 0.038603 38 47 44
-0.001654 -0.004007 0.038617 38 47 44
0.000956 0.003298 0.038310 41 52 44
0.000306 0.001267 0.038252 38 51 42
-0.000368 -0.000754 0.038212 38 47 44
-0.001092 -0.002763 0.038210 40 46 44
0.001042 0.003555 0.037983 41 52 44
0.000395 0.001521 0.037921 38 51 42
-0.000275 -0.000503 0.037879 38 47 44
-0.000995 -0.002514 0.037873 40 46 44
-0.001759 -0.004513 0.037901 40 46 44
0.001229 0.004580 0.037762 40 51 43
0.000600 0.002540 0.037689 36 52 42
-0.000032 0.000510 0.037622 39 50 42
-0.000665 -0.001510 0.037561 40 46 42
-0.001346 -0.003518 0.037532 39 45 41
0.001062 0.004072 0.037417 40 51 43
0.000451 0.002033 0.037334 35 51 41
-0.000199 0.000005 0.037279 38 48 40
-0.000812 -0.002015 0.037205 40 46 42
-0.001543 -0.004020 0.037209 38 47 42
0.000242 0.005620 0.037904 40 50 42
0.000643 0.003569 0.037216 38 51 42
0.000036 0.001532 0.037136 38 51 42
-0.000569 -0.000495 0.037057 38 48 40
-0.001003 -0.002519 0.036878 40 46 42
-0.001745 -0.004522 0.036889 40 46 42
-0.005308 0.007136 0.041383 43 48 42
0.001030 0.005106 0.036985 39 49 41
0.000472 0.003061 0.036874 38 51 42
-0.000118 0.001025 0.036784 38 49 41
-0.000633 -0.001004 0.036652 38 47 42
-0.001168 -0.003023 0.036531 40 46 42
-0.011620 0.009983 0.045995 45 42 37
-0.006379 0.006233 0.041032 41 48 40
-0.000874 0.004119 0.037500 38 49 41
-0.001129 0.002082 0.037226 35 51 41
-0.001406 0.000046 0.036981 38 48 40
-0.001084 -0.002009 0.036368 40 46 42
-0.001564 -0.004027 0.036217 40 46 42
-0.011628 0.009989 0.045684 48 40 37
-0.006383 0.006238 0.040709 41 46 39
-0.000875 0.004121 0.037168 38 48 40
-0.001130 0.002083 0.036894 35 51 41
-0.001407 0.000046 0.036647 38 48 40
-0.001085 -0.002010 0.036033 40 46 42
-0.001565 -0.004030 0.035882 40 46 42
-0.013386 0.009321 0.045930 49 44 40
-0.003459 0.003425 0.038115 37 49 39
-0.002587 0.001365 0.037231 37 50 40
-0.002159 -0.000695 0.036616 38 48 40
-0.001355 -0.002768 0.035703 41 46 40
-0.012945 0.009764 0.045707 50 40 38
-0.003851 0.003946 0.038092 38 48 39
-0.002683 0.001881 0.037042 35 51 40
-0.002330 -0.000180 0.036491 38 48 39
-0.001452 -0.002255 0.035539 41 46 42
-0.001696 -0.004284 0.035235 41 46 40
-0.014093 0.009569 0.045791 53 42 38
-0.004953 -0.000358 0.037770 40 47 39
-0.002612 -0.002473 0.035909 41 46 40
-0.001868 -0.004534 0.034954 41 46 40
-0.013203 0.010227 0.045506 55 40 37
-0.015005 0.008492 0.045183 51 42 37
-0.005657 0.000432 0.037970 38 50 40
-0.004053 -0.001659 0.036644 41 46 40
-0.001835 -0.003774 0.034767 41 46 40
-0.014010 0.009769 0.045437 57 42 37
-0.002373 -0.004267 0.034684 41 46 40
-0.013938 0.010018 0.045131 61 42 38
-0.002273 -0.004019 0.034339 41 46 40
-0.013416 0.010694 0.044986 74 50 48
-0.015199 0.008899 0.044889 57 39 35
-0.014111 0.010024 0.044632 71 45 44
-0.015110 0.009609 0.044480 65 39 38
-0.015121 0.009616 0.044169 67 39 38
-0.015445 0.009851 0.044157 75 46 42
-0.014740 0.010286 0.043810 100 66 64
-0.017128 0.009496 0.043896 68 38 36
-0.015419 0.010566 0.043492 126 87 88
-0.016779 0.010165 0.043502 106 68 67
-0.015693 0.010754 0.043122 162 116 116
-0.017066 0.010171 0.042785 129 83 83
-0.015935 0.011218 0.042899 167 111 110
-0.017749 0.009491 0.042566 113 68 65
-0.017014 0.010353 0.042516 154 98 97
-0.016965 0.011284 0.042579 168 107 106
-0.017892 0.009482 0.042118 139 88 85
-0.016483 0.011991 0.042277 171 103 102
-0.017691 0.010176 0.041991 156 96 96
-0.016640 0.012735 0.042148 168 98 98
-0.017730 0.010875 0.041993 163 99 100
-0.017531 0.011350 0.041729 166 98 99
-0.018114 0.009498 0.041313 144 90 90
-0.017627 0.011849 0.041527 163 94 97
-0.018305 0.009964 0.041312 153 94 98
-0.017557 0.012098 0.041218 162 93 96
-0.018232 0.010211 0.040999 153 92 97
-0.017912 0.012096 0.041147 163 94 97
-0.018591 0.010213 0.040924 154 94 96
-0.018006 0.011863 0.040829 165 96 99
-0.018690 0.009980 0.040609 157 101 102
-0.017873 0.013040 0.040879 168 100 101
-0.018669 0.011163 0.040662 161 97 98
-0.018191 0.012113 0.040377 168 102 103
-0.018950 0.010246 0.040123 160 104 103
-0.017664 0.012856 0.039873 170 105 103
-0.018793 0.010992 0.039787 162 102 101
-0.017596 0.013107 0.039565 170 105 103
-0.018721 0.011240 0.039474 162 103 99
-0.017404 0.012922 0.038851 167 104 97
-0.018811 0.011049 0.038961 159 102 95
-0.018159 0.012235 0.038645 163 104 96
-0.017888 0.012731 0.038260 163 103 93
-0.018012 0.012759 0.037627 154 101 83
-0.010556 0.016257 0.032685 151 93 73
-0.009448 0.017124 0.031475 156 94 73
-0.009456 0.017135 0.031144 154 92 69
-0.009388 0.016924 0.030570 147 90 63
-0.010616 0.016106 0.031037 139 85 57
-0.010118 0.016661 0.030363 143 89 61
-0.010200 0.016419 0.030016 140 91 61
-0.009834 0.017709 0.029692 146 92 68
-0.012064 0.015588 0.030899 137 92 63
-0.011237 0.016139 0.030055 138 92 66
-0.011671 0.016128 0.030048 143 99 74
-0.010780 0.017434 0.029360 143 95 75
-0.012344 0.015361 0.030018 150 113 87
-0.012119 0.015874 0.029665 155 114 94
-0.011366 0.017663 0.029247 145 95 84
-0.012484 0.015621 0.029530 161 124 106
-0.012288 0.016373 0.029309 160 116 105
-0.014100 0.014328 0.030055 181 154 133
-0.012222 0.016636 0.028989 160 115 109
-0.014030 0.014587 0.029733 180 153 136
-0.012611 0.016121 0.028855 169 130 123
-0.012512 0.016629 0.028601 167 126 124
-0.014123 0.014599 0.029143 186 159 150
-0.012791 0.016360 0.028488 172 134 133
-0.014295 0.014348 0.028902 186 163 155
-0.013080 0.015627 0.028089 184 154 152
-0.013026 0.015868 0.027877 171 139 140
-0.015041 0.013853 0.028612 181 166 159
-0.013275 0.015380 0.027541 163 137 136
-0.013000 0.016374 0.027389 152 127 123
-0.014302 0.014372 0.027617 163 147 150
-0.013010 0.016385 0.027054 145 121 117
-0.014313 0.014382 0.027283 157 140 148
-0.013284 0.015645 0.026665 131 110 109
-0.015413 0.013639 0.027429 161 147 160
-0.013210 0.015900 0.026376 126 106 105
-0.014807 0.013896 0.026797 165 151 164
-0.013425 0.015402 0.026061 114 98 99
-0.015228 0.013399 0.026622 156 143 161
-0.013239 0.016161 0.025825 115 97 95
-0.014550 0.014158 0.026056 152 140 154
-0.016495 0.012208 0.026568 126 113 141
-0.013434 0.015900 0.025627 106 92 92
-0.014498 0.013894 0.025731 162 151 167
-0.016309 0.011918 0.026274 117 109 133
-0.013774 0.014912 0.025190 108 98 107
-0.015411 0.012903 0.025697 147 139 160
-0.017097 0.010960 0.026090 116 112 137
-0.013843 0.014894 0.025024 106 99 107
-0.015169 0.012855 0.025476 149 144 166
-0.016658 0.010835 0.026055 119 117 141
-0.013576 0.015662 0.024704 91 85 89
-0.014781 0.013623 0.025041 158 153 173
-0.016224 0.011594 0.025590 118 116 138
-0.018245 0.009594 0.026528 127 129 152
-0.013669 0.015646 0.024542 88 83 87
-0.014709 0.013587 0.024874 159 156 175
-0.015906 0.011509 0.025488 121 123 146
-0.017795 0.009492 0.026379 128 132 157
-0.014076 0.014636 0.024243 114 112 125
-0.015232 0.012557 0.024774 155 157 178
-0.016642 0.010498 0.025477 131 135 160
-0.018571 0.008523 0.026267 115 120 142
-0.014131 0.014615 0.024083 113 113 125
-0.015175 0.012524 0.024602 159 161 182
-0.016608 0.010450 0.025379 132 138 162
-0.018568 0.008457 0.026257 118 125 144
-0.013757 0.015649 0.023696 87 88 93
-0.014749 0.013580 0.024034 156 159 176
-0.015866 0.011484 0.024667 131 138 157
-0.017719 0.009447 0.025603 133 141 162
-0.019524 0.007489 0.026292 132 142 154
-0.014574 0.013837 0.023670 151 155 167
-0.015624 0.011741 0.024238 137 144 162
-0.017320 0.009680 0.025158 140 148 167
-0.019437 0.007699 0.026141 132 145 154
-0.013986 0.015134 0.023163 81 84 93
-0.015034 0.013051 0.023609 151 157 173
-0.016361 0.010960 0.024362 131 140 157
-0.018261 0.008933 0.025313 129 138 153
-0.019799 0.006976 0.025829 134 149 154
-0.015135 0.013027 0.023489 145 153 166
-0.016501 0.010934 0.024278 130 142 156
-0.018407 0.008906 0.025232 131 143 157
-0.020011 0.006960 0.025740 137 155 159
-0.014589 0.014088 0.022849 126 135 144
-0.015661 0.011986 0.023438 140 152 166
-0.017362 0.009913 0.024390 152 166 179
-0.019630 0.007937 0.025432 138 155 163
-0.014396 0.014334 0.022531 101 110 117
-0.015579 0.012210 0.023283 132 142 152
-0.017164 0.010109 0.024283 139 153 162
-0.019337 0.008113 0.025310 127 145 149
-0.020067 0.006190 0.025091 138 157 153
-0.015051 0.013528 0.022677 111 120 127
-0.016215 0.011413 0.023410 117 130 138
-0.017995 0.009344 0.024423 129 144 151
-0.020190 0.007404 0.025268 128 146 148
-0.016014 0.011634 0.023196 112 123 129
-0.017785 0.009525 0.024388 125 140 145
-0.019909 0.007560 0.025247 117 136 134
-0.019199 0.005624 0.023987 126 148 136
-0.017532 0.003632 0.022150 139 163 149
-0.016898 0.010825 0.023552 111 122 124
-0.018860 0.008774 0.024635 103 119 119
-0.020267 0.006848 0.024856 116 135 129
-0.017307 0.004874 0.021996 127 149 136
-0.017308 0.002896 0.021358 136 161 142
-0.018411 0.008974 0.024328 100 114 114
-0.020390 0.007025 0.025039 109 126 118
-0.017737 0.005056 0.022407 126 149 133
-0.017431 0.003052 0.021649 145 170 151
-0.017539 0.010263 0.023547 116 127 123
-0.019585 0.008243 0.024560 90 105 100
-0.020085 0.006302 0.024200 113 133 122
-0.017408 0.004300 0.021642 134 157 141
-0.017227 0.002306 0.020909 129 154 133
-0.019608 0.008221 0.024373 90 103 94
-0.020165 0.006269 0.024103 111 129 117
-0.017481 0.004268 0.021528 131 152 135
-0.017102 0.002246 0.020758 124 147 127
-0.017555 0.000227 0.020677 141 159 133
-0.018427 0.009221 0.023478 109 119 110
-0.020358 0.007253 0.024216 99 113 100
-0.017697 0.005280 0.021576 118 135 119
-0.017283 0.003258 0.020797 136 157 138
-0.017398 0.001246 0.020376 96 119 93
-0.018454 0.009215 0.023217 109 117 104
-0.020323 0.007230 0.023984 97 109 95
-0.017828 0.005230 0.021605 118 132 115
-0.017045 0.003157 0.020784 133 152 132
-0.017214 0.001112 0.020562 91 111 86
-0.017489 -0.000917 0.020360 186 198 174
-0.019559 0.008220 0.023394 89 98 81
-0.020289 0.006245 0.023342 105 116 99
-0.017493 0.004203 0.020861 128 141 123
-0.016919 0.002127 0.020186 111 130 108
-0.017420 0.000095 0.020179 143 159 133
-0.017331 -0.001920 0.019559 197 206 187
-0.019564 0.007962 0.023060 108 115 97
-0.020368 0.005963 0.023187 122 134 114
-0.017478 0.003875 0.020858 130 144 121
-0.016907 0.001774 0.020309 98 116 92
-0.017496 -0.000255 0.020352 161 175 149
-0.019077 0.008714 0.022571 130 132 110
-0.020413 0.006721 0.023021 135 140 120
-0.017345 0.004655 0.020479 131 140 119
-0.016745 0.002544 0.019960 114 129 108
-0.017312 0.000500 0.020045 90 104 79
-0.017398 -0.001510 0.019535 197 205 184
-0.019593 0.007967 0.022415 142 146 123
-0.020423 0.005955 0.022615 148 156 132
-0.017447 0.003857 0.020253 134 144 120
-0.016918 0.001754 0.019733 89 103 80
-0.017540 -0.000275 0.019786 152 165 139
-0.017425 -0.002274 0.019026 193 197 180
-0.019519 0.008222 0.022079 158 158 134
-0.020346 0.006207 0.022275 164 168 145
-0.017367 0.004110 0.019907 137 145 122
-0.016836 0.002007 0.019384 91 103 81
-0.017454 -0.000025 0.019433 128 138 113
-0.017335 -0.002026 0.018667 197 202 182
-0.018829 0.009221 0.021547 191 186 157
-0.020467 0.007222 0.022198 187 187 161
-0.017947 0.005168 0.020027 159 161 137
-0.016893 0.003052 0.019171 121 129 106
-0.017220 0.000984 0.019153 56 66 42
-0.017581 -0.001030 0.018888 186 195 168
-0.017001 -0.003013 0.017568 165 172 156
-0.018842 0.009227 0.021206 201 194 165
-0.020482 0.007227 0.021858 200 199 171
-0.017960 0.005172 0.019682 170 168 145
-0.016905 0.003054 0.018823 118 123 100
-0.017233 0.000985 0.018805 50 58 35
-0.017594 -0.001030 0.018540 183 189 163
-0.017013 -0.003014 0.017217 158 165 149
-0.019832 0.008231 0.021294 200 195 165
-0.020817 0.006212 0.021624 204 200 173
-0.017476 0.004115 0.018950 144 146 122
-0.016900 0.002005 0.018397 74 82 58
-0.017501 -0.000032 0.018442 113 119 93
-0.017476 -0.002038 0.017769 193 196 175
-0.019933 0.007986 0.020949 216 209 180
-0.020923 0.005968 0.021285 212 208 181
-0.017581 0.003866 0.018603 136 138 114
-0.017007 0.001755 0.018051 58 66 42
-0.017612 -0.000282 0.018098 130 136 108
-0.017591 -0.002289 0.017428 176 179 158
-0.019739 0.008731 0.020717 223 212 180
-0.021084 0.006732 0.021187 234 229 199
-0.017547 0.004645 0.018325 163 161 136
-0.016838 0.002523 0.017722 84 86 64
-0.017418 0.000466 0.017833 48 52 29
-0.017615 -0.001554 0.017428 186 190 165
-0.016917 -0.003552 0.016022 130 135 115
-0.020020 0.008244 0.020391 240 225 194
-0.021069 0.006223 0.020773 242 232 205
-0.017540 0.004119 0.017954 148 144 119
-0.016932 0.002003 0.017382 55 57 35
-0.017532 -0.000040 0.017436 93 97 70
-0.017607 -0.002056 0.016887 179 183 158
-0.016894 -0.004044 0.015397 108 113 91
-0.019890 0.008732 0.020181 228 208 175
-0.021252 0.006739 0.020627 236 222 193
-0.017638 0.004643 0.017728 174 167 139
-0.016859 0.002519 0.017064 107 102 80
-0.017436 0.000459 0.017172 73 75 51
-0.017679 -0.001570 0.016845 186 190 163
-0.017161 -0.003592 0.015725 127 132 109
-0.020245 0.007997 0.019825 223 198 168
-0.021362 0.005979 0.020249 214 197 171
-0.017673 0.003864 0.017314 165 154 132
-0.017042 0.001746 0.016717 110 108 85
-0.017642 -0.000300 0.016781 161 164 135
-0.017824 -0.002326 0.016380 170 174 147
-0.017296 -0.004344 0.015217 122 131 104
-0.020309 0.007984 0.019618 213 182 153
-0.021502 0.005968 0.020083 205 184 157
-0.017705 0.003853 0.017060 180 168 144
-0.017052 0.001738 0.016420 144 138 114
-0.017630 -0.000309 0.016456 183 184 153
-0.017890 -0.002338 0.016138 171 178 147
-0.017489 -0.004365 0.015145 133 142 115
-0.019995 0.008728 0.019313 208 169 138
-0.021364 0.006740 0.019722 196 166 140
-0.017760 0.004637 0.016838 194 174 149
-0.016903 0.002513 0.016080 186 174 152
-0.017457 0.000453 0.016149 173 167 143
-0.017731 -0.001582 0.015854 199 202 173
-0.017354 -0.003613 0.014902 139 148 119
-0.016541 -0.005690 0.013694 184 197 171
-0.020085 0.008451 0.019133 199 155 126
-0.021432 0.006464 0.019516 182 148 121
-0.018064 0.004360 0.016802 201 179 155
-0.017047 0.002246 0.015851 214 198 175
-0.017563 0.000193 0.015848 212 206 180
-0.017859 -0.001841 0.015566 197 202 170
-0.017582 -0.003873 0.014712 149 155 127
-0.016742 -0.005959 0.013521 190 203 175
-0.021104 0.006977 0.018996 185 148 121
-0.019256 0.004888 0.017441 200 170 146
-0.017244 0.002774 0.015704 213 192 171
-0.017450 0.000703 0.015514 195 183 161
-0.017813 -0.001334 0.015299 205 206 175
-0.017851 -0.003366 0.014757 144 151 120
-0.017075 -0.005429 0.013525 186 197 167
-0.021402 0.006437 0.018973 189 152 125
-0.018474 0.004338 0.016574 207 177 153
-0.017148 0.002233 0.015308 208 186 165
-0.017607 0.000181 0.015226 199 187 163
-0.017912 -0.001853 0.014940 188 189 157
-0.017689 -0.003888 0.014141 150 155 123
-0.016792 -0.005978 0.012894 185 196 164
-0.021030 0.006952 0.018414 192 151 123
-0.019778 0.004862 0.017326 204 169 147
-0.017363 0.002760 0.015183 210 183 162
-0.017510 0.000692 0.014910 184 168 145
-0.017867 -0.001345 0.014673 193 189 160
-0.017933 -0.003383 0.014177 145 148 117
-0.017108 -0.005448 0.012881 183 192 161
-0.020338 0.007945 0.017902 196 149 121
-0.021798 0.005908 0.018640 197 157 132
-0.018508 0.003809 0.015895 209 178 157
-0.017281 0.001705 0.014671 196 171 151
-0.017735 -0.000339 0.014538 195 185 158
-0.018029 -0.002379 0.014260 163 162 131
-0.017733 -0.004416 0.013381 156 162 128
-0.016713 -0.006524 0.012066 157 168 134
-0.020353 0.007950 0.017556 199 149 122
-0.021814 0.005912 0.018296 200 158 134
-0.018521 0.003812 0.015544 211 176 156
-0.017293 0.001707 0.014316 193 165 144
-0.017748 -0.000339 0.014183 188 174 148
-0.018042 -0.002380 0.013905 163 158 128
-0.017746 -0.004419 0.013023 159 160 128
-0.016725 -0.006528 0.011705 156 166 132
-0.021423 0.006685 0.017747 197 151 127
-0.019628 0.004575 0.016304 205 167 144
-0.017193 0.002469 0.014114 202 167 147
-0.017620 0.000414 0.013982 183 156 135
-0.017950 -0.001627 0.013720 181 170 140
-0.017730 -0.003689 0.013039 161 154 125
-0.016574 -0.005789 0.011537 194 198 165
-0.015659 -0.007917 0.010327 108 120 84
-0.021766 0.006164 0.017650 196 150 127
-0.018944 0.004058 0.015319 205 164 146
-0.017258 0.001952 0.013701 199 162 143
-0.017724 -0.000096 0.013564 188 161 140
-0.017938 -0.002146 0.013237 181 167 138
-0.017632 -0.004198 0.012399 175 168 139
-0.016570 -0.006311 0.011034 186 190 157
-0.015693 -0.008440 0.009851 105 115 78
-0.021368 0.006414 0.017079 193 145 122
-0.020349 0.004296 0.016292 200 158 136
-0.017433 0.002187 0.013688 199 161 142
-0.017850 0.000140 0.013502 188 157 136
-0.018133 -0.001904 0.013203 186 169 139
-0.017844 -0.003966 0.012439 183 172 142
-0.016581 -0.006072 0.010822 202 203 169
-0.015792 -0.008200 0.009733 133 141 104
-0.021960 0.005362 0.017204 193 147 124
-0.018724 0.003242 0.014536 204 158 142
-0.017634 0.001162 0.013230 193 155 136
-0.018139 -0.000878 0.013095 190 162 138
-0.018005 -0.002946 0.012525 183 166 138
-0.017259 -0.005005 0.011230 206 200 168
-0.016355 -0.007128 0.010032 184 185 151
-0.015953 -0.009230 0.009194 149 157 118
-0.018007 0.000839 0.013534 194 153 133
-0.018545 -0.001201 0.013434 192 160 135
-0.017897 -0.003258 0.012279 192 173 143
-0.016483 -0.005335 0.010346 220 209 177
-0.015811 -0.007455 0.009336 189 189 153
-0.015975 -0.009513 0.008873 171 178 137
-0.018488 -0.000689 0.013150 190 152 129
-0.017946 -0.002754 0.012144 192 166 139
-0.016975 -0.004799 0.010507 209 192 162
-0.016200 -0.006912 0.009365 203 197 163
-0.015906 -0.009012 0.008618 176 181 141
-0.018644 0.000289 0.013481 199 151 131
-0.018644 -0.001762 0.012938 195 158 132
-0.017863 -0.003801 0.011508 197 172 142
-0.016274 -0.005898 0.009449 216 203 169
-0.015714 -0.008018 0.008521 189 187 149
-0.018657 0.000289 0.013126 202 149 131
-0.018657 -0.001763 0.012581 195 155 130
-0.017876 -0.003803 0.011147 196 166 138
-0.016286 -0.005902 0.009084 209 194 161
-0.015726 -0.008024 0.008154 195 191 154
-0.019707 -0.000978 0.013334 191 143 121
-0.018054 -0.003081 0.011450 193 158 130
-0.016726 -0.005170 0.009637 198 175 144
-0.016185 -0.007235 0.008425 196 188 151
-0.016134 -0.009313 0.007806 216 219 176
-0.019238 0.000290 0.012928 206 149 130
-0.018746 -0.001778 0.012006 193 147 124
-0.017745 -0.003855 0.010544 193 158 130
-0.016241 -0.005944 0.008479 192 173 140
-0.015750 -0.008052 0.007521 205 200 162
-0.015951 -0.010105 0.007024 229 235 191
-0.019572 -0.001582 0.012884 194 143 122
-0.017644 -0.003683 0.010643 189 152 125
-0.016290 -0.005753 0.008612 184 161 129
-0.015838 -0.007825 0.007477 195 187 148
-0.016148 -0.009864 0.007019 230 233 188
-0.016423 -0.004994 0.008695 175 144 115
-0.015975 -0.007041 0.007423 178 162 126
-0.016030 -0.009104 0.006797 213 210 167
-0.016015 -0.005569 0.008044 165 136 104
-0.015599 -0.007642 0.006916 177 163 124
-0.015904 -0.009674 0.006367 218 215 170
-0.016272 -0.005320 0.008066 158 123 95
-0.015845 -0.007376 0.006826 165 147 111
-0.016054 -0.009420 0.006237 209 205 160
-0.015595 -0.006423 0.006993 139 115 81
-0.015509 -0.008498 0.006197 185 173 133
-0.015387 -0.006693 0.006327 145 119 86
-0.015561 -0.008755 0.005737 198 186 144
-0.015103 -0.006506 0.006157 140 114 81
-0.015116 -0.008574 0.005371 195 182 140
-0.014962 -0.007552 0.005246 168 146 109
-0.015274 -0.009612 0.004761 210 203 159
-0.014653 -0.007622 0.004929 172 150 113
-0.014766 -0.009678 0.004127 213 204 161
-0.014788 -0.009167 0.003979 217 205 163
-0.011565 -0.011386 -0.003595 217 193 159
-0.011128 -0.010903 -0.004524 232 198 170
-0.011149 -0.010644 -0.004793 237 203 175
-0.011262 -0.012777 -0.005511 208 162 139
-0.010891 -0.012006 -0.005948 213 171 146
-0.010714 -0.010424 -0.005832 227 193 165
-0.010708 -0.012568 -0.006691 203 155 133
-0.010722 -0.010431 -0.006226 222 187 159
-0.010716 -0.012577 -0.007087 200 149 128
-0.010103 -0.012104 -0.007727 196 149 129
-0.010689 -0.014222 -0.008001 196 134 121
-0.010498 -0.010749 -0.007203 214 177 151
-0.010365 -0.012907 -0.008195 189 136 118
-0.009736 -0.011083 -0.008315 196 155 135
-0.009960 -0.013223 -0.009012 187 131 116
-0.011135 -0.015223 -0.009218 195 127 118
-0.010072 -0.010802 -0.008312 181 145 123
-0.009984 -0.012964 -0.009272 180 129 112
-0.010882 -0.015018 -0.009545 190 126 116
-0.009507 -0.011930 -0.009634 167 124 107
-0.010072 -0.014038 -0.010100 182 124 113
-0.009589 -0.012474 -0.010197 164 118 102
-0.010388 -0.014551 -0.010530 183 123 113
-0.009264 -0.012507 -0.010889 159 113 98
-0.010190 -0.014574 -0.011136 180 120 112
-0.009058 -0.011712 -0.011175 146 104 88
-0.009793 -0.013813 -0.011519 172 115 106
-0.011419 -0.015753 -0.011470 178 107 103
-0.008806 -0.012288 -0.011985 153 109 96
-0.009878 -0.014345 -0.012161 176 115 110
-0.008812 -0.012297 -0.012391 151 107 96
-0.009886 -0.014355 -0.012567 174 113 108
-0.008270 -0.011814 -0.012938 144 104 94
-0.009469 -0.013864 -0.013075 166 108 104
-0.011208 -0.015791 -0.012989 178 106 107
-0.008798 -0.012863 -0.013452 155 106 99
-0.010097 -0.014875 -0.013603 175 111 109
-0.009008 -0.013387 -0.014015 158 105 99
-0.010534 -0.015346 -0.014127 177 109 108
-0.009015 -0.013397 -0.014424 156 103 97
-0.010542 -0.015357 -0.014535 174 109 107
-0.008401 -0.012924 -0.015032 154 105 100
-0.009975 -0.014898 -0.015090 168 107 106
-0.008858 -0.013426 -0.015421 152 101 97
-0.010509 -0.015371 -0.015471 174 108 109
-0.008833 -0.013707 -0.016005 151 98 94
-0.010619 -0.015636 -0.015945 175 109 110
-0.010503 -0.015383 -0.016382 170 106 106
-0.007895 -0.012728 -0.017028 145 100 95
-0.012385 0.009953 0.046951 50 41 46
-0.011353 0.011232 0.046530 51 47 48
-0.012538 0.009507 0.046529 46 35 39
-0.012160 0.010417 0.046320 51 41 42
-0.013005 0.008623 0.046174 44 25 29
-0.012168 0.010424 0.046010 51 39 39
-0.013014 0.008629 0.045864 44 24 26
-0.010984 0.011449 0.045361 53 45 43
-0.012219 0.009738 0.045331 47 31 31
-0.012011 0.010196 0.045046 51 37 36
-0.012918 0.008399 0.044980 55 31 31
-0.011630 0.009943 0.044158 52 37 34
-0.011359 0.010632 0.043936 50 39 37
-0.012270 0.008826 0.043883 65 41 39
-0.005801 0.012339 0.039622 48 43 39
-0.008873 0.012098 0.041028 47 38 33
-0.003348 0.012740 0.037553 47 42 38
-0.009375 0.011699 0.040836 47 34 28
-0.003351 0.012749 0.037226 47 42 38
-0.009381 0.011707 0.040517 47 34 28
-0.002656 0.012853 0.036776 47 44 39
-0.009117 0.011899 0.040193 46 35 29
-0.008345 0.012278 0.039528 47 38 31
-0.010157 0.010592 0.040050 59 40 33
-0.006393 0.012929 0.038469 47 42 36
-0.009590 0.011486 0.039727 50 37 29
-0.002747 0.013623 0.036275 46 43 38
-0.008579 0.012555 0.039228 49 40 33
-0.009883 0.010802 0.039317 60 41 34
-0.005484 0.013557 0.037483 44 44 36
-0.009017 0.012144 0.038984 50 40 31
-0.009703 0.010284 0.038686 70 50 41
-0.007031 0.013048 0.037933 47 43 34
-0.009431 0.011481 0.038641 54 40 29
-0.003967 0.014112 0.036042 44 44 36
-0.008044 0.012732 0.038025 49 41 30
-0.009408 0.010984 0.038132 65 47 35
-0.005900 0.013666 0.036677 43 43 31
-0.008848 0.012141 0.037878 52 40 28
-0.009390 0.010255 0.037463 86 62 52
-0.007095 0.013128 0.036775 46 40 26
-0.008958 0.011434 0.037291 62 44 32
-0.005174 0.013866 0.035423 45 43 30
-0.008397 0.012344 0.036953 50 36 23
-0.009210 0.010488 0.036763 96 69 58
-0.004483 0.014696 0.035415 46 48 34
-0.007007 0.013180 0.035828 45 38 22
-0.008605 0.011420 0.036255 69 47 34
-0.006004 0.013796 0.035046 47 41 27
-0.008293 0.012132 0.035957 60 42 28
-0.008695 0.010227 0.035376 117 83 73
-0.004962 0.014435 0.034138 48 44 32
-0.007543 0.012815 0.035185 53 37 24
-0.008330 0.010914 0.035111 102 72 61
-0.004841 0.014825 0.034415 48 44 32
-0.006965 0.013246 0.034585 52 38 25
-0.008216 0.011405 0.034872 96 70 57
-0.004609 0.015281 0.034238 48 46 34
-0.006141 0.013683 0.033633 50 41 26
-0.007699 0.011856 0.034249 89 65 53
-0.004496 0.015527 0.033922 49 46 37
-0.006022 0.013925 0.033310 52 40 28
-0.007578 0.012095 0.033924 91 64 53
-0.004975 0.015633 0.033779 49 45 36
-0.005966 0.013941 0.032868 58 40 30
-0.007118 0.012044 0.033201 96 66 56
-0.005097 0.015408 0.033436 51 42 35
-0.006095 0.013718 0.032529 66 41 34
-0.007250 0.011821 0.032865 116 79 71
-0.005182 0.014847 0.032053 57 40 33
-0.006674 0.013031 0.032444 73 44 38
-0.006545 0.011010 0.031521 137 97 89
-0.005285 0.015724 0.032905 53 39 36
-0.005905 0.013966 0.031787 70 42 38
-0.006643 0.012015 0.031756 117 78 73
-0.005412 0.014654 0.031416 65 39 38
-0.006531 0.012808 0.031423 89 51 48
-0.005294 0.014899 0.031092 66 38 37
-0.006409 0.013050 0.031095 91 53 50
-0.006502 0.011044 0.030390 151 102 98
-0.006473 0.014747 0.031858 74 40 41
-0.006646 0.012862 0.030742 104 60 61
-0.007152 0.015916 0.033410 58 33 36
-0.006207 0.014073 0.030537 90 50 51
-0.006612 0.012068 0.030264 134 84 83
-0.007395 0.014645 0.031762 84 45 48
-0.007202 0.012689 0.030471 123 75 75
-0.008095 0.014891 0.032558 82 43 48
-0.007270 0.012983 0.030175 124 75 78
-0.009188 0.016715 0.034102 51 26 32
-0.008928 0.014804 0.032566 91 50 56
-0.008430 0.012841 0.030918 136 84 88
-0.009910 0.016056 0.034106 65 34 40
-0.008847 0.014108 0.031623 115 69 72
-0.008701 0.012119 0.030567 153 98 101
-0.010475 0.014898 0.033713 101 58 65
-0.010012 0.012955 0.032041 145 93 97
-0.011130 0.011209 0.031751 158 104 104
-0.010575 0.016878 0.034374 54 24 32
-0.010483 0.014908 0.033386 105 60 67
-0.010019 0.012964 0.031711 151 99 103
-0.011138 0.011217 0.031420 158 107 106
-0.011004 0.014689 0.033598 116 69 77
-0.011071 0.012808 0.032396 155 105 108
-0.012002 0.011071 0.031816 159 109 108
-0.011400 0.015977 0.034128 82 45 52
-0.011015 0.013991 0.032796 139 93 96
-0.011190 0.012134 0.031632 160 110 111
-0.011091 0.014473 0.032886 129 87 91
-0.011337 0.012633 0.031736 161 112 115
-0.011222 0.014252 0.032550 137 97 98
-0.011473 0.012412 0.031402 162 118 119
-0.010945 0.015429 0.032687 107 71 75
-0.011414 0.013606 0.031751 156 116 117
-0.012016 0.011812 0.030927 160 120 118
-0.011334 0.014070 0.031700 147 111 111
-0.011691 0.012241 0.030657 164 126 123
-0.011331 0.014086 0.031322 148 114 113
-0.011703 0.012243 0.030360 150 119 116
-0.011077 0.015232 0.031648 126 92 91
-0.011541 0.013404 0.030717 156 126 124
-0.012179 0.011598 0.029985 138 110 106
-0.011082 0.015733 0.031556 118 86 87
-0.011433 0.013869 0.030622 150 122 119
-0.011861 0.012018 0.029767 130 105 101
-0.010947 0.015493 0.030925 129 98 96
-0.011392 0.013644 0.030050 152 127 123
-0.012082 0.011829 0.029409 120 97 91
-0.011292 0.014341 0.030153 146 121 117
-0.011683 0.012476 0.029288 123 102 97
-0.012911 0.010741 0.029104 111 93 89
-0.011177 0.014583 0.029830 146 121 117
-0.011564 0.012715 0.028959 121 102 96
-0.012788 0.010977 0.028770 94 76 72
-0.011337 0.014128 0.029347 146 126 119
-0.011924 0.012290 0.028631 89 74 67
-0.011182 0.014597 0.029177 145 126 119
-0.011666 0.012741 0.028378 103 90 82
-0.012868 0.010997 0.028174 66 57 50
-0.011329 0.014373 0.028863 141 127 116
-0.011889 0.012531 0.028108 78 71 61
-0.013074 0.010782 0.027908 64 59 53
-0.010730 0.015521 0.028724 140 123 115
-0.011512 0.013695 0.028175 138 130 119
-0.012362 0.011896 0.027659 39 39 29
-0.011567 0.013941 0.028079 142 139 124
-0.012255 0.012118 0.027421 47 49 36
-0.010844 0.015301 0.028049 152 143 126
-0.011692 0.013487 0.027528 145 148 131
-0.012577 0.011690 0.027051 51 59 44
-0.011435 0.014420 0.027597 152 157 134
-0.012042 0.012583 0.026862 69 84 63
-0.013152 0.010793 0.026718 82 99 83
-0.011443 0.014430 0.027261 157 167 140
-0.012051 0.012592 0.026525 71 91 66
-0.013162 0.010800 0.026381 93 116 98
-0.010754 0.015564 0.027076 166 168 144
-0.011664 0.013756 0.026591 157 176 148
-0.012590 0.011948 0.026207 65 93 70
-0.013646 0.010113 0.026197 126 153 138
-0.011682 0.013998 0.026464 158 179 148
-0.012427 0.012170 0.025886 77 107 81
-0.013497 0.010350 0.025814 121 150 132
-0.010862 0.015347 0.026365 170 179 150
-0.011865 0.013546 0.025978 157 182 152
-0.012839 0.011743 0.025638 100 134 107
-0.011617 0.014253 0.025845 166 185 155
-0.012417 0.012427 0.025324 115 145 119
-0.013495 0.010607 0.025250 125 157 136
-0.011788 0.014030 0.025551 168 187 157
-0.012673 0.012214 0.025112 137 167 139
-0.013816 0.010402 0.025107 131 160 140
-0.011191 0.014931 0.025306 177 190 160
-0.012130 0.013116 0.024892 163 188 159
-0.013225 0.011321 0.024694 149 177 154
-0.011160 0.014931 0.024960 178 191 161
-0.012191 0.013127 0.024622 168 191 162
-0.013335 0.011332 0.024492 150 176 151
-0.014789 0.009524 0.024975 124 146 133
-0.010638 0.015612 0.024593 188 192 165
-0.011877 0.013828 0.024424 173 192 162
-0.012974 0.012031 0.024199 165 191 166
-0.014365 0.010219 0.024569 115 140 121
-0.010568 0.015607 0.024218 189 193 166
-0.011864 0.013836 0.024059 175 194 162
-0.013024 0.012040 0.023918 165 194 166
-0.014616 0.010235 0.024563 105 130 109
-0.011444 0.014758 0.023975 181 196 163
-0.012329 0.012936 0.023505 183 208 178
-0.013539 0.011114 0.023592 136 162 137
-0.015407 0.009346 0.024525 85 107 94
-0.011424 0.014770 0.023587 183 198 165
-0.012282 0.012939 0.023110 186 211 181
-0.013618 0.011113 0.023394 134 158 134
-0.015739 0.009375 0.024585 74 95 80
-0.010514 0.015630 0.023125 193 196 167
-0.011830 0.013861 0.022964 179 198 166
-0.013090 0.012062 0.022969 171 194 166
-0.014880 0.010265 0.023866 83 104 85
-0.011783 0.014100 0.022760 182 197 164
-0.012882 0.012279 0.022608 174 194 166
-0.014575 0.010473 0.023377 92 111 89
-0.016647 0.008755 0.024449 85 99 86
-0.011013 0.015235 0.022487 187 194 161
-0.012021 0.013412 0.022144 181 196 165
-0.013528 0.011613 0.022528 142 160 134
-0.015643 0.009858 0.023756 75 92 73
-0.011072 0.015251 0.022192 187 193 159
-0.012089 0.013421 0.021894 180 195 162
-0.013792 0.011640 0.022489 134 153 125
-0.015981 0.009897 0.023780 73 88 67
-0.011728 0.014363 0.021811 183 195 159
-0.012923 0.012544 0.021771 168 183 154
-0.014729 0.010746 0.022653 90 104 81
-0.016848 0.009036 0.023748 79 90 73
-0.011811 0.014606 0.021784 183 193 158
-0.012704 0.012758 0.021413 171 184 154
-0.014511 0.010976 0.022203 109 123 98
-0.016897 0.009285 0.023614 91 100 81
-0.010624 0.015699 0.021135 188 189 157
-0.012043 0.013914 0.021170 183 190 157
-0.013760 0.012145 0.021694 156 166 141
-0.015747 0.010372 0.022778 95 104 83
-0.017413 0.008628 0.023355 131 135 118
-0.012296 0.014163 0.021371 182 188 154
-0.013540 0.012348 0.021384 164 173 144
-0.015378 0.010574 0.022217 115 123 99
-0.017501 0.008877 0.023276 142 145 126
-0.011493 0.015305 0.021027 186 187 153
-0.012524 0.013469 0.020751 178 181 152
-0.014452 0.011718 0.021538 151 157 131
-0.016521 0.009974 0.022650 129 132 111
-0.012755 0.013683 0.021093 178 179 147
-0.014526 0.011930 0.021631 158 162 135
-0.016234 0.010166 0.022251 139 141 119
-0.017848 0.008424 0.022743 195 192 173
-0.012345 0.014884 0.021042 185 182 149
-0.013180 0.013011 0.020668 176 175 147
-0.015020 0.011261 0.021334 152 152 128
-0.017172 0.009560 0.022408 162 160 139
-0.013583 0.012981 0.021125 176 172 143
-0.015360 0.011258 0.021561 157 155 130
-0.017261 0.009550 0.022267 171 166 144
-0.014781 0.012160 0.021293 172 166 140
-0.016233 0.010394 0.021492 160 154 130
-0.017807 0.008656 0.021873 208 200 177
-0.015134 0.012138 0.021642 174 167 139
-0.016317 0.010370 0.021418 166 159 133
-0.017880 0.008653 0.021671 214 204 179
-0.015683 0.011263 0.021083 176 164 140
-0.017339 0.009548 0.021414 198 186 162
-0.018639 0.007810 0.021400 237 222 201
-0.015992 0.011010 0.021151 175 161 135
-0.017491 0.009297 0.021219 200 184 159
-0.015731 0.011703 0.021065 173 156 130
-0.016791 0.009926 0.020694 185 167 143
-0.018261 0.008224 0.020732 225 205 181
-0.016013 0.010978 0.020703 173 155 131
-0.017457 0.009260 0.020678 195 175 151
-0.018761 0.007546 0.020539 213 193 169
-0.015896 0.011218 0.020363 171 149 126
-0.017335 0.009497 0.020334 190 165 143
-0.018635 0.007778 0.020189 207 183 159
-0.016109 0.010212 0.019912 176 149 128
-0.017750 0.008525 0.020064 198 172 149
-0.018986 0.006776 0.019973 194 170 144
-0.016121 0.010219 0.019567 179 151 130
-0.017763 0.008531 0.019719 195 169 144
-0.019000 0.006781 0.019629 188 164 136
-0.016917 0.009300 0.019634 190 159 138
-0.018046 0.007516 0.019435 190 164 137
-0.019645 0.005865 0.019509 183 158 127
-0.017062 0.009075 0.019287 192 162 138
-0.018195 0.007292 0.019093 183 156 129
-0.016075 0.009638 0.018658 193 158 136
-0.017629 0.007908 0.018842 190 159 131
-0.019167 0.006229 0.018881 170 141 111
-0.016769 0.009262 0.018581 194 158 136
-0.017947 0.007472 0.018461 181 147 120
-0.019633 0.005840 0.018560 165 134 105
-0.015946 0.009610 0.017928 191 153 132
-0.017626 0.007894 0.018226 185 147 124
-0.019180 0.006219 0.018260 175 138 112
-0.016809 0.009003 0.017892 193 150 131
-0.018093 0.007232 0.017847 179 137 115
-0.019787 0.005601 0.017951 193 151 127
-0.016712 0.008948 0.017681 192 146 130
-0.018084 0.007189 0.017704 182 133 116
-0.019743 0.005558 0.017730 205 158 138
-0.017647 0.007862 0.017409 174 125 108
-0.019169 0.006185 0.017358 204 153 136
-0.017726 0.007516 0.017577 175 123 109
-0.019161 0.005833 0.017370 218 162 149
-0.020512 0.004149 0.017171 204 163 141
-0.017492 0.007980 0.017296 179 127 113
-0.018715 0.006225 0.017051 203 147 134
-0.020164 0.004572 0.016823 215 166 151
-0.019002 0.005664 0.017262 208 152 139
-0.020373 0.004015 0.016854 196 151 132
-0.018595 0.006059 0.017021 196 143 129
-0.020040 0.004435 0.016558 192 145 129
-0.019439 0.005173 0.017031 193 140 126
-0.020868 0.003553 0.016582 192 151 129
-0.019452 0.005176 0.016682 184 133 116
-0.020883 0.003556 0.016232 194 153 131
-0.020294 0.004092 0.016295 174 129 108
-0.019351 0.005340 0.016410 183 141 119
-0.020776 0.003718 0.015890 191 151 126
-0.020309 0.003746 0.015970 183 141 117
-0.019717 0.004598 0.015902 166 130 104
-0.021165 0.002976 0.015429 211 169 145
-0.020635 0.002469 0.015279 211 166 143
-0.020922 0.000572 0.014077 189 141 119
-0.020350 0.002894 0.015076 215 173 149
-0.020959 0.001054 0.014170 191 143 121
-0.020158 0.001702 0.014802 200 149 128
-0.020473 -0.000219 0.013674 192 137 117
-0.020856 -0.002144 0.012743 200 152 129
-0.020173 0.001704 0.014449 197 146 125
-0.020487 -0.000218 0.013319 191 134 115
-0.020871 -0.002145 0.012386 201 151 128
-0.020268 0.000367 0.013947 184 132 111
-0.020459 -0.001606 0.012811 196 144 123
-0.022181 -0.003208 0.012882 196 152 127
-0.020380 -0.000354 0.013112 188 131 112
-0.021069 -0.002206 0.012339 200 148 126
-0.020338 -0.000176 0.013243 183 130 112
-0.021110 -0.002007 0.012493 197 145 123
-0.020582 -0.001376 0.012185 189 137 116
-0.022485 -0.002920 0.012285 193 145 122
-0.021207 -0.001774 0.012183 190 138 116
-0.020918 -0.001611 0.011856 185 134 113
-0.022844 -0.003152 0.011981 190 142 119
-0.021896 -0.002433 0.011819 188 138 115
-0.020632 -0.000948 0.011522 178 132 109
-0.022191 -0.002612 0.011466 183 133 110
-0.021933 -0.002458 0.011244 178 130 107
-0.023351 -0.004155 0.011205 168 124 99
-0.021060 -0.001646 0.010789 175 130 107
-0.022771 -0.003286 0.010962 172 126 102
-0.021079 -0.001644 0.010424 171 129 104
-0.022734 -0.003310 0.010618 167 123 98
-0.020837 -0.001187 0.010134 170 134 108
-0.022350 -0.002895 0.010221 164 120 95
-0.021434 -0.001821 0.009773 171 134 107
-0.022895 -0.003534 0.009829 160 118 93
-0.021449 -0.001822 0.009412 178 144 116
-0.022911 -0.003535 0.009468 163 123 97
-0.022334 -0.002920 0.009119 171 134 107
-0.021417 -0.001841 0.008652 189 160 130
-0.022786 -0.003580 0.008632 165 128 101
-0.021416 -0.002123 0.008248 192 163 133
-0.022572 -0.003918 0.008067 162 128 100
-0.020866 -0.001475 0.007842 206 185 154
-0.022259 -0.003223 0.007850 184 150 122
-0.021150 -0.002206 0.007353 215 192 161
-0.021926 -0.004103 0.006879 182 151 123
-0.021276 -0.002438 0.006915 227 204 172
-0.021634 -0.004426 0.006038 188 158 130
-0.020644 -0.002074 0.006336 235 220 187
-0.020915 -0.004102 0.005452 204 177 148
-0.020760 -0.003101 0.005514 234 213 182
-0.020398 -0.005265 0.003980 200 175 144
-0.019829 -0.003857 0.004127 224 203 172
-0.019002 -0.006148 0.002186 214 187 157
-0.019973 -0.003298 0.004114 228 213 182
-0.019575 -0.005490 0.002585 216 195 164
-0.019664 -0.002322 0.004040 203 202 171
-0.018852 -0.004638 0.002318 226 213 181
-0.018063 -0.006935 0.000379 225 204 173
-0.019665 -0.002848 0.003343 202 203 172
-0.018917 -0.005153 0.001664 232 219 187
-0.018023 -0.007477 -0.000389 230 207 175
-0.019193 -0.002705 0.002746 183 190 159
-0.018056 -0.005123 0.000838 233 228 196
-0.017685 -0.007325 -0.000789 234 215 183
-0.018065 -0.004320 0.000835 206 207 176
-0.017700 -0.006528 -0.000723 220 205 174
-0.017148 -0.007200 -0.001922 202 183 153
-0.017160 -0.007205 -0.002306 184 163 136
-0.016896 -0.006734 -0.002669 169 149 125
-0.017039 -0.007508 -0.003427 152 124 102
-0.012477 -0.006881 -0.017577 34 35 21
-0.012328 -0.006641 -0.018003 31 32 16
-0.011067 -0.006251 -0.018238 25 28 11
-0.011910 -0.007078 -0.019134 37 31 17
-0.000703 0.000290 0.038888 40 49 54
0.002165 0.002721 0.038208 40 48 51
0.000650 0.001119 0.038267 40 48 51
-0.001534 -0.000183 0.038688 40 49 54
0.002334 0.002934 0.037881 40 48 51
0.000821 0.001327 0.037936 40 48 51
-0.001361 0.000021 0.038355 39 48 53
0.003038 0.003766 0.037555 41 46 50
0.001622 0.002112 0.037551 42 47 51
-0.000059 0.000585 0.037685 42 47 51
0.002703 0.003346 0.037211 41 46 50
0.001255 0.001708 0.037225 42 47 51
-0.000703 0.000303 0.037493 38 46 49
0.002348 0.002935 0.036877 41 46 50
0.000808 0.001336 0.036944 42 47 51
-0.002214 0.000402 0.037728 36 44 47
0.001981 0.002528 0.036550 41 46 50
0.000289 0.000996 0.036692 41 46 50
-0.003312 0.000327 0.037769 40 45 49
0.002695 0.003358 0.036215 41 44 49
0.001123 0.001764 0.036301 42 45 50
-0.002493 0.001086 0.037343 39 47 50
0.002696 0.003360 0.035880 41 44 49
0.001124 0.001765 0.035966 42 45 50
-0.002495 0.001087 0.037011 40 45 49
0.002143 0.002748 0.035555 41 44 49
-0.000527 0.001615 0.036229 42 45 50
0.002518 0.003158 0.035208 41 44 49
0.000589 0.001708 0.035493 42 45 50
0.002257 0.002986 0.034919 40 43 48
-0.002230 0.002609 0.036558 44 45 50
0.002847 0.003590 0.034552 40 43 48
0.000932 0.002130 0.034819 42 45 50
0.002309 0.003248 0.034321 40 43 50
-0.002807 0.003124 0.036320 43 44 49
0.002478 0.003462 0.033989 40 43 50
-0.002636 0.003331 0.035987 43 44 49
0.002925 0.004127 0.033695 42 43 48
-0.000207 0.003143 0.034697 42 43 48
0.001857 0.003709 0.033686 40 43 50
-0.001503 0.004472 0.035188 42 42 50
-0.001504 0.004476 0.034854 42 42 50
-0.002802 0.005240 0.035528 41 41 49
-0.000888 0.005045 0.034214 41 42 47
0.001114 0.005396 0.032982 40 41 46
-0.003469 0.006312 0.035323 41 42 47
-0.000255 0.006752 0.033472 40 41 45
0.001017 0.007644 0.032923 39 40 44
-0.001177 0.006287 0.033383 40 41 46
-0.002273 0.008331 0.034438 37 41 44
-0.000395 0.008992 0.033488 38 42 45
-0.003379 0.007953 0.034424 36 40 43
-0.000471 0.010368 0.033832 39 48 45
-0.004154 0.009575 0.035235 32 41 40
-0.002113 0.009894 0.034077 35 44 41
-0.005737 0.009120 0.035407 34 40 40
-0.002865 0.011241 0.034716 40 51 45
-0.006520 0.010469 0.036100 30 41 37
-0.001843 0.011687 0.034061 37 50 43
-0.005438 0.010863 0.035435 32 43 39
-0.008054 0.009761 0.036066 34 43 42
-0.002322 0.012673 0.034354 33 45 41
-0.005701 0.011757 0.035639 33 44 38
-0.008772 0.010810 0.036630 34 43 40
-0.004844 0.011982 0.034982 31 42 36
-0.008174 0.011109 0.036170 35 44 39
-0.005353 0.012713 0.035169 28 39 35
-0.008596 0.011802 0.036332 35 41 37
-0.005195 0.012928 0.034848 28 39 35
-0.008436 0.012012 0.036008 33 39 35
-0.002921 0.014259 0.033944 34 45 41
-0.006135 0.013288 0.035070 29 38 33
-0.009037 0.012278 0.035919 34 40 36
-0.003082 0.014057 0.033603 34 45 39
-0.006303 0.013091 0.034736 27 36 31
-0.009210 0.012086 0.035593 35 41 37
-0.005346 0.014075 0.034365 34 43 38
-0.008428 0.013102 0.035371 31 37 33
-0.003572 0.014508 0.033388 34 45 39
-0.007001 0.013630 0.034612 29 38 33
-0.009472 0.012463 0.035202 36 41 37
-0.006325 0.014178 0.034218 34 43 38
-0.008906 0.013012 0.034988 32 39 32
-0.006168 0.014394 0.033897 34 43 38
-0.008747 0.013223 0.034664 34 41 34
-0.006730 0.014341 0.033810 35 41 37
-0.009030 0.013055 0.034476 41 46 40
-0.010501 0.011506 0.034522 40 40 38
-0.005525 0.015227 0.033334 35 41 37
-0.007622 0.013879 0.033721 41 46 40
-0.009762 0.012543 0.034293 43 45 40
-0.005787 0.015832 0.033511 36 42 40
-0.007281 0.014282 0.033432 41 43 38
-0.009505 0.012957 0.034117 49 51 46
-0.010759 0.011326 0.034021 36 35 31
-0.005062 0.015841 0.032880 36 42 40
-0.007051 0.014469 0.033072 37 42 36
-0.009185 0.013112 0.033667 53 55 50
-0.010579 0.011529 0.033673 36 35 31
-0.006330 0.016020 0.033297 36 41 37
-0.007445 0.014339 0.032956 42 44 39
-0.009621 0.012991 0.033620 50 51 45
-0.010819 0.011341 0.033475 35 31 28
-0.006753 0.015399 0.032836 37 39 34
-0.008055 0.013772 0.032694 53 54 49
-0.010129 0.012398 0.033277 43 42 37
-0.006615 0.016107 0.032962 38 40 37
-0.007458 0.014343 0.032372 41 42 37
-0.009503 0.012952 0.032913 50 49 44
-0.010727 0.011312 0.032762 35 31 28
-0.006620 0.016117 0.032633 38 40 37
-0.007464 0.014352 0.032042 42 43 38
-0.009510 0.012961 0.032585 48 47 42
-0.010734 0.011320 0.032433 34 30 27
-0.006936 0.015944 0.032528 37 39 36
-0.007467 0.014089 0.031630 44 43 39
-0.009317 0.012640 0.031969 45 44 39
-0.010574 0.011019 0.031792 34 29 26
-0.006918 0.015198 0.031629 38 39 34
-0.008102 0.013535 0.031353 46 45 40
-0.009736 0.012025 0.031500 38 35 30
-0.007165 0.015760 0.031979 38 39 34
-0.007411 0.013823 0.030783 37 36 31
-0.009115 0.012337 0.030944 38 33 29
-0.007331 0.015563 0.031639 37 38 32
-0.007581 0.013627 0.030444 30 29 24
-0.009290 0.012143 0.030610 35 30 26
-0.007326 0.014804 0.030817 38 37 32
-0.008137 0.013045 0.030103 25 20 14
-0.009431 0.011435 0.029886 39 31 28
-0.007600 0.015394 0.031109 40 37 32
-0.007719 0.013427 0.029741 16 11 5
-0.009248 0.011891 0.029714 35 28 22
-0.008563 0.015679 0.031713 40 35 31
-0.007987 0.013511 0.029674 19 12 6
-0.009361 0.011925 0.029511 43 34 29
-0.008325 0.014865 0.030616 39 34 30
-0.008511 0.012921 0.029294 33 26 20
-0.009600 0.011239 0.028909 66 57 52
-0.009646 0.015764 0.031894 40 35 31
-0.008692 0.013484 0.029502 28 21 15
-0.009702 0.011781 0.029024 67 56 54
-0.009085 0.015364 0.030811 42 34 31
-0.008784 0.013275 0.029039 39 30 25
-0.009451 0.011449 0.028290 82 71 69
-0.010299 0.016467 0.032227 42 34 31
-0.008972 0.014083 0.029465 33 26 20
-0.009734 0.012306 0.028738 74 60 59
-0.010069 0.010357 0.027766 119 105 105
-0.010147 0.016684 0.031908 41 33 30
-0.008814 0.014299 0.029138 43 36 30
-0.009572 0.012519 0.028404 82 68 67
-0.009904 0.010566 0.027427 127 113 112
-0.009653 0.016052 0.030731 43 34 29
-0.008757 0.013781 0.028402 59 48 42
-0.009396 0.011951 0.027594 109 95 92
-0.009879 0.016622 0.030993 45 34 30
-0.008760 0.014293 0.028432 61 50 44
-0.009398 0.012469 0.027591 110 97 91
-0.009743 0.010520 0.026609 153 139 136
-0.009810 0.016350 0.030460 43 33 24
-0.008964 0.014097 0.028163 80 67 58
-0.009308 0.012182 0.027035 132 119 111
-0.009794 0.010279 0.026164 169 156 150
-0.009284 0.015462 0.029028 46 32 23
-0.008827 0.013311 0.027118 115 101 90
-0.009096 0.011352 0.025977 164 151 142
-0.009783 0.015856 0.029413 56 42 29
-0.009038 0.013623 0.027217 123 109 96
-0.009217 0.011649 0.025938 170 158 144
-0.009601 0.015310 0.028524 72 53 38
-0.009001 0.013113 0.026468 152 135 117
-0.009184 0.011129 0.025226 185 177 158
-0.009900 0.016400 0.029256 85 56 38
-0.009246 0.014200 0.027126 137 115 91
-0.009167 0.012151 0.025576 186 171 148
-0.009780 0.010286 0.024805 190 185 163
-0.009908 0.016411 0.028924 98 66 45
-0.009253 0.014210 0.026790 152 127 97
-0.009173 0.012159 0.025236 198 184 155
-0.009787 0.010293 0.024463 194 193 163
-0.009406 0.015522 0.027527 113 78 56
-0.008869 0.013340 0.025526 192 169 138
-0.009089 0.011364 0.024307 215 209 173
-0.009723 0.015871 0.027704 121 85 61
-0.009102 0.013668 0.025610 189 165 131
-0.009326 0.011703 0.024358 213 205 166
-0.009404 0.015275 0.026712 132 95 66
-0.008998 0.013128 0.024830 197 175 138
-0.009265 0.011166 0.023639 209 206 165
-0.009366 0.016032 0.026874 137 95 70
-0.008883 0.013866 0.024911 189 159 125
-0.009188 0.011925 0.023720 211 199 159
-0.009946 0.010092 0.023109 193 195 156
-0.009402 0.015784 0.026454 147 106 78
-0.009052 0.013656 0.024607 190 164 127
-0.009298 0.011700 0.023338 208 200 161
-0.009967 0.009838 0.022634 191 195 160
-0.009238 0.014734 0.025197 170 135 103
-0.009027 0.012641 0.023478 207 187 150
-0.009243 0.010650 0.022259 200 198 160
-0.009243 0.014732 0.024908 175 140 108
-0.008999 0.012631 0.023133 203 185 147
-0.009064 0.010592 0.021760 197 195 157
-0.009124 0.015468 0.024998 171 131 105
-0.008825 0.013352 0.023169 193 171 134
-0.008901 0.011330 0.021749 202 194 157
-0.009091 0.015457 0.024661 180 140 114
-0.008886 0.013371 0.022910 192 169 135
-0.008868 0.011314 0.021411 198 190 151
-0.009832 0.009533 0.021007 185 186 152
-0.009091 0.014457 0.023529 188 157 126
-0.009050 0.012412 0.021947 196 180 144
-0.009056 0.010331 0.020579 188 184 146
-0.009184 0.014486 0.023303 191 160 129
-0.009260 0.012468 0.021871 194 178 142
-0.009111 0.010326 0.020400 186 182 144
-0.009138 0.015492 0.023692 199 163 137
-0.009057 0.013435 0.022076 192 169 135
-0.009065 0.011372 0.020640 192 182 146
-0.009827 0.009512 0.020075 183 179 144
-0.009470 0.013804 0.022406 191 168 134
-0.009891 0.011872 0.021387 192 182 146
-0.009945 0.009778 0.020171 182 177 145
-0.009272 0.015035 0.022773 207 173 145
-0.009329 0.012997 0.021371 194 176 140
-0.009225 0.010865 0.019946 186 180 144
-0.010616 0.009214 0.019974 179 174 144
-0.009320 0.015042 0.022546 208 174 147
-0.009526 0.013025 0.021391 197 178 145
-0.009801 0.011002 0.020391 186 180 144
-0.011131 0.009333 0.020356 177 171 139
-0.009451 0.014054 0.021628 198 175 143
-0.010104 0.012169 0.020928 193 183 147
-0.010399 0.010149 0.019955 178 172 138
-0.011949 0.008560 0.020132 177 168 139
-0.009474 0.014297 0.021619 200 175 144
-0.010040 0.012355 0.020964 194 181 146
-0.010915 0.010502 0.020638 178 172 138
-0.012391 0.008890 0.020743 174 163 135
-0.009431 0.013495 0.020784 194 178 144
-0.010375 0.011663 0.020517 190 182 146
-0.011235 0.009816 0.020127 172 163 130
-0.012923 0.008295 0.020364 173 157 131
-0.009323 0.013700 0.020641 193 177 144
-0.010326 0.011858 0.020551 190 180 145
-0.011696 0.010150 0.020782 172 161 129
-0.013241 0.008579 0.020883 170 153 127
-0.008848 0.014890 0.020573 204 178 151
-0.009348 0.012897 0.019950 195 182 147
-0.010568 0.011111 0.020123 182 174 138
-0.012097 0.009496 0.020321 165 150 121
-0.014097 0.008143 0.020614 177 153 129
-0.009307 0.013133 0.019825 193 180 146
-0.010458 0.011324 0.019930 187 177 142
-0.012657 0.009937 0.020740 163 146 116
-0.014518 0.008514 0.021005 172 146 121
-0.008926 0.014370 0.019782 190 171 141
-0.009558 0.012395 0.019374 184 174 139
-0.011308 0.010792 0.020005 171 160 128
-0.013417 0.009426 0.020537 159 138 111
-0.015238 0.008024 0.020660 183 150 131
-0.009852 0.012471 0.019418 177 167 132
-0.011873 0.010996 0.020130 165 152 120
-0.014118 0.009677 0.020816 156 132 106
-0.015820 0.008209 0.020956 185 148 129
-0.009498 0.013449 0.019255 169 156 124
-0.010550 0.011623 0.019173 168 158 123
-0.013264 0.010432 0.020349 156 135 106
-0.015039 0.008966 0.020605 163 131 108
-0.011361 0.011895 0.019584 159 150 117
-0.013847 0.010627 0.020580 149 128 99
-0.015483 0.009104 0.020760 161 126 104
-0.017002 0.007554 0.020858 205 162 146
-0.010583 0.012714 0.019104 153 144 111
-0.012670 0.011282 0.019793 149 134 103
-0.014594 0.009833 0.020289 148 118 94
-0.016214 0.008327 0.020389 185 140 121
-0.011574 0.012773 0.019542 147 141 107
-0.013655 0.011353 0.020209 149 132 102
-0.015077 0.009717 0.020335 152 117 95
-0.016580 0.008168 0.020344 190 141 124
-0.011139 0.013436 0.019241 143 137 105
-0.012876 0.011886 0.019618 148 137 105
-0.014655 0.010370 0.020044 149 119 93
-0.016192 0.008823 0.020100 173 126 106
-0.017403 0.007150 0.019968 207 153 141
-0.012285 0.013017 0.019506 142 136 102
-0.014345 0.011597 0.020139 149 132 102
-0.015341 0.009803 0.019931 156 118 97
-0.016675 0.008189 0.019798 190 134 117
-0.017454 0.006353 0.019282 197 145 134
-0.012127 0.013235 0.019165 138 134 99
-0.014185 0.011811 0.019795 148 133 102
-0.015178 0.010014 0.019583 155 117 96
-0.016510 0.008396 0.019445 184 128 111
-0.017285 0.006556 0.018925 201 144 133
-0.013740 0.012719 0.019672 140 131 98
-0.015094 0.011054 0.019735 153 126 99
-0.015822 0.009180 0.019219 166 118 98
-0.017228 0.007602 0.019121 199 137 126
-0.016839 0.005239 0.017895 200 146 136
-0.013750 0.012728 0.019326 147 138 105
-0.015104 0.011062 0.019390 160 133 106
-0.015834 0.009187 0.018872 171 120 101
-0.017240 0.007607 0.018774 197 133 123
-0.016851 0.005243 0.017545 205 146 138
-0.013097 0.013566 0.019032 149 146 113
-0.014801 0.012029 0.019329 164 147 117
-0.015397 0.010083 0.018796 174 132 110
-0.016367 0.008313 0.018412 185 123 108
-0.017012 0.006418 0.017763 205 142 133
-0.013274 0.013367 0.018680 157 152 120
-0.014982 0.011832 0.018982 173 154 124
-0.015582 0.009887 0.018451 179 134 113
-0.016556 0.008118 0.018069 187 124 109
-0.017205 0.006223 0.017423 209 146 137
-0.013100 0.014114 0.018610 164 163 132
-0.014717 0.012542 0.018840 174 159 128
-0.015342 0.010600 0.018351 188 152 128
-0.016050 0.008721 0.017773 183 126 109
-0.017090 0.006966 0.017500 195 129 117
-0.016898 0.004672 0.016413 209 150 142
-0.013426 0.013696 0.018256 170 167 136
-0.014863 0.012060 0.018343 183 166 136
-0.015423 0.010095 0.017785 188 150 127
-0.016267 0.008266 0.017314 182 123 107
-0.016916 0.006342 0.016775 205 143 132
-0.013355 0.014223 0.018078 161 164 133
-0.014731 0.012559 0.018131 184 173 143
-0.015266 0.010572 0.017609 188 158 134
-0.015964 0.008685 0.017019 182 133 116
-0.016982 0.006895 0.016824 192 135 118
-0.016861 0.004630 0.015775 204 148 133
-0.013832 0.013589 0.017712 161 162 130
-0.014963 0.011836 0.017575 198 184 155
-0.015576 0.009883 0.017084 174 144 120
-0.016346 0.008020 0.016562 188 141 123
-0.017021 0.006076 0.016161 204 152 131
-0.009806 0.016751 0.015153 87 93 67
-0.012890 0.015485 0.017338 142 151 122
-0.013996 0.013663 0.017440 156 161 129
-0.014835 0.011800 0.017088 204 195 166
-0.015531 0.009865 0.016704 169 145 121
-0.016256 0.007981 0.016155 189 151 130
-0.016959 0.006033 0.015832 198 152 128
-0.017585 0.004124 0.015125 189 144 115
-0.013548 0.014322 0.017108 135 144 115
-0.014682 0.012564 0.016984 189 188 158
-0.015177 0.010547 0.016473 165 151 125
-0.015921 0.008670 0.015926 175 151 127
-0.016902 0.006851 0.015742 196 160 136
-0.016878 0.004614 0.014787 182 139 107
-0.009231 0.017170 0.014000 81 94 68
-0.012658 0.016005 0.016485 116 131 102
-0.013818 0.014170 0.016762 121 132 102
-0.014762 0.012341 0.016497 202 203 172
-0.015225 0.010299 0.016009 157 147 120
-0.016060 0.008451 0.015554 182 162 138
-0.016995 0.006615 0.015317 194 164 136
-0.017100 0.004425 0.014482 174 134 98
-0.011993 0.016358 0.015694 102 116 90
-0.013497 0.014617 0.016342 118 131 103
-0.014627 0.012839 0.016287 177 182 152
-0.014909 0.010734 0.015630 168 162 136
-0.015805 0.008896 0.015273 165 153 129
-0.016785 0.007090 0.015007 197 173 145
-0.016814 0.004845 0.014218 178 144 106
-0.009465 0.017273 0.013444 79 93 68
-0.012818 0.016089 0.015839 107 121 95
-0.013880 0.014218 0.016037 103 113 86
-0.014702 0.012342 0.015668 182 185 158
-0.015098 0.010260 0.015173 159 153 129
-0.016052 0.008450 0.014829 184 172 148
-0.016934 0.006598 0.014509 189 166 135
-0.017167 0.004452 0.013795 178 143 105
-0.009027 0.017697 0.012920 88 102 77
-0.012189 0.016453 0.015087 100 114 88
-0.013563 0.014668 0.015615 98 111 85
-0.014608 0.012856 0.015493 158 160 136
-0.014783 0.010699 0.014782 164 162 137
-0.015802 0.008898 0.014553 172 164 141
-0.016710 0.007067 0.014191 190 170 143
-0.016862 0.004868 0.013500 184 154 116
-0.010476 0.017054 0.013439 81 93 69
-0.013255 0.015703 0.015277 96 110 84
-0.014230 0.013818 0.015315 108 113 90
-0.014612 0.011777 0.014593 183 183 159
-0.015300 0.009796 0.014348 167 156 134
-0.016161 0.007947 0.013927 195 180 157
-0.016871 0.006000 0.013566 193 167 134
-0.017808 0.004176 0.013250 185 151 113
-0.010484 0.017066 0.013084 80 94 69
-0.013265 0.015714 0.014926 87 101 75
-0.014240 0.013828 0.014964 99 104 81
-0.014622 0.011786 0.014240 176 176 152
-0.015311 0.009803 0.013994 173 162 140
-0.016173 0.007953 0.013572 196 181 158
-0.016883 0.006005 0.013210 196 169 139
-0.017821 0.004180 0.012893 186 154 116
-0.010035 0.017757 0.012678 82 96 73
-0.013038 0.016477 0.014671 95 109 84
-0.013774 0.014495 0.014557 70 80 56
-0.014491 0.012580 0.014076 133 137 114
-0.014683 0.010397 0.013490 158 153 131
-0.015786 0.008616 0.013350 189 178 160
-0.016539 0.006694 0.012967 183 167 142
-0.017010 0.004626 0.012490 197 169 132
-0.010682 0.017413 0.012704 71 87 61
-0.013243 0.015997 0.014300 80 94 69
-0.014091 0.014066 0.014219 69 77 54
-0.014425 0.012005 0.013444 137 139 117
-0.015026 0.009976 0.013165 165 157 136
-0.015930 0.008124 0.012837 196 183 166
-0.016617 0.006154 0.012485 196 177 147
-0.017634 0.004344 0.012283 202 176 139
-0.010557 0.017673 0.012277 77 91 68
-0.013398 0.016351 0.014097 81 95 70
-0.013958 0.014309 0.013821 53 63 39
-0.014658 0.012383 0.013335 115 118 97
-0.014738 0.010147 0.012685 154 149 129
-0.015874 0.008364 0.012629 192 180 164
-0.016591 0.006417 0.012248 188 172 146
-0.017174 0.004395 0.011837 215 193 156
-0.012038 0.017034 0.012886 82 97 74
-0.013608 0.015313 0.013541 53 65 41
-0.014496 0.013414 0.013398 69 77 54
-0.014462 0.011186 0.012440 128 125 106
-0.015361 0.009276 0.012346 180 171 154
-0.016096 0.007343 0.011931 179 164 145
-0.016740 0.005332 0.011629 222 208 173
-0.012941 0.017042 0.013306 87 102 79
-0.013613 0.015029 0.013153 43 55 33
-0.014446 0.013126 0.012873 65 70 50
-0.014215 0.010777 0.011959 124 121 104
-0.015289 0.008940 0.011956 184 175 160
-0.016021 0.006993 0.011581 168 155 136
-0.016640 0.004978 0.011209 231 217 182
-0.012106 0.017343 0.012368 83 98 75
-0.013541 0.015575 0.012904 55 69 46
-0.014309 0.013627 0.012671 51 58 40
-0.014209 0.011357 0.011720 100 98 83
-0.015016 0.009394 0.011612 169 162 146
-0.015801 0.007465 0.011282 179 165 152
-0.016511 0.005484 0.010990 218 209 178
-0.018407 0.004092 0.011224 223 204 171
-0.011020 0.018121 0.011426 94 109 86
-0.013526 0.016700 0.012887 91 106 85
-0.013839 0.014567 0.012398 48 60 40
-0.014432 0.012574 0.011923 66 68 54
-0.014193 0.010158 0.011263 118 114 102
-0.015416 0.008384 0.011328 183 170 161
-0.016152 0.006432 0.010967 169 158 140
-0.016968 0.004536 0.010547 227 217 181
-0.011029 0.018133 0.011070 101 116 93
-0.013536 0.016712 0.012533 95 110 89
-0.013849 0.014578 0.012042 53 65 45
-0.014443 0.012583 0.011567 57 61 46
-0.014203 0.010165 0.010904 111 107 95
-0.015427 0.008391 0.010969 180 167 159
-0.016164 0.006437 0.010606 167 155 139
-0.016980 0.004540 0.010186 222 216 180
-0.012713 0.017306 0.011638 103 118 95
-0.013951 0.015498 0.011882 69 82 64
-0.014381 0.013413 0.011431 46 54 39
-0.014040 0.010961 0.010685 76 74 62
-0.014688 0.008890 0.010648 162 153 144
-0.015673 0.007030 0.010472 165 155 143
-0.016575 0.005146 0.010200 203 200 169
-0.018637 0.003873 0.010309 222 207 176
-0.011345 0.018257 0.010611 115 130 107
-0.013679 0.016791 0.011862 103 118 97
-0.013915 0.014636 0.011268 63 74 57
-0.014359 0.012558 0.010783 45 49 35
-0.013935 0.010008 0.010266 92 88 79
-0.015209 0.008248 0.010361 170 159 155
-0.016022 0.006329 0.010004 159 149 137
-0.016980 0.004508 0.009581 218 215 182
-0.011491 0.018593 0.010477 131 147 121
-0.013631 0.017081 0.011468 113 131 107
-0.014106 0.015027 0.010994 74 87 69
-0.014418 0.012894 0.010439 42 48 34
-0.013781 0.010243 0.009843 75 72 65
-0.014806 0.008338 0.009966 158 149 144
-0.015735 0.006455 0.009730 149 141 128
-0.016789 0.004647 0.009491 193 193 159
-0.012798 0.017637 0.010740 125 143 119
-0.013932 0.015805 0.010822 99 112 94
-0.014154 0.013639 0.010199 57 65 50
-0.013721 0.011114 0.009538 46 46 36
-0.014319 0.008997 0.009561 125 118 112
-0.015359 0.007144 0.009461 158 147 143
-0.016372 0.005298 0.009271 150 150 124
-0.018467 0.004048 0.009308 202 195 166
-0.013673 0.017376 0.010951 130 148 124
-0.013995 0.015267 0.010340 96 109 91
-0.014083 0.013049 0.009600 47 55 40
-0.013510 0.010434 0.008981 52 49 42
-0.014455 0.008475 0.009125 134 124 123
-0.015425 0.006580 0.009035 145 136 127
-0.016641 0.004820 0.008982 150 153 122
-0.019032 0.003700 0.009244 195 186 157
-0.013270 0.017533 0.010320 143 161 135
-0.014185 0.015634 0.010177 110 125 104
-0.014213 0.013396 0.009388 56 67 51
-0.013784 0.010876 0.008683 39 39 31
-0.014369 0.008746 0.008705 117 109 106
-0.015412 0.006863 0.008748 144 135 130
-0.016553 0.005051 0.008734 122 127 97
-0.018632 0.003783 0.008797 184 181 150
-0.012734 0.018424 0.010159 169 185 158
-0.014244 0.016745 0.010428 135 153 129
-0.014160 0.014484 0.009502 92 105 87
-0.014067 0.012184 0.008643 37 40 29
-0.013691 0.009639 0.008151 56 53 48
-0.014773 0.007732 0.008397 138 126 126
-0.015763 0.005831 0.008381 119 117 104
-0.017170 0.004141 0.008517 157 163 129
-0.012958 0.018228 0.009885 168 187 159
-0.014079 0.016414 0.009834 134 149 126
-0.013958 0.014129 0.008898 84 95 79
-0.013723 0.011742 0.008063 30 33 22
-0.013839 0.009403 0.007851 57 52 49
-0.014895 0.007484 0.008081 132 120 120
-0.015989 0.005625 0.008133 103 105 84
-0.017594 0.004058 0.008229 155 162 128
-0.014300 0.016750 0.009886 137 155 129
-0.014133 0.014460 0.008872 90 103 85
-0.013953 0.012131 0.007910 33 39 29
-0.015539 0.005712 0.007602 101 99 86
-0.017083 0.004035 0.008042 146 158 122
-0.019417 0.002849 0.008427 178 172 140
-0.013852 0.017695 0.009679 158 179 148
-0.014185 0.015607 0.008972 120 135 112
-0.014055 0.013314 0.008002 57 68 52
-0.013568 0.010794 0.007100 19 20 15
-0.014047 0.008615 0.007030 63 54 55
-0.014994 0.006640 0.007228 100 93 87
-0.016367 0.004885 0.007536 96 106 79
-0.018427 0.003503 0.008026 162 168 134
-0.014075 0.015537 0.008692 118 136 112
-0.013937 0.013236 0.007727 56 67 50
-0.013411 0.010711 0.006741 14 15 9
-0.016147 0.004779 0.007064 94 104 77
-0.018251 0.003379 0.007755 160 165 133
-0.014154 0.016133 0.008602 133 151 125
-0.013998 0.013830 0.007618 72 83 66
-0.013646 0.011405 0.006612 19 22 13
-0.017538 0.003630 0.007134 144 155 121
-0.019653 0.002358 0.007315 179 172 144
-0.018395 0.003125 0.007120 165 169 136
-0.019870 0.001610 0.006665 199 184 155
-0.020687 -0.000340 0.006462 238 204 179
-0.021742 -0.002203 0.006570 210 159 138
-0.021504 -0.004634 0.005450 160 108 86
-0.018408 0.003128 0.006754 164 170 136
-0.019884 0.001612 0.006299 193 179 150
-0.020701 -0.000339 0.006094 233 201 176
-0.021757 -0.002204 0.006202 217 171 147
-0.021519 -0.004636 0.005079 161 114 88
-0.019020 0.001975 0.006164 176 173 140
-0.020207 0.000292 0.005697 210 191 159
-0.020878 -0.001757 0.005509 236 197 168
-0.021603 -0.003764 0.005265 173 128 99
-0.018032 0.002913 0.005961 161 168 134
-0.019500 0.001391 0.005445 180 171 138
-0.020320 -0.000556 0.005186 224 199 169
-0.021237 -0.002496 0.005200 232 195 166
-0.021238 -0.004806 0.004168 165 124 94
-0.017803 0.002485 0.005500 163 171 134
-0.019237 0.000932 0.004990 173 165 129
-0.020092 -0.000979 0.004628 226 201 170
-0.020883 -0.002985 0.004551 238 203 171
-0.021124 -0.005172 0.003625 172 133 100
-0.018743 0.001535 0.004789 163 163 125
-0.019821 -0.000230 0.004336 191 177 142
-0.020469 -0.002302 0.004142 244 215 183
-0.020911 -0.004426 0.003530 184 150 115
-0.018879 0.000721 0.004169 151 145 109
-0.019720 -0.001186 0.003693 210 192 156
-0.020386 -0.003256 0.003507 243 217 182
-0.020847 -0.005340 0.002712 194 162 124
-0.019013 0.000511 0.003642 137 133 96
-0.019616 -0.001546 0.003188 216 197 164
-0.020381 -0.003571 0.003065 241 217 181
-0.020879 -0.005611 0.002137 203 173 135
-0.018405 0.000767 0.003281 133 133 99
-0.019188 -0.001170 0.002730 180 167 133
-0.019752 -0.003287 0.002425 248 228 191
-0.020420 -0.005285 0.001795 223 195 156
-0.018915 -0.000134 0.002609 131 128 93
-0.019371 -0.002281 0.002111 235 219 185
-0.020131 -0.004300 0.001892 253 229 191
-0.020867 -0.006220 0.001069 219 191 151
-0.018752 -0.000810 0.001926 150 145 113
-0.019231 -0.002950 0.001437 220 204 168
-0.020024 -0.004931 0.001090 237 213 175
-0.018559 -0.000327 0.001674 144 143 113
-0.019022 -0.002463 0.001102 192 177 144
-0.019748 -0.004498 0.000812 218 198 163
-0.020663 -0.006349 0.000170 221 196 156
-0.018549 -0.001513 0.000824 165 158 132
-0.019067 -0.003638 0.000327 183 168 139
-0.020042 -0.005518 -0.000004 217 194 162
-0.018620 -0.002077 0.000263 153 145 122
-0.019105 -0.004226 -0.000238 173 156 130
-0.020278 -0.005991 -0.000535 220 193 164
-0.018438 -0.001876 -0.000136 152 144 123
-0.018974 -0.003993 -0.000658 144 128 103
-0.020034 -0.005841 -0.000903 209 185 157
-0.018061 -0.001180 -0.000406 171 164 146
-0.018610 -0.003285 -0.000964 134 119 98
-0.019484 -0.005235 -0.001299 182 162 137
-0.017964 -0.001813 -0.001152 162 153 136
-0.018515 -0.003924 -0.001700 139 122 104
-0.019629 -0.005753 -0.001918 188 164 140
-0.017977 -0.001814 -0.001533 162 153 138
-0.018529 -0.003927 -0.002083 139 122 104
-0.019644 -0.005756 -0.002301 182 157 135
-0.017959 -0.003589 -0.002773 135 119 103
-0.018933 -0.005486 -0.003140 166 144 123
-0.018453 -0.004256 -0.003173 139 122 104
-0.018060 -0.004712 -0.004197 143 124 107
-0.018166 -0.004372 -0.004387 139 122 106
-0.017564 -0.004039 -0.005599 136 123 107
-0.017324 -0.004129 -0.006354 136 122 109
-0.017113 -0.003355 -0.006444 129 117 105
-0.016949 -0.004008 -0.007394 128 114 105
-0.016961 -0.004011 -0.007787 125 111 102
-0.016818 -0.003490 -0.008021 112 102 92
-0.016450 -0.002530 -0.007859 66 60 46
-0.016677 -0.002968 -0.008697 77 69 58
-0.016689 -0.002970 -0.009092 68 59 50
-0.016241 -0.002594 -0.009527 38 31 23
-0.014748 -0.001776 -0.016686 127 139 117
-0.014709 -0.001781 -0.017686 149 157 136
-0.013651 -0.000125 -0.018006 165 182 150
-0.013661 -0.000125 -0.018416 168 182 149
-0.013065 0.000565 -0.019133 164 178 142
-0.011958 0.001583 -0.019634 156 174 136
-0.001766 -0.001301 0.038590 38 48 40
-0.003375 -0.002681 0.038572 38 47 44
0.002610 0.002299 0.038213 38 50 50
-0.000651 -0.000497 0.038179 37 48 40
-0.002306 -0.001860 0.038194 37 48 42
0.002813 0.002479 0.037886 37 49 49
0.001189 0.001068 0.037858 37 49 47
-0.000445 -0.000325 0.037846 37 48 42
-0.002098 -0.001693 0.037857 37 48 42
-0.003769 -0.003036 0.037892 38 47 46
0.003639 0.003184 0.037562 38 50 50
0.002026 0.001759 0.037519 37 49 49
0.000396 0.000355 0.037498 37 49 47
-0.001252 -0.001024 0.037500 37 48 42
-0.002920 -0.002377 0.037527 38 47 44
0.003238 0.002828 0.037216 38 50 50
0.001622 0.001406 0.037178 37 49 49
-0.000014 0.000009 0.037163 37 48 44
-0.001668 -0.001365 0.037171 37 48 42
-0.003344 -0.002712 0.037206 37 47 46
0.002844 0.002469 0.036865 37 49 49
0.001222 0.001051 0.036832 37 49 49
-0.000421 -0.000340 0.036824 36 48 44
-0.002084 -0.001707 0.036841 37 48 42
-0.003770 -0.003045 0.036886 36 48 46
0.002442 0.002114 0.036520 37 49 49
0.000814 0.000701 0.036493 36 48 46
-0.000836 -0.000685 0.036492 36 48 44
-0.002503 -0.002046 0.036514 37 48 44
0.003252 0.002829 0.036206 37 49 49
0.001633 0.001404 0.036167 37 49 49
-0.000009 0.000006 0.036154 36 48 46
-0.001671 -0.001368 0.036165 36 48 44
-0.003352 -0.002716 0.036203 36 48 46
0.003254 0.002831 0.035871 37 49 49
0.001634 0.001405 0.035831 36 48 48
-0.000009 0.000006 0.035818 36 48 46
-0.001672 -0.001368 0.035829 36 48 44
-0.003354 -0.002717 0.035868 36 48 46
0.002650 0.002295 0.035518 36 47 49
0.001018 0.000880 0.035490 36 47 49
-0.000639 -0.000507 0.035487 34 49 46
-0.002305 -0.001876 0.035505 34 49 46
0.003056 0.002655 0.035193 36 48 48
0.001429 0.001232 0.035158 36 47 49
-0.000223 -0.000163 0.035149 34 48 48
-0.001889 -0.001536 0.035161 34 49 44
-0.003575 -0.002884 0.035204 34 48 48
0.002842 0.002485 0.034860 35 46 48
0.001192 0.001076 0.034841 36 47 49
-0.000468 -0.000313 0.034837 33 49 48
-0.002136 -0.001684 0.034855 34 49 46
-0.003814 -0.003037 0.034893 34 48 48
0.003456 0.003023 0.034538 36 47 49
0.001815 0.001602 0.034509 35 46 50
0.000157 0.000205 0.034498 35 46 48
-0.001513 -0.001171 0.034509 33 49 46
-0.003184 -0.002534 0.034537 34 48 48
0.003014 0.002688 0.034218 35 46 48
0.001277 0.001330 0.034248 35 46 50
-0.000406 -0.000046 0.034252 33 49 49
-0.002158 -0.001364 0.034310 33 49 46
-0.003794 -0.002747 0.034325 34 48 49
0.003218 0.002870 0.033887 36 47 49
0.001482 0.001508 0.033913 35 46 50
-0.000199 0.000127 0.033913 34 48 49
-0.001949 -0.001195 0.033968 33 49 46
-0.003584 -0.002582 0.033979 34 48 49
0.001963 0.002123 0.033676 35 46 50
0.000121 0.000841 0.033767 34 45 49
-0.001766 -0.000386 0.033868 33 49 48
-0.003554 -0.001671 0.033972 34 48 48
0.003134 0.002925 0.033273 36 47 49
0.001224 0.001673 0.033395 35 46 52
-0.000620 0.000401 0.033481 34 48 49
-0.002566 -0.000783 0.033635 33 49 46
0.002363 0.002789 0.033171 35 46 50
0.000181 0.001715 0.033471 34 45 51
-0.001933 0.000635 0.033705 33 49 48
0.002364 0.002791 0.032831 35 46 50
0.000181 0.001716 0.033133 34 45 51
-0.001934 0.000636 0.033367 33 49 48
0.002455 0.003039 0.032586 34 48 51
-0.000534 0.002469 0.033402 34 45 51
-0.002942 0.001583 0.033839 33 49 49
0.003083 0.003268 0.032107 36 48 48
0.000173 0.002630 0.032899 34 45 51
-0.002408 0.001844 0.033439 32 46 49
0.001276 0.003156 0.032419 35 46 50
-0.001965 0.002778 0.033342 33 44 50
0.003013 0.003616 0.031641 36 48 48
-0.000461 0.003337 0.032749 34 45 51
-0.003005 0.002537 0.033258 31 45 48
0.001800 0.003736 0.031879 35 46 50
-0.001783 0.003558 0.033013 33 43 52
0.000587 0.003575 0.031911 34 45 51
-0.002650 0.003207 0.032808 33 44 50
0.002641 0.004135 0.031101 37 46 51
-0.001199 0.004067 0.032517 35 43 54
0.001196 0.004101 0.031316 36 46 55
-0.002842 0.004214 0.032759 33 40 56
-0.000943 0.004502 0.032011 36 43 59
0.001369 0.004299 0.030687 37 45 58
-0.003596 0.004974 0.032798 33 40 58
0.002055 0.005085 0.030520 38 46 57
-0.002347 0.005374 0.032275 37 42 61
-0.000471 0.005119 0.031122 38 43 62
0.000210 0.005588 0.030855 37 45 58
-0.005083 0.006486 0.033156 37 42 62
0.000876 0.005785 0.030386 37 45 56
-0.003814 0.006278 0.032306 38 43 62
-0.000767 0.007326 0.031664 36 46 55
-0.003796 0.006816 0.032437 38 43 62
-0.000568 0.007510 0.031333 37 47 56
-0.003594 0.006994 0.032103 39 45 61
-0.003075 0.008949 0.032990 36 47 53
-0.005208 0.007957 0.033001 37 43 57
-0.003277 0.008780 0.032652 34 45 51
-0.005416 0.007792 0.032668 35 41 55
-0.004493 0.010866 0.034349 32 46 49
-0.005977 0.009522 0.033788 33 42 51
-0.005105 0.010109 0.033684 32 43 49
-0.007620 0.009435 0.033727 33 40 50
-0.005787 0.011334 0.034515 30 44 45
-0.008474 0.010744 0.034778 29 40 46
-0.005593 0.011516 0.034191 31 45 46
-0.008277 0.010919 0.034449 30 41 47
-0.008016 0.012619 0.035623 32 46 47
-0.010770 0.012069 0.036061 33 42 47
-0.006853 0.013312 0.035475 31 47 46
-0.009247 0.012553 0.035499 34 45 47
-0.008059 0.014484 0.036764 32 47 44
-0.010658 0.013863 0.036908 35 47 47
-0.010195 0.013850 0.036504 34 48 48
-0.010309 0.014931 0.037074 35 50 47
-0.012075 0.012473 0.035371 44 50 50
-0.012334 0.014748 0.037039 46 55 54
-0.012083 0.012481 0.035047 46 52 52
-0.011939 0.014225 0.036319 50 56 56
-0.011395 0.011818 0.033913 47 51 50
-0.011500 0.015314 0.036715 43 53 52
-0.011429 0.013175 0.034752 49 55 55
-0.009897 0.014953 0.035516 42 50 52
-0.010048 0.012942 0.033645 48 52 51
-0.010659 0.011186 0.032181 44 43 41
-0.010100 0.014792 0.035188 43 52 51
-0.010255 0.012782 0.033317 48 50 47
-0.010871 0.011029 0.031855 42 39 34
-0.008670 0.013271 0.032628 48 52 51
-0.009473 0.011601 0.031353 44 43 39
-0.008581 0.013752 0.032736 47 51 50
-0.009051 0.011902 0.031126 43 44 39
-0.008048 0.013511 0.031733 47 49 48
-0.008751 0.011753 0.030458 42 41 36
-0.008335 0.012860 0.030981 45 45 43
-0.009512 0.011363 0.030156 38 33 27
-0.008377 0.013442 0.031089 44 44 44
-0.008960 0.011597 0.029786 39 34 28
-0.008244 0.013117 0.030349 42 41 39
-0.009303 0.011535 0.029480 39 32 26
-0.008232 0.013914 0.030752 42 40 41
-0.008514 0.011895 0.029183 37 32 28
-0.010247 0.010701 0.028905 41 31 21
-0.008040 0.014097 0.030426 42 40 41
-0.008318 0.012075 0.028849 38 33 29
-0.010049 0.010876 0.028566 47 34 26
-0.007915 0.013490 0.029529 40 36 37
-0.008310 0.011527 0.028048 42 33 28
-0.009799 0.010196 0.027521 60 46 37
-0.007820 0.013986 0.029568 42 36 38
-0.008020 0.011916 0.027908 43 33 31
-0.009754 0.010717 0.027610 60 46 37
-0.007989 0.013803 0.029200 41 32 33
-0.008148 0.011708 0.027498 46 33 27
-0.009785 0.010453 0.027109 73 56 46
-0.007947 0.012982 0.028074 42 31 29
-0.008661 0.011193 0.026872 57 42 35
-0.008226 0.013404 0.028259 53 42 40
-0.008342 0.011278 0.026526 69 52 44
-0.007641 0.014730 0.028748 54 39 42
-0.008257 0.012882 0.027481 73 55 51
-0.008772 0.010978 0.026104 92 74 64
-0.008117 0.013907 0.027919 75 53 55
-0.008101 0.011702 0.026079 101 79 68
-0.009502 0.010301 0.025490 127 106 89
-0.008123 0.013916 0.027583 85 61 61
-0.008107 0.011710 0.025739 116 92 82
-0.009509 0.010308 0.025150 141 120 101
-0.007315 0.014879 0.027526 73 47 50
-0.008111 0.013110 0.026475 114 86 82
-0.008273 0.010988 0.024825 139 116 102
-0.008313 0.013493 0.026585 115 87 83
-0.008112 0.011168 0.024604 136 113 99
-0.009360 0.009672 0.023873 167 145 122
-0.007295 0.014613 0.026575 100 68 73
-0.008173 0.012876 0.025640 127 98 92
-0.008161 0.010641 0.023858 143 117 102
-0.008009 0.013629 0.025777 124 93 91
-0.007610 0.011179 0.023649 139 111 99
-0.008746 0.009609 0.022819 166 141 119
-0.007880 0.013291 0.025078 133 102 99
-0.007341 0.010746 0.022856 141 113 101
-0.008491 0.009180 0.022028 170 146 122
-0.007223 0.014054 0.024984 135 101 102
-0.007524 0.011978 0.023550 141 111 101
-0.008108 0.010070 0.022286 150 125 103
-0.006607 0.013756 0.023941 137 103 104
-0.006999 0.011709 0.022642 144 111 102
-0.007647 0.009827 0.021444 150 123 102
-0.007094 0.012623 0.022986 145 112 105
-0.007006 0.010316 0.021162 145 117 103
-0.006766 0.012486 0.022176 146 113 106
-0.006810 0.010235 0.020527 145 117 103
-0.006483 0.013472 0.022388 146 115 113
-0.006379 0.011133 0.020648 144 114 104
-0.007617 0.009573 0.020005 160 134 111
-0.006553 0.013553 0.021955 148 117 115
-0.006528 0.011248 0.020329 144 116 105
-0.007616 0.009568 0.019681 162 136 113
-0.006935 0.012635 0.021130 145 116 108
-0.006913 0.010318 0.019517 148 121 104
-0.007563 0.013282 0.021529 141 114 107
-0.006939 0.010613 0.019442 147 119 105
-0.007981 0.008881 0.018835 187 163 137
-0.006334 0.014023 0.021108 142 110 113
-0.006992 0.012107 0.020072 142 114 103
-0.007301 0.009950 0.018836 156 131 109
-0.008435 0.008279 0.018278 201 180 151
-0.006533 0.014131 0.020974 138 108 108
-0.007133 0.012178 0.019902 141 113 102
-0.007254 0.009903 0.018531 161 134 113
-0.008345 0.008191 0.017985 203 182 153
-0.007616 0.013607 0.020760 135 106 102
-0.006759 0.010800 0.018470 148 120 106
-0.007716 0.009001 0.017826 188 167 140
-0.007162 0.013625 0.020287 133 105 102
-0.006989 0.011225 0.018527 145 119 106
-0.007782 0.009327 0.017761 180 158 134
-0.008971 0.007657 0.017353 205 184 153
-0.005643 0.014218 0.019595 134 108 109
-0.007506 0.012972 0.019613 135 108 101
-0.006984 0.010343 0.017618 156 130 113
-0.008162 0.008674 0.017151 195 174 147
-0.007310 0.013163 0.019251 132 107 102
-0.006937 0.010646 0.017284 151 128 112
-0.008300 0.009055 0.017101 191 169 145
-0.005717 0.013698 0.018556 128 104 104
-0.006875 0.012090 0.017780 138 114 104
-0.007419 0.010023 0.016878 163 140 122
-0.008784 0.008453 0.016624 193 171 147
-0.007512 0.012785 0.018040 134 111 103
-0.007627 0.010467 0.016802 157 136 119
-0.009246 0.009005 0.016948 190 170 145
-0.006440 0.013563 0.017988 128 107 106
-0.006934 0.011601 0.016539 140 118 107
-0.008275 0.009930 0.016593 167 146 127
-0.009685 0.008361 0.016497 188 168 143
-0.006765 0.013762 0.017884 128 108 107
-0.007743 0.012079 0.016870 138 118 109
-0.009011 0.010360 0.016913 160 142 122
-0.010364 0.008753 0.016810 179 161 137
-0.007823 0.013293 0.017354 131 112 106
-0.008174 0.011101 0.016369 142 124 112
-0.009737 0.009588 0.016546 169 152 132
-0.008333 0.013616 0.017356 131 114 107
-0.008952 0.011566 0.016677 137 121 108
-0.010319 0.009933 0.016723 162 147 128
-0.007188 0.014051 0.017067 129 115 114
-0.008633 0.012607 0.016596 130 116 107
-0.009617 0.010733 0.016358 143 127 112
-0.007838 0.014176 0.016933 126 115 113
-0.009564 0.012853 0.016899 125 112 104
-0.010283 0.010838 0.016394 140 127 111
-0.006756 0.014390 0.016411 125 113 113
-0.009040 0.013464 0.016513 124 114 105
-0.009800 0.011463 0.016078 123 111 99
-0.011056 0.009775 0.015988 153 141 125
-0.008263 0.014460 0.016482 122 112 111
-0.010109 0.013183 0.016658 119 108 102
-0.010725 0.011103 0.016087 131 119 107
-0.008063 0.014646 0.016132 121 111 110
-0.009908 0.013364 0.016304 118 109 104
-0.010522 0.011282 0.015729 121 111 101
-0.006498 0.014852 0.015485 114 109 106
-0.009456 0.014335 0.016063 121 113 110
-0.011011 0.012784 0.016413 111 102 95
-0.011506 0.010647 0.015671 136 126 116
-0.009462 0.014346 0.015711 119 114 111
-0.011019 0.012793 0.016061 110 101 96
-0.011515 0.010655 0.015317 137 127 117
-0.008588 0.014979 0.015469 110 106 103
-0.010654 0.013825 0.015853 113 108 104
-0.011330 0.011746 0.015463 115 108 100
-0.008800 0.014815 0.015114 109 105 102
-0.010870 0.013664 0.015504 111 106 102
-0.011548 0.011585 0.015114 121 114 106
-0.007897 0.015134 0.014714 96 95 93
-0.010330 0.014266 0.015090 114 110 107
-0.011613 0.012531 0.015287 103 98 94
-0.008750 0.015088 0.014554 98 97 93
-0.010937 0.014010 0.015013 111 107 104
-0.011706 0.011977 0.014735 115 110 106
-0.008065 0.015238 0.014166 89 90 85
-0.010521 0.014384 0.014561 106 107 102
-0.011889 0.012708 0.014796 105 101 100
-0.009098 0.014999 0.013990 91 92 86
-0.011354 0.013970 0.014489 113 112 108
-0.012241 0.012012 0.014292 97 96 94
-0.009231 0.015076 0.013772 84 87 78
-0.011502 0.014055 0.014285 113 114 109
-0.008244 0.015360 0.013248 81 85 71
-0.010672 0.014479 0.013651 93 94 88
-0.012116 0.012863 0.013885 112 112 112
-0.008606 0.015282 0.013011 76 80 65
-0.011013 0.014381 0.013445 96 99 92
-0.007712 0.015332 0.012384 94 98 81
-0.010505 0.014687 0.012968 81 84 75
-0.008773 0.015394 0.012427 95 99 82
-0.011194 0.014493 0.012901 100 103 94
-0.007912 0.015465 0.011814 115 120 100
-0.010660 0.014782 0.012408 90 93 82
-0.006350 0.015696 0.011142 147 152 129
-0.009700 0.015378 0.012049 104 108 91
-0.012055 0.014402 0.012648 111 114 107
-0.006355 0.015708 0.010781 155 160 137
-0.009707 0.015389 0.011692 112 116 99
-0.012064 0.014413 0.012292 110 113 106
-0.009095 0.015899 0.011454 140 145 125
-0.011358 0.014890 0.011842 105 111 99
-0.006481 0.016084 0.010380 178 184 156
-0.009767 0.015730 0.011207 136 144 123
-0.012007 0.014672 0.011744 110 116 106
-0.006454 0.016345 0.010297 185 192 161
-0.009677 0.015954 0.011049 155 160 138
-0.011720 0.014805 0.011301 114 120 108
-0.008022 0.016126 0.010254 196 202 176
-0.010771 0.015450 0.010779 135 142 124
-0.009112 0.016501 0.010489 200 205 182
-0.011232 0.015408 0.010723 136 143 125
-0.008259 0.016589 0.009844 217 223 195
-0.010818 0.015763 0.010359 157 165 144
-0.012961 0.014622 0.010932 112 118 108
-0.006987 0.017046 0.009185 197 207 172
-0.010006 0.016422 0.010236 192 201 174
-0.011914 0.015181 0.010405 135 142 126
-0.013474 0.013669 0.010581 94 99 92
-0.013700 0.008780 0.008690 36 36 36
-0.006992 0.017058 0.008823 199 209 174
-0.010014 0.016434 0.009877 194 203 176
-0.011923 0.015192 0.010046 140 147 129
-0.013483 0.013679 0.010222 94 100 90
-0.013710 0.008787 0.008326 35 35 35
-0.006604 0.017712 0.008785 193 204 164
-0.008676 0.016518 0.009075 218 228 194
-0.011498 0.015767 0.010114 163 171 147
-0.013238 0.014405 0.010266 114 120 106
-0.014624 0.010311 0.009148 35 40 36
-0.014750 0.007865 0.008167 85 86 80
-0.007010 0.017074 0.008155 204 214 177
-0.010116 0.016450 0.009460 199 208 179
-0.012092 0.015240 0.009699 149 157 136
-0.013598 0.013693 0.009826 94 100 88
-0.013664 0.008711 0.007726 34 36 33
-0.006861 0.017247 0.008049 200 213 170
-0.009606 0.016409 0.009037 201 212 178
-0.012103 0.015472 0.009818 159 169 144
-0.013502 0.013886 0.009748 103 111 96
-0.014923 0.012330 0.009665 64 72 61
-0.014080 0.009248 0.008018 27 32 26
-0.008501 0.016686 0.008223 211 223 187
-0.011445 0.015980 0.009433 173 183 156
-0.012958 0.014479 0.009369 134 143 124
-0.014456 0.012959 0.009377 73 81 68
-0.014356 0.010384 0.008233 42 47 40
-0.014586 0.008019 0.007262 55 58 51
-0.009494 0.016600 0.008626 196 208 172
-0.011943 0.015610 0.009428 170 181 151
-0.013094 0.013863 0.009165 118 127 108
-0.014502 0.012303 0.009018 63 71 56
-0.013691 0.009228 0.007447 32 37 30
-0.008821 0.016527 0.007825 196 208 170
-0.011710 0.015784 0.009013 174 185 155
-0.012994 0.014118 0.008846 133 142 121
-0.014524 0.012632 0.008801 63 71 56
-0.014350 0.009997 0.007627 37 43 33
-0.014838 0.007815 0.006775 49 55 45
-0.010530 0.016256 0.008499 172 184 148
-0.012255 0.014825 0.008773 166 179 151
-0.013486 0.013135 0.008517 93 105 85
-0.014736 0.011476 0.008221 49 55 41
-0.013618 0.008179 0.006440 33 41 30
-0.010945 0.016196 0.008349 172 186 151
-0.012295 0.014538 0.008325 170 183 155
-0.013722 0.012984 0.008161 91 100 81
-0.014351 0.010899 0.007477 46 52 38
-0.013582 0.007847 0.005856 33 41 30
-0.010527 0.016237 0.007893 171 186 147
-0.012054 0.014686 0.007984 176 189 159
-0.013309 0.013009 0.007732 103 115 91
-0.014415 0.011251 0.007315 49 60 43
-0.013562 0.008117 0.005753 30 38 25
-0.009074 0.016608 0.006972 183 198 157
-0.011544 0.015622 0.007760 183 197 161
-0.012624 0.013807 0.007478 155 168 140
-0.013988 0.012218 0.007225 73 82 61
-0.013941 0.009649 0.006163 35 44 27
-0.014920 0.007793 0.005628 35 41 31
-0.011384 0.015517 0.007321 187 201 165
-0.012322 0.013613 0.006917 162 175 145
-0.013641 0.011982 0.006654 75 87 65
-0.013777 0.009526 0.005734 32 41 22
-0.014903 0.007760 0.005321 32 38 28
-0.010953 0.015881 0.006900 181 196 157
-0.012058 0.014073 0.006637 190 204 171
-0.013446 0.012478 0.006451 103 113 88
-0.014028 0.010342 0.005748 40 52 30
-0.011247 0.015110 0.006443 191 205 169
-0.012118 0.013169 0.005931 159 172 142
-0.013136 0.011332 0.005454 86 98 74
-0.013298 0.008875 0.004571 32 41 20
-0.011255 0.015121 0.006077 189 203 167
-0.012127 0.013178 0.005564 161 174 144
-0.013146 0.011340 0.005086 101 113 89
-0.013307 0.008881 0.004201 40 49 28
-0.010596 0.015640 0.005695 185 200 159
-0.011520 0.013723 0.005235 181 195 160
-0.012964 0.012159 0.005047 134 147 117
-0.013665 0.010095 0.004406 74 87 61
-0.013473 0.007391 0.003242 24 30 16
-0.011035 0.014980 0.005238 185 200 161
-0.011942 0.013065 0.004696 167 181 148
-0.012936 0.011203 0.004207 130 143 117
-0.013274 0.008860 0.003417 55 64 43
-0.011014 0.014652 0.004747 182 199 157
-0.011989 0.012785 0.004215 167 183 147
-0.012931 0.010879 0.003712 136 149 123
-0.013380 0.008599 0.003025 50 59 38
-0.010584 0.015323 0.004507 180 197 153
-0.011428 0.013363 0.003913 163 179 143
-0.012745 0.011706 0.003637 165 178 150
-0.013292 0.009507 0.002974 96 108 84
-0.014551 0.007771 0.002825 11 14 5
-0.010755 0.014490 0.003863 166 183 139
-0.011769 0.012642 0.003345 162 178 142
-0.012626 0.010664 0.002820 162 177 148
-0.013241 0.008478 0.002291 68 77 56
-0.016380 0.007994 0.003575 22 23 17
-0.010684 0.014137 0.003297 152 169 127
-0.011965 0.012459 0.002951 164 180 144
-0.012697 0.010385 0.002386 167 180 152
-0.012952 0.007958 0.001591 62 71 52
-0.011248 0.012612 0.002450 150 164 128
-0.012051 0.010583 0.001916 198 213 182
-0.012954 0.008576 0.001608 102 112 88
-0.016079 0.008056 0.002951 17 16 11
-0.012006 0.011837 0.002032 186 202 166
-0.012614 0.009652 0.001474 178 192 159
-0.013150 0.007411 0.000835 39 42 31
-0.011802 0.011049 0.001327 190 206 170
-0.012758 0.009074 0.001057 151 165 132
-0.014533 0.007646 0.001368 23 24 18
-0.011710 0.011631 0.001155 162 177 138
-0.012401 0.009493 0.000654 170 184 148
-0.013352 0.007520 0.000319 81 85 71
-0.017627 0.007774 0.002585 29 24 20
-0.011631 0.010287 0.000232 163 175 135
-0.013102 0.008639 0.000342 156 165 134
-0.011150 0.011900 0.000344 139 152 108
-0.011919 0.009825 -0.000185 153 166 123
-0.013319 0.008133 -0.000148 156 162 136
-0.011779 0.010059 -0.000538 136 149 105
-0.013418 0.008520 -0.000311 192 199 168
-0.016360 0.007872 0.000903 62 57 51
-0.011548 0.010872 -0.000655 132 145 99
-0.012811 0.009093 -0.000737 176 187 145
-0.014854 0.007831 -0.000208 127 125 110
-0.011561 0.010228 -0.001258 146 159 113
-0.013282 0.008742 -0.000993 195 203 166
-0.011570 0.010236 -0.001637 154 167 121
-0.013291 0.008749 -0.001372 200 208 169
-0.016156 0.008040 -0.000218 123 119 108
-0.012908 0.009143 -0.001757 195 206 163
-0.014957 0.007880 -0.001219 158 159 143
-0.011818 0.010065 -0.002313 177 191 142
-0.013578 0.008610 -0.002061 213 223 186
-0.016330 0.007827 -0.000979 143 141 129
-0.012038 0.009870 -0.002607 189 203 154
-0.013771 0.008399 -0.002381 204 214 180
-0.016816 0.007823 -0.001108 141 141 129
-0.013656 0.008655 -0.002748 219 229 192
-0.016238 0.007757 -0.001809 157 159 145
-0.012783 0.009374 -0.003203 213 227 178
-0.014440 0.007859 -0.003049 178 184 158
-0.017463 0.007295 -0.001855 141 145 128
-0.013300 0.009060 -0.003468 222 235 191
-0.015153 0.007678 -0.003156 168 173 150
-0.017874 0.006939 -0.002279 135 140 120
-0.013379 0.009088 -0.003687 225 238 194
-0.015123 0.007644 -0.003513 168 177 150
-0.017653 0.006781 -0.002828 146 154 131
-0.012671 0.009600 -0.004186 225 239 188
-0.014322 0.008081 -0.004067 183 193 159
-0.017040 0.007318 -0.003185 178 186 165
-0.018328 0.005686 -0.003739 72 80 56
-0.013279 0.009312 -0.004232 220 234 185
-0.014902 0.007790 -0.004192 149 160 130
-0.017165 0.006758 -0.003815 164 174 150
-0.018475 0.005160 -0.004439 52 62 38
-0.013289 0.009319 -0.004616 218 232 183
-0.014913 0.007797 -0.004576 143 154 122
-0.017177 0.006763 -0.004198 169 179 154
-0.018488 0.005164 -0.004823 63 73 48
-0.014519 0.008145 -0.004795 166 178 140
-0.016490 0.006917 -0.004714 182 192 165
-0.017753 0.005271 -0.005370 96 109 81
-0.013874 0.009014 -0.005064 209 222 178
-0.015449 0.007479 -0.005150 155 166 134
-0.017151 0.006103 -0.005388 167 180 150
-0.018649 0.004653 -0.005966 61 74 46
-0.015803 0.007066 -0.005585 178 189 159
-0.017142 0.005470 -0.006236 145 158 128
-0.015815 0.007071 -0.005971 179 190 158
-0.017154 0.005474 -0.006623 153 166 136
-0.015177 0.007275 -0.006471 161 172 138
-0.016624 0.005761 -0.007128 178 192 159
-0.018103 0.004278 -0.007708 112 127 94
-0.015659 0.006975 -0.006946 180 191 157
-0.016916 0.005325 -0.007712 169 184 151
-0.015731 0.006730 -0.007606 189 201 165
-0.016852 0.004984 -0.008477 172 188 152
-0.015522 0.006911 -0.008003 179 191 153
-0.016640 0.005160 -0.008881 176 192 156
-0.014905 0.007430 -0.008200 166 179 136
-0.016125 0.005785 -0.009191 177 192 153
-0.017256 0.003993 -0.009846 163 179 142
-0.015370 0.006842 -0.009093 177 189 149
-0.016270 0.004929 -0.010122 173 189 152
-0.015370 0.006550 -0.009828 176 187 145
-0.015992 0.004426 -0.011024 174 190 153
-0.015160 0.006732 -0.010229 173 184 142
-0.015778 0.004604 -0.011432 170 186 147
-0.014580 0.007264 -0.010331 183 192 147
-0.015291 0.005253 -0.011711 162 175 132
-0.016164 0.003231 -0.012469 175 190 151
-0.014857 0.006548 -0.011390 168 179 136
-0.015211 0.004223 -0.012791 162 177 138
-0.014644 0.006080 -0.012173 162 171 128
-0.014833 0.003650 -0.013787 160 175 136
-0.014432 0.006263 -0.012577 164 173 130
-0.014618 0.003829 -0.014199 154 166 126
-0.013773 0.006738 -0.012688 186 194 147
-0.014248 0.004551 -0.014308 147 158 116
-0.014166 0.005751 -0.013793 156 163 121
-0.014298 0.003301 -0.015613 155 166 123
-0.013595 0.005079 -0.015059 157 162 121
-0.013892 0.002739 -0.016795 158 166 125
-0.013692 0.005436 -0.015044 158 164 120
-0.013806 0.002995 -0.017036 159 168 125
-0.012853 0.005842 -0.015503 182 188 142
-0.013128 0.003530 -0.017474 157 164 122
-0.014306 0.001732 -0.018268 159 170 130
-0.013320 0.005195 -0.016242 160 167 123
-0.013403 0.002745 -0.018371 162 169 125
-0.012973 0.004671 -0.017335 161 168 124
-0.013069 0.002228 -0.019496 169 178 135
-0.012983 0.004675 -0.017743 161 170 125
-0.013079 0.002230 -0.019909 176 185 140
-0.012641 0.005333 -0.017382 168 181 135
-0.012768 0.002962 -0.019770 166 180 131
-0.012817 0.004550 -0.018680 159 172 126
-0.012973 0.004305 -0.019094 160 176 129
-0.012757 0.004491 -0.019510 164 180 133
-0.012773 0.005082 -0.019144 173 186 142
-0.012819 0.005096 -0.019881 185 194 151
-0.003586 -0.001888 0.038907 41 51 50
-0.000038 0.000047 0.038465 41 51 50
-0.001891 -0.001025 0.038468 41 51 50
-0.003795 -0.002044 0.038560 41 51 50
0.002987 0.001802 0.038179 38 50 50
0.001139 0.000703 0.038144 38 50 50
-0.000720 -0.000372 0.038131 40 50 49
-0.002590 -0.001427 0.038163 40 50 49
0.003217 0.001944 0.037852 38 50 50
0.001370 0.000841 0.037814 38 50 50
-0.000487 -0.000239 0.037797 40 50 49
-0.002356 -0.001299 0.037826 40 50 49
-0.004238 -0.002333 0.037884 40 50 49
0.004139 0.002504 0.037557 38 50 50
0.002299 0.001384 0.037511 38 50 48
0.000451 0.000285 0.037485 38 50 48
-0.001413 -0.000785 0.037489 40 50 49
-0.003290 -0.001831 0.037526 40 50 49
0.003682 0.002223 0.037210 38 50 50
0.001840 0.001108 0.037168 38 50 48
-0.000014 0.000015 0.037150 40 50 49
-0.001882 -0.001050 0.037162 40 50 49
-0.003765 -0.002088 0.037205 40 50 49
0.003222 0.001944 0.036870 38 50 50
0.001381 0.000829 0.036833 38 50 48
-0.000476 -0.000259 0.036821 40 50 49
-0.002350 -0.001317 0.036840 40 50 49
-0.004241 -0.002344 0.036886 40 50 49
0.002764 0.001664 0.036524 38 50 48
0.000919 0.000554 0.036493 38 50 48
-0.000944 -0.000526 0.036488 40 50 49
-0.002823 -0.001578 0.036514 40 50 49
0.003687 0.002228 0.036213 38 50 50
0.001849 0.001102 0.036169 38 50 46
-0.000006 0.000006 0.036152 39 49 48
-0.001879 -0.001060 0.036163 39 49 48
-0.003771 -0.002094 0.036202 39 49 48
0.003689 0.002229 0.035878 38 50 50
0.001850 0.001103 0.035834 38 50 46
-0.000006 0.000006 0.035816 39 49 48
-0.001881 -0.001061 0.035827 39 49 48
-0.003773 -0.002095 0.035867 39 49 48
0.003004 0.001804 0.035522 38 50 48
0.001159 0.000686 0.035487 38 50 46
-0.000706 -0.000400 0.035480 39 49 48
-0.002589 -0.001454 0.035502 39 49 48
0.003465 0.002089 0.035198 38 50 48
0.001623 0.000964 0.035157 38 50 46
-0.000238 -0.000131 0.035142 39 49 48
-0.002118 -0.001194 0.035157 39 49 48
-0.004018 -0.002223 0.035203 39 49 48
0.003227 0.001956 0.034864 38 50 48
0.001386 0.000830 0.034822 38 50 46
-0.000474 -0.000264 0.034807 39 49 48
-0.002358 -0.001324 0.034826 39 49 48
-0.004265 -0.002346 0.034879 39 49 48
0.003917 0.002386 0.034548 38 50 48
0.002079 0.001251 0.034498 38 50 46
0.000226 0.000143 0.034472 38 50 46
-0.001650 -0.000931 0.034478 39 49 48
-0.003549 -0.001968 0.034517 39 49 48
0.003439 0.002119 0.034217 38 50 48
0.001574 0.001009 0.034191 38 50 46
-0.000277 -0.000098 0.034163 39 49 48
-0.002156 -0.001165 0.034173 39 49 48
-0.004060 -0.002196 0.034219 39 49 48
0.003671 0.002264 0.033885 38 50 48
0.001808 0.001149 0.033856 38 50 46
-0.000042 0.000037 0.033824 39 49 48
-0.001921 -0.001034 0.033830 39 49 48
-0.003823 -0.002070 0.033874 39 49 48
0.002428 0.001634 0.033600 38 50 46
0.000553 0.000539 0.033583 38 50 46
-0.001295 -0.000564 0.033552 39 49 48
-0.003183 -0.001619 0.033574 39 49 48
0.003624 0.002309 0.033255 38 50 46
0.001710 0.001236 0.033267 38 50 46
-0.000131 0.000116 0.033222 39 49 48
-0.001997 -0.000968 0.033212 39 49 48
-0.003884 -0.002020 0.033240 39 49 48
0.003039 0.002132 0.033016 38 50 46
0.001137 0.001053 0.033017 38 50 46
-0.000703 -0.000064 0.032968 39 49 48
-0.002587 -0.001128 0.032978 39 49 48
0.003041 0.002133 0.032676 38 50 46
0.001137 0.001054 0.032677 38 50 46
-0.000703 -0.000064 0.032628 39 49 48
-0.002589 -0.001128 0.032638 39 49 48
0.000533 0.007215 0.036514 39 50 46
0.002679 0.002780 0.032868 38 50 48
0.001070 0.001452 0.032610 38 51 44
-0.000605 0.000191 0.032408 39 49 48
-0.002414 -0.000943 0.032347 40 49 48
-0.004261 -0.002031 0.032340 39 49 48
-0.000313 0.008561 0.037396 40 51 47
0.002900 0.003269 0.032759 36 51 46
0.001521 0.001744 0.032291 38 51 44
-0.000232 0.000545 0.032164 38 50 48
-0.001949 -0.000672 0.032006 39 49 48
-0.003821 -0.001744 0.032017 39 49 50
-0.003690 0.012595 0.041015 39 50 46
-0.003288 0.009766 0.038801 38 51 44
-0.000614 0.004904 0.034723 38 50 46
-0.000520 0.002147 0.032947 38 51 44
-0.001406 0.000209 0.032038 37 49 45
-0.003113 -0.001011 0.031884 38 48 47
-0.003063 0.011134 0.039512 38 49 45
-0.000361 0.006344 0.035227 36 51 44
-0.000348 0.003681 0.033516 38 51 44
-0.000492 0.001110 0.031940 38 50 46
-0.002016 -0.000277 0.031606 38 49 45
-0.003734 -0.001485 0.031466 38 48 47
-0.005658 0.012650 0.041091 39 50 46
-0.004496 0.009157 0.038263 38 50 46
-0.003533 0.005745 0.035645 38 51 44
-0.001438 0.001260 0.032015 38 50 46
-0.002866 -0.000210 0.031623 38 48 47
-0.004464 -0.001519 0.031376 38 48 47
-0.004742 0.013443 0.041117 39 50 46
-0.006664 0.012588 0.040898 38 50 46
-0.004881 0.008525 0.037623 38 50 46
-0.003122 0.004399 0.034296 38 50 46
-0.001941 0.000678 0.031504 37 48 44
-0.003530 -0.000647 0.031249 38 48 47
-0.005307 0.013236 0.041063 39 49 48
-0.007329 0.012441 0.041037 37 49 47
-0.008221 0.010702 0.040011 38 50 46
-0.005249 0.002905 0.033827 38 47 46
-0.004781 -0.000209 0.031627 39 47 49
-0.004641 0.014298 0.041072 38 50 48
-0.006688 0.013473 0.041229 38 48 49
-0.007054 0.011261 0.039844 37 49 49
-0.006017 0.005266 0.035194 37 47 49
-0.004564 0.001292 0.032180 41 46 50
-0.005130 0.013753 0.040599 37 48 50
-0.007940 0.013570 0.041439 37 48 50
-0.009148 0.012100 0.040747 37 48 50
-0.009900 0.010256 0.039566 37 48 52
-0.006297 0.013444 0.040556 38 47 52
-0.007723 0.012099 0.040197 37 48 54
-0.010139 0.011742 0.040291 37 47 56
-0.006072 0.014651 0.040380 36 47 53
-0.005010 0.014734 0.039710 36 47 53
-0.008128 0.014771 0.040951 36 46 55
-0.002044 0.013289 0.037307 36 47 53
-0.008017 0.015790 0.040571 37 47 56
-0.007305 0.015835 0.040006 37 47 56
-0.006743 0.016061 0.039391 35 48 54
-0.006524 0.016203 0.039074 37 47 56
-0.006376 0.016098 0.038587 37 47 56
-0.006604 0.015979 0.038266 38 47 56
-0.002212 0.013855 0.035458 38 46 57
-0.007959 0.016197 0.038450 38 46 57
-0.005801 0.015626 0.037169 38 46 57
-0.002199 0.013533 0.034605 38 46 57
-0.007678 0.015645 0.037396 38 46 59
-0.001977 0.013682 0.034284 38 46 57
-0.007459 0.015785 0.037075 38 46 59
-0.002056 0.013431 0.033822 39 45 59
-0.007305 0.015339 0.036435 39 46 62
-0.004886 0.014877 0.035125 39 47 60
-0.003187 0.014084 0.033836 39 45 59
-0.007894 0.015543 0.036059 40 46 62
-0.001892 0.013317 0.032691 40 46 60
-0.006998 0.015092 0.035204 40 46 62
-0.002773 0.013748 0.032847 40 46 60
-0.007574 0.015273 0.035156 40 46 62
-0.004278 0.014058 0.033143 40 46 62
-0.009018 0.015570 0.035432 40 46 62
-0.002179 0.013271 0.031668 40 46 60
-0.007072 0.014844 0.034109 40 46 62
-0.002181 0.013281 0.031335 41 47 61
-0.007077 0.014855 0.033783 40 46 62
-0.006472 0.014016 0.032748 40 46 62
-0.003830 0.013395 0.031186 41 47 63
-0.008100 0.014462 0.033174 40 46 62
-0.006236 0.013522 0.031607 39 45 59
-0.008659 0.012999 0.032138 37 45 58
-0.006469 0.013400 0.031276 39 45 59
0.001481 0.011082 0.026390 43 47 59
-0.006750 0.012694 0.030489 40 44 56
-0.005947 0.012675 0.029817 41 45 57
0.002573 0.010904 0.025027 45 47 59
-0.000765 0.011033 0.026203 43 45 57
-0.007089 0.011062 0.028753 38 42 53
0.001633 0.010699 0.024832 45 47 59
0.002290 0.010824 0.024357 45 48 57
-0.000588 0.010591 0.025061 43 46 55
0.001870 0.010861 0.024114 45 48 57
-0.001041 0.010650 0.024892 43 46 55
0.000095 0.010654 0.024351 44 47 54
-0.002201 0.009956 0.024572 41 44 51
0.000324 0.010804 0.024012 45 48 55
-0.001971 0.010101 0.024229 41 44 51
-0.000543 0.010815 0.024206 44 47 54
-0.002570 0.009904 0.024144 40 43 50
0.000073 0.010966 0.023770 45 48 55
-0.002015 0.010096 0.023762 43 43 51
-0.004468 0.009554 0.024154 38 39 44
-0.000320 0.010918 0.023741 46 47 51
-0.002307 0.009960 0.023652 42 43 47
-0.004762 0.009427 0.024026 37 38 42
-0.001154 0.010641 0.023425 46 45 50
-0.003305 0.009831 0.023495 41 40 45
-0.005177 0.008819 0.023290 38 36 41
-0.000637 0.010533 0.022885 46 44 47
-0.002767 0.009679 0.022989 43 41 44
-0.005183 0.009118 0.023314 47 45 46
-0.001121 0.010283 0.022514 44 40 41
-0.003506 0.009650 0.022861 49 43 45
-0.005470 0.008718 0.022728 65 56 57
0.000332 0.010430 0.021669 52 42 43
-0.001824 0.009561 0.021858 44 32 32
-0.004872 0.009501 0.022851 66 55 53
0.000331 0.010438 0.021319 53 41 43
-0.001826 0.009568 0.021508 45 29 29
-0.004876 0.009508 0.022504 77 59 57
-0.000268 0.009932 0.020871 48 32 33
-0.003099 0.009647 0.021672 60 40 39
-0.005495 0.009068 0.021978 103 82 79
0.000011 0.010040 0.020494 52 36 39
-0.002474 0.009452 0.020976 66 46 45
-0.005428 0.009328 0.021857 110 86 82
-0.000448 0.009730 0.020222 58 39 41
-0.003325 0.009498 0.021009 88 67 64
-0.005960 0.009119 0.021565 127 102 97
0.000314 0.010105 0.019858 57 38 40
-0.002233 0.009578 0.020327 85 64 63
-0.005359 0.009593 0.021371 126 103 97
0.000037 0.009963 0.019699 59 43 44
-0.002464 0.009428 0.020013 100 81 77
-0.005610 0.009468 0.021066 137 118 111
-0.001086 0.009592 0.019369 86 68 66
-0.004160 0.009551 0.020295 133 114 108
-0.006324 0.008781 0.020372 144 127 117
-0.001229 0.009697 0.019226 90 75 72
-0.004016 0.009436 0.019787 135 120 113
-0.006135 0.008624 0.019819 145 131 122
-0.000430 0.010022 0.018896 78 64 61
-0.002977 0.009555 0.019164 125 112 104
-0.005636 0.009186 0.019731 149 136 128
-0.000684 0.010206 0.018907 82 71 67
-0.002985 0.009555 0.018856 129 119 110
-0.005362 0.008954 0.019104 153 140 134
-0.001813 0.009867 0.018490 111 102 95
-0.004371 0.009425 0.018802 149 138 132
-0.005760 0.007993 0.018063 149 136 128
-0.002022 0.010006 0.018488 118 111 103
-0.004268 0.009312 0.018450 153 144 137
-0.005671 0.007898 0.017684 148 138 129
-0.003075 0.009606 0.018019 128 121 113
-0.005228 0.008823 0.017983 149 142 134
-0.002882 0.009711 0.017976 116 109 101
-0.005045 0.008953 0.017859 141 137 128
-0.001592 0.010273 0.017715 92 88 79
-0.003735 0.009480 0.017549 117 113 104
-0.005575 0.008445 0.017161 134 131 122
-0.001686 0.010322 0.017585 87 85 73
-0.003891 0.009587 0.017450 104 104 92
-0.005772 0.008604 0.017043 127 127 119
-0.002750 0.009919 0.017136 83 85 72
-0.004928 0.009180 0.016978 110 112 101
-0.002599 0.010090 0.017032 82 84 71
-0.004817 0.009387 0.016882 106 108 97
-0.006519 0.008271 0.016259 123 126 117
-0.003496 0.009899 0.016610 89 91 78
-0.005570 0.009075 0.016379 114 117 108
-0.003382 0.010128 0.016440 84 90 76
-0.005357 0.009222 0.016084 107 113 103
-0.004212 0.009889 0.015948 90 96 84
-0.006070 0.008885 0.015514 115 120 113
-0.004069 0.010112 0.015677 87 95 82
-0.005946 0.009124 0.015251 108 118 110
-0.002846 0.010692 0.015602 94 103 86
-0.004715 0.009711 0.015036 102 110 99
-0.003038 0.010866 0.015400 105 114 97
-0.004745 0.009760 0.014638 108 118 107
-0.003929 0.010361 0.014641 117 128 114
-0.005765 0.009343 0.014137 103 113 105
-0.004029 0.010437 0.014424 125 136 122
-0.005833 0.009406 0.013840 104 115 107
-0.003186 0.010993 0.014518 139 151 131
-0.004812 0.009825 0.013632 125 137 127
-0.003603 0.010997 0.014379 141 153 133
-0.005157 0.009780 0.013389 121 133 123
-0.002776 0.011280 0.014089 148 160 136
-0.004559 0.010257 0.013267 146 158 144
-0.006348 0.009216 0.012671 78 89 85
-0.003883 0.011241 0.013940 149 161 141
-0.005267 0.009885 0.012760 119 131 121
-0.003651 0.011391 0.013586 153 165 143
-0.005032 0.010029 0.012398 130 142 132
-0.004582 0.010926 0.012830 158 171 154
-0.006031 0.009603 0.011833 81 92 86
-0.004585 0.010934 0.012468 159 172 155
-0.006036 0.009610 0.011470 83 94 90
-0.004233 0.011891 0.013092 154 166 144
-0.005195 0.010190 0.011436 136 148 138
-0.004471 0.011758 0.012727 156 168 148
-0.005438 0.010060 0.011074 126 137 129
-0.004065 0.012396 0.012838 153 165 141
-0.005120 0.010764 0.011285 166 178 164
-0.004447 0.012082 0.012237 154 166 144
-0.005327 0.010315 0.010469 144 156 144
-0.004238 0.012554 0.012276 155 168 138
-0.005329 0.010939 0.010804 171 182 165
-0.004821 0.012067 0.011652 168 181 151
-0.005762 0.010343 0.009969 146 158 136
-0.004893 0.012145 0.011315 180 191 157
-0.005984 0.010530 0.009854 153 166 138
-0.004337 0.012668 0.011231 166 179 135
-0.005532 0.011124 0.009917 173 187 152
-0.006940 0.009759 0.008879 153 166 136
-0.004630 0.012604 0.010836 177 190 144
-0.005938 0.011149 0.009664 173 185 145
-0.004223 0.012920 0.010645 167 181 130
-0.005647 0.011545 0.009632 179 192 148
-0.006937 0.010067 0.008503 168 180 140
-0.004683 0.012685 0.010065 187 201 150
-0.006083 0.011312 0.008977 172 185 141
-0.004272 0.012996 0.009878 183 197 144
-0.005748 0.011674 0.008886 178 192 143
-0.007153 0.010266 0.007967 164 177 133
-0.005044 0.012382 0.008993 204 218 169
-0.006552 0.011090 0.008061 164 177 133
-0.005048 0.012391 0.008628 207 221 172
-0.006557 0.011098 0.007694 163 176 132
-0.004387 0.012839 0.008403 204 218 165
-0.006049 0.011667 0.007624 171 185 134
-0.007903 0.010579 0.007399 164 177 131
-0.004826 0.012566 0.007871 208 222 169
-0.006470 0.011369 0.007124 168 182 133
-0.004436 0.012554 0.007460 210 224 171
-0.006412 0.011600 0.007157 169 183 132
-0.008473 0.010658 0.007250 171 185 136
-0.003252 0.012910 0.006963 214 229 174
-0.005574 0.012202 0.007099 193 207 154
-0.007439 0.011132 0.006808 169 183 134
-0.003382 0.012680 0.006492 219 234 179
-0.005863 0.012062 0.006947 187 201 148
-0.007978 0.011110 0.007235 173 187 136
-0.008677 0.008963 0.005945 132 144 104
-0.009999 0.007292 0.005503 71 80 61
-0.002794 0.012875 0.006038 217 232 177
-0.005319 0.012280 0.006546 202 216 163
-0.007432 0.011343 0.006741 173 187 136
-0.008619 0.009610 0.006003 158 172 123
-0.009630 0.007675 0.005197 69 82 56
-0.010768 0.005784 0.004702 44 50 36
-0.011140 0.003101 0.003620 13 16 7
-0.003754 0.012285 0.005758 217 232 177
-0.006393 0.011763 0.006511 172 187 132
-0.008597 0.010831 0.007093 179 193 140
-0.008877 0.008310 0.005345 121 133 95
-0.010305 0.006731 0.004995 60 68 53
-0.010757 0.004131 0.004017 18 24 12
-0.003757 0.012294 0.005387 219 234 179
-0.006397 0.011772 0.006142 172 187 132
-0.008603 0.010839 0.006725 181 195 142
-0.008884 0.008317 0.004973 126 138 98
-0.010313 0.006736 0.004621 55 64 47
-0.010765 0.004134 0.003641 15 21 9
-0.005384 0.011910 0.005595 196 211 154
-0.007696 0.011084 0.006171 177 192 137
-0.009160 0.009527 0.005924 162 176 127
-0.009807 0.007283 0.004654 63 73 49
-0.010822 0.005257 0.004078 26 32 18
-0.011316 0.002729 0.002954 9 12 5
-0.003715 0.012227 0.004759 221 236 179
-0.006398 0.011735 0.005558 175 190 133
-0.008596 0.010794 0.006117 185 200 145
-0.008980 0.008328 0.004577 137 150 107
-0.010299 0.006627 0.004162 47 54 38
-0.010704 0.003985 0.003114 9 15 3
-0.012230 0.002582 0.002459 14 16 5
-0.006080 0.011764 0.005279 180 195 138
-0.008124 0.010694 0.005634 179 194 139
-0.009125 0.008707 0.004954 156 169 125
-0.010057 0.006675 0.004081 62 69 51
-0.010825 0.004416 0.003240 16 22 8
-0.011839 0.002455 0.002319 13 16 5
-0.005160 0.012034 0.004656 204 219 162
-0.007341 0.011077 0.005128 171 186 129
-0.008819 0.009491 0.005001 168 182 129
-0.009441 0.007203 0.003736 99 108 81
-0.010502 0.005227 0.003151 35 41 27
-0.011087 0.002796 0.002051 14 17 8
-0.005789 0.011850 0.004550 190 205 148
-0.007690 0.010612 0.004891 168 183 126
-0.008875 0.008770 0.004436 159 173 124
-0.009756 0.006693 0.003486 93 101 80
-0.010714 0.004632 0.002733 25 31 17
-0.011760 0.002700 0.001833 20 23 12
-0.005367 0.011866 0.003899 197 212 155
-0.007435 0.010770 0.004394 165 180 123
-0.008924 0.009167 0.004354 161 175 124
-0.009663 0.006981 0.003190 119 127 103
-0.010855 0.005144 0.002649 35 41 27
-0.011492 0.002767 0.001565 25 28 17
-0.004284 0.012368 0.003296 220 235 178
-0.006441 0.011334 0.003883 170 185 128
-0.008219 0.009955 0.004218 162 177 120
-0.009471 0.008222 0.003624 152 164 124
-0.010493 0.006257 0.002845 72 79 63
-0.011339 0.004075 0.002022 29 35 23
-0.012940 0.002732 0.001450 30 34 19
-0.004456 0.012171 0.002855 211 226 169
-0.006603 0.011092 0.003563 170 185 128
-0.008353 0.009702 0.003816 161 176 119
-0.009396 0.007800 0.002916 161 171 137
-0.010595 0.005981 0.002348 70 77 61
-0.011230 0.003582 0.001354 33 39 25
-0.013339 0.002784 0.001071 35 37 23
-0.004467 0.012520 0.002782 210 225 170
-0.006304 0.011197 0.003091 173 188 133
-0.008183 0.009911 0.003484 160 175 118
-0.009745 0.008445 0.003230 167 177 140
-0.010701 0.006429 0.002341 89 96 80
-0.011636 0.004317 0.001650 35 43 28
-0.013158 0.002875 0.001080 30 34 20
-0.005216 0.011753 0.002250 192 207 152
-0.007138 0.010450 0.002852 163 178 123
-0.009047 0.009237 0.003119 161 175 124
-0.010128 0.007361 0.002267 168 176 152
-0.011396 0.005603 0.001766 51 58 42
-0.011980 0.003140 0.000751 33 39 25
-0.014136 0.002398 0.000499 32 34 20
-0.005219 0.011714 0.002048 190 205 150
-0.007088 0.010385 0.002513 164 179 124
-0.009047 0.009193 0.002907 162 176 125
-0.010260 0.007405 0.002301 179 187 164
-0.011459 0.005597 0.001672 57 63 49
-0.012158 0.003240 0.000780 36 42 28
-0.014152 0.002326 0.000397 27 29 16
-0.004960 0.012205 0.001864 196 211 156
-0.006630 0.010720 0.002054 171 186 131
-0.008614 0.009540 0.002484 157 172 117
-0.010098 0.007974 0.002232 201 210 183
-0.011109 0.006005 0.001374 87 93 81
-0.011940 0.003769 0.000632 43 49 35
-0.013889 0.002784 0.000293 25 29 15
-0.007288 0.010137 0.002003 168 182 129
-0.009123 0.008810 0.002355 167 179 133
-0.010286 0.006976 0.001662 169 173 156
-0.011556 0.005231 0.001076 53 59 47
-0.012691 0.003342 0.000389 30 36 22
-0.014178 0.001913 -0.000421 30 34 20
-0.007293 0.010144 0.001626 172 186 133
-0.009130 0.008816 0.001979 169 181 135
-0.010294 0.006981 0.001284 166 171 151
-0.011564 0.005235 0.000696 57 63 51
-0.012700 0.003345 0.000007 26 32 18
-0.014189 0.001915 -0.000804 27 31 17
-0.010160 0.007869 0.001764 182 191 160
-0.011294 0.006042 0.000879 100 104 89
-0.012596 0.004298 0.000418 34 40 28
-0.014380 0.003130 0.000001 13 19 5
-0.010462 0.007067 0.000935 160 165 143
-0.011823 0.005430 0.000332 67 71 56
-0.013106 0.003690 -0.000256 18 24 12
-0.014306 0.001953 -0.001256 15 21 7
-0.010876 0.007023 0.000965 148 153 133
-0.012343 0.005503 0.000394 61 68 52
-0.013716 0.003855 -0.000112 13 19 5
-0.014750 0.001940 -0.001210 14 22 7
-0.011710 0.006008 0.000073 108 112 98
-0.013078 0.004332 -0.000361 27 33 19
-0.014415 0.002719 -0.001194 13 21 6
-0.011053 0.007127 0.000588 152 159 143
-0.012596 0.005678 0.000080 83 89 77
-0.013976 0.004028 -0.000389 21 29 14
-0.015025 0.002124 -0.001467 24 32 17
-0.011195 0.006904 0.000054 156 163 147
-0.012739 0.005431 -0.000362 81 87 75
-0.014199 0.003894 -0.000907 19 30 14
-0.015316 0.002099 -0.002075 28 36 21
-0.012616 0.006008 -0.000254 119 127 112
-0.013997 0.004350 -0.000695 32 43 26
-0.015147 0.002548 -0.001697 36 44 29
-0.011892 0.006786 -0.000392 166 173 155
-0.013363 0.005217 -0.000767 67 76 59
-0.014822 0.003709 -0.001432 34 45 28
-0.016372 0.002429 -0.002470 28 34 20
-0.012541 0.006630 -0.000506 163 173 149
-0.013932 0.004976 -0.000915 56 68 48
-0.015186 0.003268 -0.001780 38 49 32
-0.012155 0.006995 -0.000795 188 201 171
-0.013571 0.005374 -0.001222 95 107 83
-0.015060 0.003884 -0.001824 33 46 26
-0.016755 0.002738 -0.002693 24 30 16
-0.013059 0.006347 -0.001134 176 194 156
-0.014535 0.004785 -0.001512 59 75 48
-0.015864 0.003155 -0.002324 28 39 22
-0.013378 0.005904 -0.001668 154 175 134
-0.014947 0.004449 -0.002036 39 55 26
-0.016476 0.003057 -0.002804 20 31 14
-0.013508 0.006379 -0.001646 188 210 163
-0.015065 0.004911 -0.002009 57 76 44
-0.016447 0.003323 -0.002727 17 29 9
-0.012914 0.006918 -0.001915 206 231 176
-0.014412 0.005388 -0.002334 114 135 96
-0.015856 0.003842 -0.002933 29 43 18
-0.013459 0.006685 -0.002216 197 221 169
-0.015061 0.005278 -0.002613 97 117 80
-0.016474 0.003706 -0.003251 25 39 16
-0.013469 0.006690 -0.002599 192 216 164
-0.015072 0.005282 -0.002997 109 130 91
-0.016485 0.003710 -0.003637 28 42 19
-0.013188 0.007145 -0.002747 191 216 161
-0.014847 0.005795 -0.003119 147 168 127
-0.016387 0.004322 -0.003535 48 62 37
-0.013852 0.006663 -0.003202 180 204 156
-0.015478 0.005289 -0.003624 122 142 105
-0.016943 0.003756 -0.004165 28 42 19
-0.014109 0.006533 -0.003579 178 199 156
-0.015731 0.005152 -0.003997 127 144 110
-0.017348 0.003827 -0.004597 28 39 22
-0.013961 0.006752 -0.003861 178 201 155
-0.015623 0.005413 -0.004261 146 166 131
-0.017148 0.003931 -0.004722 38 50 30
-0.013169 0.007472 -0.004067 169 193 141
-0.014925 0.006201 -0.004318 196 214 176
-0.016554 0.004813 -0.004664 99 113 88
-0.013650 0.007184 -0.004469 166 188 139
-0.015391 0.005910 -0.004769 188 205 169
-0.016989 0.004481 -0.005101 67 80 60
-0.013709 0.007231 -0.004790 160 182 133
-0.015453 0.005963 -0.005102 200 217 181
-0.017117 0.004595 -0.005355 75 87 65
-0.013003 0.007668 -0.005153 153 176 124
-0.014751 0.006390 -0.005448 197 215 175
-0.016404 0.005014 -0.005760 143 157 131
-0.013513 0.007415 -0.005565 154 173 127
-0.015261 0.006149 -0.005894 197 214 178
-0.016979 0.004831 -0.006106 108 120 96
-0.013523 0.007420 -0.005953 150 169 124
-0.015272 0.006154 -0.006283 193 210 174
-0.016991 0.004835 -0.006495 114 126 102
-0.013096 0.007777 -0.006387 149 168 122
-0.014858 0.006515 -0.006690 183 199 162
-0.016523 0.005155 -0.007015 153 167 141
-0.013992 0.007150 -0.006906 146 164 124
-0.015751 0.005892 -0.007215 186 201 168
-0.017579 0.004700 -0.007383 96 108 86
-0.012547 0.008040 -0.007422 163 181 133
-0.014451 0.006881 -0.007499 161 179 141
-0.016109 0.005518 -0.007875 183 198 169
-0.017941 0.004382 -0.008207 77 89 67
-0.012557 0.008046 -0.007813 172 190 142
-0.014461 0.006886 -0.007890 162 180 142
-0.016120 0.005523 -0.008267 179 194 165
-0.017954 0.004386 -0.008600 89 101 79
-0.011852 0.008179 -0.008641 187 205 157
-0.014039 0.007236 -0.008278 161 177 138
-0.015676 0.005850 -0.008691 173 188 155
-0.017180 0.004367 -0.009325 131 143 121
-0.012493 0.008022 -0.008843 187 204 159
-0.014485 0.006918 -0.008743 163 179 142
-0.016016 0.005427 -0.009255 173 188 159
-0.017645 0.004096 -0.009859 113 125 103
-0.012634 0.007815 -0.009484 193 208 165
-0.014726 0.006787 -0.009209 162 178 141
-0.016060 0.005104 -0.009930 171 186 157
-0.017466 0.003573 -0.010863 110 122 102
-0.012395 0.007960 -0.009884 198 213 170
-0.014486 0.006926 -0.009612 162 178 141
-0.015818 0.005238 -0.010340 167 182 153
-0.017222 0.003702 -0.011280 131 143 123
-0.011217 0.008034 -0.010976 202 215 172
-0.013695 0.007327 -0.010231 180 195 156
-0.015400 0.005983 -0.010532 154 169 136
-0.016355 0.003978 -0.011857 178 190 168
-0.012267 0.007870 -0.010960 204 216 176
-0.014436 0.006904 -0.010603 162 176 141
-0.015482 0.004951 -0.011705 162 176 150
-0.009985 0.008397 -0.012105 186 199 156
-0.012332 0.007596 -0.011705 209 221 183
-0.014537 0.006684 -0.011393 156 170 135
-0.015188 0.004405 -0.013136 164 178 152
-0.012091 0.007740 -0.012109 208 220 182
-0.014295 0.006823 -0.011801 162 176 141
-0.014943 0.004539 -0.013553 156 170 144
-0.011137 0.007976 -0.012774 197 208 168
-0.013239 0.006993 -0.012757 181 192 158
-0.014744 0.005514 -0.013536 146 159 129
-0.011897 0.007591 -0.013269 194 204 167
-0.014077 0.006679 -0.013117 155 169 134
-0.014313 0.004058 -0.015559 157 171 145
-0.012118 0.007427 -0.013724 185 195 160
-0.014108 0.006372 -0.013907 151 162 128
-0.014055 0.003503 -0.016808 162 175 149
-0.011876 0.007572 -0.014131 176 186 151
-0.013864 0.006510 -0.014321 152 163 129
-0.013807 0.003636 -0.017233 158 171 145
-0.011566 0.008314 -0.013758 170 180 143
-0.012912 0.006705 -0.014879 154 165 131
-0.014147 0.004991 -0.016102 150 163 133
-0.012296 0.007560 -0.014675 164 174 139
-0.013971 0.006235 -0.015326 152 166 133
-0.013723 0.003192 -0.018546 171 184 158
-0.012352 0.007261 -0.015387 163 170 137
-0.013872 0.005808 -0.016287 164 175 145
-0.012398 0.007635 -0.015335 161 168 135
-0.013842 0.006116 -0.016344 170 181 149
-0.013516 0.003000 -0.019700 187 199 175
-0.011914 0.008257 -0.015302 170 180 145
-0.012963 0.006399 -0.016888 157 166 135
-0.013122 0.003714 -0.019580 197 205 181
-0.012418 0.007644 -0.016127 156 166 129
-0.013711 0.006001 -0.017391 184 193 162
-0.012329 0.007224 -0.017059 164 174 137
-0.013471 0.005440 -0.018526 199 206 173
-0.012338 0.007229 -0.017466 174 187 144
-0.013481 0.005445 -0.018936 201 208 174
-0.012119 0.008051 -0.016946 185 203 153
-0.012922 0.005965 -0.018875 189 202 159
-0.012269 0.007149 -0.018336 193 209 160
-0.012406 0.006881 -0.018818 204 218 167
-0.012161 0.007026 -0.019234 209 222 169
-0.011976 0.007547 -0.019092 217 227 175
-0.003153 0.000690 0.039746 45 51 51
-0.004522 -0.000812 0.039046 45 51 51
-0.004025 0.000568 0.039568 45 51 51
-0.003774 0.000654 0.039234 45 51 51
0.000379 0.012914 0.045321 45 54 51
-0.002586 0.013398 0.046345 45 54 51
-0.004631 0.000121 0.038736 45 51 51
-0.000490 0.013197 0.045359 45 54 51
-0.003287 0.013485 0.046261 45 54 51
-0.004825 -0.000444 0.038052 45 51 51
0.001993 0.012562 0.044070 45 54 51
-0.001466 0.013655 0.045382 45 54 51
-0.006582 0.004137 0.041455 45 51 51
0.001152 0.012812 0.044042 44 53 50
-0.002271 0.013868 0.045375 44 53 50
-0.006533 0.003283 0.040512 45 51 51
0.003035 0.012107 0.042978 43 52 49
-0.000369 0.013122 0.044180 44 53 50
-0.003374 0.013700 0.045163 44 53 50
-0.006841 0.005124 0.041978 45 51 51
0.003037 0.012116 0.042660 43 52 49
-0.000370 0.013131 0.043865 44 53 50
-0.003377 0.013709 0.044850 44 53 50
-0.006846 0.005128 0.041656 45 51 51
0.002234 0.011924 0.042384 44 53 50
-0.001103 0.012869 0.043556 44 53 50
-0.003671 0.012927 0.044123 44 53 50
-0.004972 0.008037 0.042342 44 53 50
-0.005342 0.005184 0.041148 45 51 51
-0.006917 0.003947 0.040822 45 51 51
0.002997 0.011798 0.041838 44 53 50
-0.000310 0.012686 0.042972 44 53 50
-0.003140 0.013057 0.043749 44 53 50
-0.004997 0.008908 0.042389 44 53 50
-0.005124 0.005732 0.041029 45 51 51
-0.006439 0.004134 0.040522 45 51 51
0.002622 0.011879 0.041596 44 53 50
-0.000624 0.012686 0.042719 44 53 50
-0.003062 0.012582 0.043129 44 53 50
-0.003922 0.010486 0.042219 44 53 50
-0.004132 0.007452 0.040912 44 53 50
-0.005064 0.005322 0.040193 45 51 51
-0.006810 0.004283 0.040092 45 51 51
0.000764 0.012177 0.041822 44 53 50
-0.002282 0.012790 0.042770 44 53 50
-0.004036 0.011840 0.042611 44 53 50
-0.004207 0.008814 0.041165 44 53 50
-0.004788 0.006220 0.040204 43 52 49
-0.006046 0.004529 0.039693 45 51 51
0.003229 0.011592 0.040552 43 52 49
0.000205 0.012086 0.041555 44 53 50
-0.002465 0.012241 0.042180 44 53 50
-0.003929 0.010926 0.041736 44 53 50
-0.004315 0.008189 0.040390 44 53 50
-0.005225 0.006046 0.039611 45 51 51
-0.006812 0.004799 0.039367 45 51 51
0.000447 0.012189 0.041240 44 53 50
-0.002223 0.012339 0.041862 44 53 50
-0.003686 0.011020 0.041415 44 53 50
-0.004070 0.008281 0.040064 44 53 50
-0.004979 0.006136 0.039282 45 51 51
-0.006565 0.004885 0.039035 45 51 51
0.002244 0.011227 0.039914 44 53 50
-0.000926 0.011915 0.041058 44 53 50
-0.003158 0.011547 0.041279 44 53 50
-0.003968 0.009389 0.040240 44 53 50
-0.004545 0.006877 0.039019 43 52 49
-0.005950 0.005375 0.038642 45 51 51
0.000848 0.011727 0.040229 44 53 50
-0.001793 0.011815 0.040851 44 53 50
-0.003408 0.010680 0.040517 44 53 50
-0.004065 0.008301 0.039351 44 53 50
-0.004799 0.005955 0.038312 45 51 51
-0.006512 0.004859 0.038190 45 51 51
0.000563 0.011302 0.039707 43 52 49
-0.001890 0.011151 0.040180 43 52 49
-0.003208 0.009632 0.039569 43 52 49
-0.004083 0.007519 0.038581 43 52 49
-0.005105 0.005552 0.037751 45 51 51
0.000563 0.011310 0.039384 43 52 49
-0.001891 0.011159 0.039858 43 52 49
-0.003210 0.009639 0.039246 43 52 49
-0.004086 0.007524 0.038255 43 52 49
-0.005108 0.005556 0.037423 45 51 51
0.001506 0.010605 0.038323 43 52 49
-0.001041 0.010513 0.038970 43 52 49
-0.002900 0.009647 0.038875 43 52 49
-0.004032 0.007861 0.038106 43 52 49
-0.004818 0.005608 0.036999 46 50 51
0.002281 0.010478 0.037711 43 52 49
-0.000472 0.010619 0.038553 43 52 49
-0.002625 0.010102 0.038755 43 52 49
-0.003738 0.008301 0.037957 43 52 49
-0.004553 0.006088 0.036879 43 52 49
-0.006198 0.004922 0.036607 46 50 51
0.001190 0.010227 0.037474 43 52 49
-0.001277 0.010034 0.038053 43 52 49
-0.002950 0.008919 0.037803 43 52 49
-0.004190 0.007258 0.037131 43 52 49
-0.005201 0.005283 0.036224 46 50 51
0.000207 0.010219 0.037443 43 52 49
-0.002060 0.009808 0.037797 43 52 49
-0.003353 0.008222 0.037163 43 52 49
-0.004302 0.006175 0.036208 43 52 49
-0.005863 0.004905 0.035825 46 50 51
0.002393 0.010004 0.036313 43 52 49
-0.000111 0.009842 0.036893 43 52 49
-0.002266 0.009286 0.037156 43 52 51
-0.003656 0.007808 0.036636 43 52 51
-0.004675 0.005846 0.035734 45 51 51
0.001472 0.009931 0.036165 43 52 49
-0.001008 0.009750 0.036734 43 52 49
-0.002890 0.008868 0.036725 43 52 51
-0.004230 0.007323 0.036150 43 52 51
-0.005320 0.005446 0.035309 45 51 51
0.001049 0.009677 0.035715 43 52 51
-0.001358 0.009417 0.036196 43 52 51
-0.003222 0.008502 0.036195 43 52 51
-0.004417 0.006752 0.035514 43 52 51
-0.005743 0.005171 0.034906 44 53 52
0.000099 0.009638 0.035615 42 51 50
-0.002083 0.009102 0.035913 42 51 50
-0.003594 0.007745 0.035557 43 52 51
-0.004638 0.005802 0.034690 44 53 52
0.001866 0.009531 0.034657 43 52 51
-0.000550 0.009275 0.035112 42 51 50
-0.002583 0.008553 0.035276 43 51 53
-0.004050 0.007118 0.034925 43 53 54
-0.005216 0.005314 0.034193 43 53 54
0.003219 0.009513 0.033953 44 52 54
0.000657 0.009407 0.034552 42 51 50
-0.001608 0.008973 0.034890 42 51 50
-0.003340 0.007865 0.034803 44 52 54
-0.004539 0.006095 0.034139 43 53 54
0.002134 0.009246 0.033673 43 51 53
-0.000233 0.008922 0.034075 42 50 52
-0.002185 0.008097 0.034132 43 51 53
-0.003741 0.006746 0.033900 43 53 54
-0.005156 0.005244 0.033434 43 55 55
0.003010 0.009397 0.033210 44 52 54
0.000614 0.009091 0.033640 42 50 52
-0.001477 0.008439 0.033799 42 50 52
-0.003070 0.007131 0.033601 43 53 54
-0.004450 0.005574 0.033120 43 55 55
0.004069 0.009308 0.032662 44 52 54
0.001821 0.008839 0.032836 43 51 53
-0.000451 0.008408 0.033115 42 50 52
-0.002098 0.007190 0.032873 43 51 53
-0.003703 0.005893 0.032666 43 53 54
0.002381 0.008969 0.032447 43 51 53
0.000103 0.008535 0.032722 42 50 52
-0.001696 0.007516 0.032594 43 51 53
-0.003265 0.006169 0.032350 43 53 54
-0.005034 0.005100 0.032252 41 55 56
0.002988 0.008999 0.032150 44 52 54
0.000889 0.008372 0.032141 42 50 52
-0.000965 0.007430 0.031997 42 50 52
-0.002223 0.005703 0.031379 43 53 54
-0.004198 0.004880 0.031486 41 55 56
0.003237 0.009106 0.031822 44 52 54
0.001138 0.008474 0.031809 42 50 52
-0.000715 0.007528 0.031662 42 50 52
-0.001971 0.005797 0.031040 43 53 54
-0.003947 0.004970 0.031144 43 54 56
0.003157 0.009162 0.031710 44 52 54
0.001162 0.008423 0.031535 42 50 52
-0.000543 0.007315 0.031168 41 51 52
-0.001726 0.005505 0.030414 44 52 54
-0.003821 0.004845 0.030578 42 54 54
0.002911 0.009068 0.031365 43 51 53
0.000913 0.008332 0.031193 42 50 52
-0.000795 0.007227 0.030829 42 52 53
-0.001981 0.005418 0.030076 44 52 54
-0.004078 0.004762 0.030243 41 55 55
0.002103 0.008851 0.031072 43 51 53
0.000123 0.008096 0.030897 42 50 52
-0.001283 0.006625 0.030208 43 51 53
-0.003049 0.005589 0.029924 43 53 54
0.003141 0.009202 0.030735 44 52 54
0.001104 0.008484 0.030665 42 50 52
-0.000585 0.007380 0.030198 41 51 52
-0.001966 0.005854 0.029524 44 52 54
-0.004093 0.005262 0.029655 42 54 54
0.003955 0.009446 0.030322 44 53 52
0.001874 0.008739 0.030383 43 52 51
-0.000205 0.008069 0.030402 42 51 50
-0.001820 0.006897 0.029814 43 51 53
0.002124 0.008845 0.030052 43 52 51
0.000046 0.008170 0.030067 42 51 50
-0.001568 0.006993 0.029473 43 51 53
-0.003407 0.006104 0.029123 43 53 54
0.001922 0.008693 0.029670 43 52 51
-0.000258 0.008110 0.029879 42 51 50
-0.001996 0.007075 0.029442 43 52 51
-0.003697 0.006039 0.028885 43 53 52
0.003181 0.009194 0.029333 44 53 52
0.001088 0.008487 0.029456 42 51 50
-0.000819 0.007615 0.029280 42 51 50
-0.002540 0.006580 0.028765 44 53 52
0.003641 0.009445 0.029071 44 53 50
0.001677 0.008602 0.028984 42 51 48
-0.000441 0.007949 0.029108 42 51 48
-0.002259 0.006980 0.028835 44 53 52
-0.003847 0.005797 0.028151 43 53 52
0.001944 0.008692 0.028619 43 52 49
-0.000249 0.008120 0.028834 42 51 48
-0.002085 0.007162 0.028606 43 52 51
-0.003786 0.006105 0.028080 43 53 52
0.003621 0.009495 0.028385 44 53 50
0.001724 0.008578 0.028204 42 51 48
-0.000383 0.007910 0.028303 42 51 48
-0.002254 0.006971 0.028167 44 53 50
-0.003999 0.005941 0.027759 43 54 50
0.002925 0.009146 0.027945 44 53 50
0.000911 0.008356 0.027931 42 51 48
-0.001058 0.007534 0.027867 42 51 48
-0.002880 0.006532 0.027688 44 53 50
0.003511 0.009648 0.027809 44 53 50
0.001768 0.008568 0.027393 42 51 48
-0.000350 0.007910 0.027500 42 51 48
-0.002163 0.006867 0.027374 44 53 50
-0.003944 0.005810 0.027174 44 55 51
0.003512 0.009655 0.027467 44 53 50
0.001769 0.008574 0.027051 42 51 48
-0.000350 0.007915 0.027158 42 51 48
-0.002164 0.006872 0.027031 44 53 50
-0.003947 0.005814 0.026831 44 55 51
0.002994 0.009867 0.027430 44 53 50
0.001480 0.008552 0.026670 42 51 48
-0.000573 0.007824 0.026685 42 51 48
-0.002204 0.006513 0.026470 44 53 50
-0.003845 0.005241 0.026190 44 55 51
0.002614 0.009185 0.026532 43 52 49
0.000595 0.008417 0.026467 42 51 48
-0.001144 0.007292 0.026200 43 52 49
-0.002631 0.005785 0.025863 44 53 50
-0.005012 0.005531 0.026173 46 57 53
0.002596 0.009961 0.026886 44 53 50
0.001016 0.008696 0.026278 42 51 48
-0.000550 0.007356 0.025824 42 51 48
-0.001876 0.005647 0.025295 44 53 50
-0.004128 0.005183 0.025535 46 55 50
0.002347 0.009867 0.026535 44 53 50
0.000765 0.008605 0.025929 42 51 48
-0.000804 0.007267 0.025477 42 51 48
-0.002133 0.005559 0.024949 44 53 50
-0.004387 0.005100 0.025194 46 56 48
0.001737 0.009369 0.026137 43 52 47
0.000012 0.008208 0.025878 42 51 46
-0.001246 0.006486 0.025088 43 52 47
-0.002729 0.005022 0.024557 46 52 48
0.002031 0.009818 0.026041 43 52 47
0.000365 0.008596 0.025692 42 51 46
-0.000855 0.006835 0.024840 43 52 47
-0.002301 0.005318 0.024282 44 53 48
-0.005234 0.005714 0.025284 48 55 48
0.001802 0.010066 0.026039 43 53 45
0.000249 0.008725 0.025518 42 52 44
-0.000918 0.006928 0.024527 43 53 45
-0.002391 0.005454 0.023967 44 54 46
0.002284 0.011453 0.026626 44 53 48
0.001292 0.009493 0.025396 43 53 45
-0.000361 0.008265 0.024997 42 52 44
-0.001521 0.006447 0.024010 43 53 45
-0.003116 0.005118 0.023595 46 53 46
0.001335 0.010241 0.025563 43 53 45
-0.000069 0.008755 0.024792 42 52 44
-0.001065 0.006760 0.023566 43 53 45
-0.002429 0.005140 0.022895 44 54 46
0.001364 0.009834 0.024869 43 53 45
-0.000157 0.008471 0.024244 42 52 44
-0.001095 0.006390 0.022975 43 53 45
-0.002648 0.004989 0.022537 46 53 46
0.001186 0.011193 0.025679 43 53 45
0.000349 0.009095 0.024119 42 52 44
-0.000557 0.007011 0.022730 42 51 46
-0.001642 0.005043 0.021729 44 54 46
-0.004359 0.005060 0.022713 46 47 39
0.001436 0.011302 0.025344 44 54 46
0.000602 0.009199 0.023776 42 52 44
-0.000303 0.007112 0.022382 43 52 47
-0.001385 0.005140 0.021375 44 54 46
-0.004104 0.005152 0.022357 46 47 39
0.000785 0.011278 0.025181 43 53 45
0.000255 0.008833 0.023207 42 52 44
-0.000419 0.006452 0.021564 43 53 45
-0.001464 0.004407 0.020549 46 53 45
-0.004668 0.005030 0.022085 43 43 33
0.000942 0.011861 0.025305 43 53 45
0.000445 0.009392 0.023277 42 52 44
-0.000169 0.006973 0.021493 42 52 44
-0.001201 0.004924 0.020443 46 53 46
-0.003771 0.004739 0.021254 45 47 36
0.000306 0.012185 0.025492 46 53 45
-0.000135 0.009639 0.023437 44 51 43
-0.000562 0.007000 0.021425 45 52 44
-0.001572 0.004926 0.020340 46 54 43
-0.003996 0.004580 0.020933 42 42 32
0.000257 0.011115 0.024224 45 52 44
-0.000101 0.008448 0.022066 43 50 42
-0.000842 0.006104 0.020570 45 52 44
-0.001960 0.004147 0.019602 48 51 42
-0.005280 0.004955 0.021188 39 39 27
-0.000242 0.012033 0.024926 42 50 39
-0.000583 0.009334 0.022827 37 45 34
-0.001126 0.006793 0.021028 40 48 37
-0.002120 0.004713 0.019861 43 49 37
-0.005011 0.004984 0.020931 45 45 33
-0.000350 0.011397 0.024086 36 44 31
-0.000683 0.008675 0.021964 30 36 26
-0.001390 0.006295 0.020407 37 43 29
-0.002510 0.004364 0.019376 43 47 32
-0.005642 0.004965 0.020685 53 54 40
-0.000804 0.010321 0.023212 28 34 20
-0.001228 0.007669 0.021219 25 31 17
-0.002227 0.005621 0.020013 41 44 25
-0.004447 0.005062 0.020263 54 55 39
-0.000805 0.010329 0.022865 23 27 12
-0.001229 0.007675 0.020867 20 24 7
-0.002229 0.005626 0.019658 38 42 19
-0.004450 0.005065 0.019909 59 60 42
-0.000749 0.012155 0.024172 30 32 18
-0.000999 0.009349 0.021921 13 15 1
-0.001780 0.007085 0.020387 22 25 4
-0.003060 0.005378 0.019487 33 35 13
-0.005853 0.005577 0.020342 72 73 55
-0.001147 0.009915 0.022082 28 31 14
-0.001750 0.007459 0.020292 37 41 18
-0.002936 0.005639 0.019282 47 49 25
-0.005531 0.005567 0.019948 76 77 59
-0.001350 0.009356 0.021397 45 48 29
-0.002242 0.007225 0.019978 59 63 36
-0.003708 0.005744 0.019308 54 56 32
-0.006347 0.005758 0.019983 81 84 63
-0.000998 0.010123 0.021582 58 61 40
-0.001658 0.007741 0.019837 72 76 51
-0.003050 0.006167 0.019080 73 76 47
-0.005511 0.005930 0.019576 81 84 63
-0.001267 0.010038 0.021279 74 78 53
-0.002002 0.007744 0.019616 93 98 68
-0.003565 0.006376 0.019075 82 85 54
-0.005938 0.006043 0.019452 85 90 67
-0.001013 0.011297 0.021930 72 76 51
-0.001466 0.008712 0.019858 102 106 79
-0.002710 0.006973 0.018902 108 113 81
-0.004531 0.005928 0.018646 86 90 63
-0.007011 0.005781 0.019054 94 97 78
-0.000989 0.011272 0.021565 89 93 68
-0.001517 0.008771 0.019587 120 127 96
-0.002810 0.007089 0.018689 123 129 95
-0.004729 0.006171 0.018536 91 95 68
-0.007109 0.005904 0.018816 95 100 80
-0.001167 0.009547 0.019776 129 136 105
-0.002177 0.007549 0.018486 146 153 120
-0.003966 0.006457 0.018190 111 116 86
-0.006378 0.006194 0.018561 90 98 75
-0.001253 0.009646 0.019549 145 154 123
-0.002231 0.007611 0.018209 163 173 138
-0.004152 0.006684 0.018064 121 128 95
-0.006482 0.006322 0.018333 89 99 75
-0.000944 0.010853 0.020129 145 152 121
-0.001545 0.008414 0.018253 178 188 154
-0.003147 0.007090 0.017736 165 175 138
-0.005262 0.006424 0.017786 101 112 82
-0.001050 0.010974 0.019933 160 170 136
-0.001615 0.008493 0.018004 198 210 174
-0.003251 0.007218 0.017506 178 190 150
-0.005355 0.006544 0.017527 104 115 85
-0.001365 0.009785 0.018650 188 200 162
-0.002280 0.007676 0.017204 201 213 173
-0.004298 0.006871 0.017157 145 157 121
-0.006579 0.006448 0.017354 94 106 82
-0.001592 0.010436 0.018942 189 201 161
-0.002230 0.008025 0.017099 207 222 179
-0.004179 0.007141 0.016950 155 170 129
-0.006309 0.006538 0.016929 98 113 84
-0.001529 0.009196 0.017494 202 217 174
-0.002742 0.007428 0.016418 195 210 167
-0.004810 0.006706 0.016367 132 146 110
-0.007086 0.006325 0.016448 112 124 102
-0.001619 0.009298 0.017273 207 222 179
-0.002761 0.007453 0.016082 197 214 169
-0.004793 0.006713 0.015909 134 150 113
-0.001420 0.010639 0.018011 206 221 178
-0.002022 0.008186 0.016102 216 233 189
-0.003965 0.007304 0.015885 171 188 143
-0.006036 0.006660 0.015682 117 133 104
-0.001548 0.011163 0.018214 201 214 171
-0.002093 0.008648 0.016234 206 223 178
-0.003681 0.007345 0.015554 175 193 145
-0.005618 0.006551 0.015116 127 147 112
-0.001641 0.010104 0.016970 196 212 167
-0.002390 0.007802 0.015254 196 213 168
-0.004426 0.007074 0.015034 144 163 118
-0.001790 0.010640 0.017241 189 205 158
-0.002414 0.008195 0.015380 193 211 163
-0.004452 0.007465 0.015167 147 166 120
-0.006333 0.006662 0.014523 145 164 134
-0.001766 0.009434 0.015854 181 199 151
-0.002928 0.007613 0.014641 173 193 144
-0.004917 0.006874 0.014231 135 153 113
-0.001952 0.010020 0.016165 174 190 143
-0.002858 0.007901 0.014626 171 189 141
-0.005097 0.007457 0.014550 127 146 101
-0.001998 0.008886 0.014860 170 188 138
-0.003795 0.007852 0.014350 161 179 129
-0.005610 0.006942 0.013634 146 163 127
-0.002152 0.009063 0.014723 167 183 134
-0.004053 0.008176 0.014281 158 176 126
-0.005787 0.007171 0.013467 144 161 125
-0.001737 0.010169 0.015184 165 181 132
-0.002813 0.008264 0.013803 164 180 131
-0.005131 0.007925 0.013788 137 154 110
-0.001834 0.010292 0.014935 164 178 129
-0.003064 0.008582 0.013709 161 175 126
-0.005396 0.008276 0.013691 138 153 110
-0.002344 0.009312 0.013850 157 171 122
-0.004318 0.008526 0.013459 156 170 121
-0.005946 0.007390 0.012513 137 151 116
-0.002738 0.009395 0.013608 160 172 124
-0.004789 0.008723 0.013282 157 169 121
-0.006327 0.007482 0.012223 137 151 118
-0.002215 0.009975 0.013610 164 176 128
-0.003833 0.008753 0.012786 163 175 127
-0.005774 0.007993 0.012236 150 160 125
-0.002830 0.009528 0.012954 166 175 128
-0.004961 0.008974 0.012665 167 176 129
-0.006429 0.007650 0.011511 143 154 122
-0.002575 0.009633 0.012595 169 178 133
-0.004705 0.009072 0.012301 172 181 134
-0.006171 0.007742 0.011139 150 159 128
-0.002250 0.010842 0.013196 181 188 144
-0.003550 0.009261 0.011918 170 177 133
-0.005949 0.009094 0.011855 177 183 145
-0.002252 0.010850 0.012835 186 193 149
-0.003553 0.009267 0.011554 171 178 134
-0.005953 0.009101 0.011492 181 187 151
-0.002949 0.010121 0.011880 177 184 142
-0.004992 0.009523 0.011313 182 187 146
-0.003209 0.010032 0.011514 177 184 142
-0.005256 0.009439 0.010952 186 191 150
-0.003093 0.011109 0.011989 189 194 153
-0.004527 0.009759 0.010695 183 188 147
-0.001932 0.012123 0.012216 221 227 183
-0.003341 0.010630 0.011198 185 192 150
-0.005142 0.009749 0.010305 189 194 153
-0.003533 0.011666 0.011744 196 203 161
-0.004735 0.010042 0.010158 188 195 153
-0.002561 0.012492 0.011896 219 228 183
-0.004031 0.011083 0.010938 193 202 159
-0.005568 0.009892 0.009711 194 202 161
-0.002775 0.012755 0.011779 216 228 182
-0.004345 0.011481 0.010924 197 208 165
-0.005766 0.010171 0.009511 194 205 163
-0.002100 0.013164 0.011562 218 230 184
-0.003796 0.012007 0.010941 209 220 177
-0.004970 0.010367 0.009270 198 209 166
-0.002437 0.013171 0.011282 215 231 184
-0.004156 0.012049 0.010671 209 225 180
-0.005481 0.010632 0.009101 198 214 169
-0.003695 0.012287 0.010446 212 228 183
-0.005150 0.010982 0.009141 202 218 173
-0.002566 0.013345 0.010689 215 231 184
-0.004199 0.012120 0.009963 211 227 182
-0.005568 0.010776 0.008390 201 217 172
-0.002281 0.013812 0.010632 216 232 185
-0.003691 0.012302 0.009680 214 230 185
-0.005347 0.011257 0.008575 205 221 176
-0.003218 0.013330 0.010104 216 232 187
-0.004785 0.012044 0.009252 211 227 182
-0.005802 0.010253 0.007268 202 219 174
-0.003221 0.013340 0.009740 218 234 189
-0.004789 0.012053 0.008887 213 229 184
-0.005806 0.010261 0.006899 204 221 176
-0.003078 0.014365 0.010215 218 234 187
-0.003968 0.012238 0.008611 215 231 186
-0.005076 0.010463 0.006948 209 225 180
-0.007038 0.009656 0.006602 199 218 173
-0.003426 0.013985 0.009625 219 235 188
-0.004520 0.012114 0.008222 215 231 186
-0.005395 0.010072 0.006211 209 226 181
-0.004050 0.015133 0.010346 219 235 188
-0.004373 0.012337 0.008025 217 233 188
-0.005327 0.010364 0.006188 212 228 183
-0.007447 0.009723 0.006114 194 215 172
-0.003914 0.016564 0.011114 221 237 190
-0.004388 0.013950 0.009068 219 235 190
-0.005232 0.011802 0.007273 216 232 187
-0.006125 0.009746 0.005359 212 229 185
-0.004368 0.016759 0.010848 222 238 191
-0.004364 0.013583 0.008175 219 235 190
-0.005302 0.011553 0.006463 216 232 187
-0.006589 0.009931 0.005190 213 232 187
-0.004265 0.017433 0.011006 220 236 189
-0.004826 0.014927 0.009091 217 233 188
-0.005178 0.012183 0.006711 214 230 185
-0.005911 0.009922 0.004614 212 229 185
-0.003853 0.018582 0.011264 219 235 186
-0.005101 0.016893 0.010256 215 231 184
-0.004448 0.012927 0.006761 209 225 180
-0.005293 0.010754 0.004956 208 224 179
-0.007518 0.010225 0.005051 200 218 176
-0.003856 0.018596 0.010906 218 234 185
-0.005105 0.016906 0.009896 212 228 181
-0.004451 0.012937 0.006392 206 222 177
-0.005296 0.010762 0.004583 205 221 176
-0.007523 0.010232 0.004678 198 216 174
-0.003530 0.019395 0.011112 218 234 185
-0.005340 0.018369 0.010806 212 228 181
-0.006343 0.016353 0.009586 204 220 175
-0.005820 0.012533 0.006164 200 216 171
-0.006412 0.010055 0.003985 203 220 176
-0.004140 0.018946 0.010533 216 232 183
-0.005630 0.017515 0.009897 207 223 176
-0.004672 0.013182 0.006013 196 212 167
-0.005482 0.010956 0.004172 198 214 169
-0.007658 0.010356 0.004215 194 211 169
-0.004149 0.019329 0.010579 212 228 179
-0.006090 0.018405 0.010589 203 219 172
-0.006466 0.012462 0.005707 193 209 164
-0.007283 0.010253 0.003816 197 214 170
-0.003407 0.019659 0.010243 210 226 177
-0.005411 0.018814 0.010288 201 217 170
-0.006790 0.017223 0.009595 188 204 159
-0.005899 0.012979 0.005673 184 200 155
-0.006300 0.010283 0.003180 192 207 164
-0.008914 0.010183 0.003937 170 188 148
-0.003999 0.019542 0.010060 205 221 172
-0.006070 0.018741 0.010298 194 210 163
-0.006500 0.012849 0.005528 181 197 152
-0.007110 0.010378 0.003378 189 206 162
-0.009403 0.009850 0.003795 158 176 138
-0.003745 0.019659 0.009672 202 218 169
-0.005831 0.018885 0.009890 190 206 159
-0.007430 0.017544 0.009512 176 192 147
-0.006386 0.013107 0.005388 174 190 145
-0.006719 0.010301 0.002851 185 200 157
-0.009105 0.009904 0.003333 168 184 145
-0.004807 0.019293 0.009465 194 210 161
-0.006777 0.018361 0.009617 178 194 147
-0.005593 0.013751 0.005429 166 182 137
-0.006573 0.011672 0.003956 175 191 146
-0.008006 0.010144 0.003020 179 196 154
-0.010102 0.009353 0.003224 133 149 113
-0.005073 0.019200 0.009166 192 208 161
-0.007057 0.018284 0.009339 177 193 146
-0.005641 0.013407 0.004777 168 184 139
-0.006149 0.010745 0.002667 180 196 151
-0.008241 0.009998 0.002661 179 196 152
-0.010394 0.009298 0.002892 138 154 118
-0.011588 0.007341 0.001910 194 208 182
-0.004876 0.019388 0.008833 194 210 161
-0.006836 0.018436 0.008987 180 196 149
-0.005633 0.013801 0.004753 170 186 141
-0.006619 0.011708 0.003326 180 196 151
-0.007972 0.010034 0.002395 185 200 157
-0.010011 0.009163 0.002519 127 141 105
-0.011678 0.007858 0.002062 190 203 175
-0.003870 0.019832 0.008415 200 216 167
-0.005993 0.019081 0.008714 189 205 158
-0.007527 0.017647 0.008271 175 191 146
-0.006480 0.013199 0.004108 175 191 146
-0.006948 0.010443 0.002025 191 207 162
-0.008874 0.009429 0.001961 165 180 139
-0.011093 0.008848 0.002182 157 171 136
-0.003908 0.019889 0.008089 200 216 167
-0.006030 0.019130 0.008402 189 205 158
-0.007504 0.017616 0.007899 175 191 146
-0.006477 0.013188 0.003755 177 193 148
-0.006984 0.010454 0.001785 194 210 165
-0.008796 0.009282 0.001601 163 178 135
-0.011059 0.008766 0.001842 155 166 132
-0.005438 0.019263 0.007857 195 211 164
-0.007334 0.018224 0.007949 179 195 150
-0.005940 0.013359 0.003369 177 193 148
-0.006537 0.010746 0.001489 193 209 164
-0.008336 0.009569 0.001241 180 195 152
-0.010555 0.008963 0.001487 137 149 111
-0.011877 0.007205 0.000550 211 224 196
-0.004213 0.019854 0.007463 202 218 169
-0.006310 0.019034 0.007830 193 209 162
-0.006579 0.012886 0.002854 187 203 158
-0.007250 0.010335 0.001114 205 220 177
-0.009110 0.009229 0.000958 158 171 128
-0.011200 0.008495 0.000951 161 171 137
-0.004217 0.019869 0.007100 205 221 172
-0.006315 0.019048 0.007467 198 214 167
-0.006275 0.015753 0.004899 187 203 158
-0.006584 0.012895 0.002480 192 208 163
-0.007255 0.010342 0.000735 210 225 182
-0.009116 0.009236 0.000579 162 175 132
-0.011208 0.008502 0.000572 161 171 136
-0.005469 0.019298 0.006871 206 222 175
-0.007372 0.018218 0.007095 196 212 165
-0.005977 0.013343 0.002495 194 210 165
-0.006575 0.010756 0.000509 210 226 181
-0.008361 0.009579 0.000169 194 206 160
-0.010597 0.008977 0.000460 147 155 114
-0.012026 0.007388 -0.000435 204 213 184
-0.004232 0.019898 0.006409 211 227 178
-0.006334 0.019054 0.006848 207 223 176
-0.006412 0.015879 0.004471 199 215 170
-0.006576 0.012863 0.001792 204 220 175
-0.007303 0.010394 0.000055 222 235 191
-0.009129 0.009249 -0.000175 170 181 138
-0.011253 0.008542 -0.000119 162 170 133
-0.004501 0.019814 0.006089 214 230 181
-0.006623 0.018975 0.006606 211 227 180
-0.006815 0.015930 0.004374 204 220 175
-0.006824 0.012746 0.001420 211 227 182
-0.007626 0.010371 -0.000238 228 241 197
-0.009391 0.009147 -0.000549 165 174 129
-0.011550 0.008471 -0.000404 167 175 138
-0.005846 0.019305 0.006102 215 231 184
-0.007395 0.017820 0.005810 208 224 179
-0.006171 0.013179 0.001259 208 224 179
-0.006825 0.010642 -0.000641 222 238 193
-0.008570 0.009400 -0.001026 204 213 166
-0.010893 0.008908 -0.000626 162 170 129
-0.004538 0.019867 0.005427 216 232 183
-0.006693 0.019067 0.005973 214 230 183
-0.006935 0.016089 0.003763 208 224 179
-0.006814 0.012752 0.000603 213 229 184
-0.007680 0.010437 -0.000935 229 242 196
-0.009388 0.009135 -0.001319 187 196 149
-0.011591 0.008498 -0.001088 177 185 146
-0.004772 0.019725 0.005108 216 232 183
-0.006784 0.018751 0.005485 215 231 184
-0.005861 0.014424 0.001568 209 225 180
-0.006523 0.011977 -0.000494 216 232 187
-0.007867 0.010241 -0.001405 228 241 195
-0.009749 0.009150 -0.001536 189 198 151
-0.011619 0.008098 -0.001800 186 194 157
-0.004339 0.020050 0.004769 216 232 183
-0.006497 0.019263 0.005274 218 234 187
-0.006687 0.016230 0.002964 212 228 183
-0.006519 0.012832 -0.000254 214 230 183
-0.007442 0.010558 -0.001662 229 242 196
-0.009127 0.009225 -0.002092 215 225 175
-0.011371 0.008633 -0.001808 184 192 151
-0.005356 0.019602 0.004538 218 234 185
-0.007248 0.018510 0.004690 217 233 186
-0.005920 0.013726 0.000069 213 229 182
-0.006484 0.011078 -0.001967 221 237 190
-0.008245 0.009841 -0.002318 237 249 199
-0.010386 0.009089 -0.002136 198 207 162
-0.011993 0.007729 -0.002842 194 204 169
-0.005997 0.019528 0.004432 217 233 184
-0.007295 0.017761 0.003727 215 231 184
-0.006072 0.013099 -0.000847 213 229 182
-0.006887 0.010705 -0.002442 222 236 187
-0.008639 0.009459 -0.002823 230 242 192
-0.010988 0.008999 -0.002416 205 214 171
-0.005410 0.019686 0.003858 212 228 179
-0.007149 0.018404 0.003815 215 231 182
-0.005886 0.013680 -0.000705 212 228 181
-0.006487 0.011068 -0.002689 215 231 182
-0.008278 0.009866 -0.003015 221 235 184
-0.010405 0.009110 -0.002903 218 227 182
-0.012068 0.007823 -0.003549 201 211 176
-0.006394 0.019130 0.003781 215 229 178
-0.006253 0.012447 -0.001940 213 227 176
-0.007387 0.010443 -0.003154 211 228 176
-0.009193 0.009285 -0.003525 219 233 182
-0.011467 0.008744 -0.003261 223 231 194
-0.004934 0.019956 0.003135 207 221 170
-0.006614 0.018555 0.003140 213 227 174
-0.005553 0.014007 -0.000894 213 227 174
-0.006419 0.011808 -0.002786 210 225 170
-0.007897 0.010226 -0.003560 205 222 168
-0.009796 0.009189 -0.003808 230 242 196
-0.011803 0.008315 -0.003929 223 230 196
-0.006219 0.011895 -0.002822 208 222 169
-0.007597 0.010240 -0.003892 201 218 164
-0.009534 0.009267 -0.004159 224 238 189
-0.011781 0.008706 -0.003967 239 249 212
-0.005555 0.012314 -0.002935 211 225 172
-0.006774 0.010481 -0.004285 204 219 164
-0.008767 0.009578 -0.004513 187 204 150
-0.011068 0.009077 -0.004263 236 247 207
-0.007325 0.010297 -0.004598 202 219 165
-0.009365 0.009465 -0.004782 200 217 165
-0.011546 0.008821 -0.004711 227 239 199
-0.007331 0.010305 -0.004985 202 219 165
-0.009372 0.009472 -0.005170 194 211 159
-0.011555 0.008828 -0.005099 217 232 191
-0.006841 0.010519 -0.005226 203 217 164
-0.008969 0.009803 -0.005348 167 186 131
-0.011118 0.009116 -0.005346 210 225 182
-0.005852 0.011388 -0.005048 208 222 169
-0.007673 0.010291 -0.005629 199 216 162
-0.009752 0.009510 -0.005774 187 204 152
-0.011838 0.008744 -0.005846 193 211 169
-0.006138 0.011359 -0.005539 207 221 170
-0.008069 0.010361 -0.005857 193 210 158
-0.010098 0.009512 -0.006045 191 209 159
-0.012003 0.008514 -0.006370 184 202 160
-0.005872 0.011442 -0.005880 207 221 170
-0.007781 0.010420 -0.006252 199 216 164
-0.009864 0.009639 -0.006390 183 201 149
-0.011834 0.008723 -0.006636 185 204 159
-0.006869 0.010996 -0.006445 204 218 169
-0.008985 0.010220 -0.006469 172 190 140
-0.010970 0.009324 -0.006729 188 208 159
-0.012905 0.008380 -0.007031 166 184 146
-0.007339 0.010721 -0.006908 202 215 169
-0.009487 0.010001 -0.006926 171 189 139
-0.011447 0.009080 -0.007230 181 200 154
-0.007447 0.010861 -0.007176 203 216 172
-0.009590 0.010113 -0.007136 171 189 141
-0.011496 0.009135 -0.007553 177 196 150
-0.006773 0.011323 -0.007444 204 217 174
-0.008821 0.010424 -0.007479 183 200 155
-0.010786 0.009505 -0.007799 183 203 154
-0.012693 0.008532 -0.008193 168 186 148
-0.006465 0.013445 -0.005975 205 218 174
-0.007303 0.011122 -0.007832 203 216 173
-0.009376 0.010260 -0.007836 179 197 149
-0.011270 0.009268 -0.008296 184 203 157
-0.006470 0.013456 -0.006362 204 217 173
-0.007309 0.011131 -0.008223 202 215 172
-0.009383 0.010268 -0.008228 183 200 155
-0.011278 0.009275 -0.008689 186 205 159
-0.007273 0.011979 -0.008050 202 214 174
-0.008885 0.010494 -0.008562 191 208 164
-0.010756 0.009448 -0.009020 192 211 165
-0.012684 0.008526 -0.009475 175 193 155
-0.008204 0.017989 -0.002512 200 213 169
-0.006822 0.013116 -0.007595 201 214 171
-0.007894 0.011002 -0.008947 199 214 171
-0.009806 0.009939 -0.009188 193 210 165
-0.011583 0.008811 -0.009872 188 206 164
-0.008923 0.018065 -0.002702 197 210 167
-0.007429 0.013046 -0.007966 198 210 170
-0.008441 0.010800 -0.009253 195 212 168
-0.010144 0.009492 -0.009846 192 211 165
-0.011947 0.008413 -0.010545 182 200 158
-0.008930 0.018078 -0.003080 194 207 164
-0.007435 0.013056 -0.008356 195 207 167
-0.008447 0.010808 -0.009647 192 209 165
-0.010151 0.009499 -0.010241 190 209 163
-0.011955 0.008420 -0.010942 182 200 158
-0.009603 0.019654 -0.001692 190 203 160
-0.007692 0.014196 -0.007611 193 205 165
-0.008190 0.011336 -0.009633 193 208 167
-0.009676 0.009700 -0.010391 187 204 160
-0.011336 0.008454 -0.011386 188 206 164
-0.009572 0.018845 -0.002932 187 200 157
-0.007844 0.013551 -0.008555 190 202 162
-0.008536 0.010879 -0.010208 189 206 164
-0.010108 0.009407 -0.011027 186 205 160
-0.011843 0.008248 -0.011884 180 198 156
-0.010476 0.019520 -0.002399 184 197 154
-0.008746 0.014200 -0.007952 188 200 160
-0.008957 0.010905 -0.010192 185 202 160
-0.010406 0.009293 -0.011233 185 204 159
-0.011985 0.007969 -0.012425 177 195 153
-0.010224 0.019628 -0.002775 183 196 153
-0.008487 0.014305 -0.008342 186 198 158
-0.008695 0.011008 -0.010590 186 203 161
-0.010143 0.009391 -0.011637 180 199 154
-0.011720 0.008061 -0.012838 177 195 153
-0.008751 0.012331 -0.009696 185 200 159
-0.009594 0.009861 -0.011279 178 195 151
-0.010998 0.008328 -0.012832 181 199 157
-0.012970 0.007489 -0.013395 156 174 134
-0.010985 0.020481 -0.002293 180 193 149
-0.009074 0.014928 -0.008025 184 197 154
-0.008764 0.011002 -0.011027 183 200 158
-0.010102 0.009265 -0.012312 175 193 151
-0.011560 0.007815 -0.013823 170 188 146
-0.009545 0.014978 -0.007812 183 196 152
-0.009032 0.010865 -0.011311 179 196 152
-0.010209 0.008928 -0.012861 169 187 145
-0.011599 0.007392 -0.014503 163 181 139
-0.011546 0.021062 -0.001984 178 191 145
-0.009288 0.015085 -0.008200 182 195 149
-0.008770 0.010970 -0.011709 181 198 154
-0.009945 0.009028 -0.013268 167 185 143
-0.011333 0.007485 -0.014920 164 182 140
-0.008974 0.012531 -0.010749 186 202 157
-0.009520 0.009757 -0.013006 176 193 149
-0.010637 0.007812 -0.014914 169 187 147
-0.012298 0.006568 -0.016026 149 167 125
-0.009436 0.015225 -0.008651 189 203 154
-0.008942 0.011197 -0.012318 189 206 162
-0.009809 0.008861 -0.014314 171 189 149
-0.011136 0.007217 -0.016034 163 181 139
-0.009896 0.015366 -0.008758 193 207 156
-0.009426 0.011384 -0.012463 193 210 165
-0.009968 0.008632 -0.014924 169 187 147
-0.011256 0.006924 -0.016676 162 180 138
-0.009639 0.015474 -0.009147 195 209 158
-0.009164 0.011489 -0.012863 197 214 169
-0.009703 0.008732 -0.015334 175 193 153
-0.010988 0.007017 -0.017096 164 182 140
-0.009346 0.013009 -0.011883 201 218 166
-0.009601 0.009875 -0.014603 195 214 169
-0.010286 0.007354 -0.017122 166 187 146
-0.011841 0.005955 -0.018429 162 180 138
-0.009978 0.015480 -0.009859 202 219 165
-0.009526 0.011512 -0.013560 208 224 179
-0.009850 0.008480 -0.016358 173 191 153
-0.011101 0.006708 -0.018173 163 184 141
-0.009229 0.014137 -0.011698 210 225 170
-0.009234 0.010706 -0.014755 215 232 187
-0.009499 0.007622 -0.017787 175 193 155
-0.011136 0.006342 -0.019055 169 187 145
-0.009919 0.015405 -0.010727 214 229 174
-0.009467 0.011429 -0.014438 220 236 191
-0.009705 0.008287 -0.017397 178 196 158
-0.010977 0.006538 -0.019206 172 190 148
-0.008909 0.011999 -0.014393 224 238 187
-0.009225 0.008954 -0.017197 213 228 187
-0.010081 0.006659 -0.019599 173 189 150
-0.009724 0.015130 -0.011688 224 237 181
-0.009287 0.011176 -0.015434 231 247 198
-0.009566 0.008088 -0.018395 186 202 163
-0.008957 0.010315 -0.016682 236 250 201
-0.009238 0.007248 -0.019778 193 205 167
-0.008964 0.010323 -0.017087 234 246 196
-0.008983 0.011628 -0.016221 232 246 187
-0.009351 0.008646 -0.019033 219 230 187
-0.008906 0.010246 -0.017996 234 243 190
-0.009216 0.010197 -0.018363 238 242 191
-0.008951 0.010303 -0.018773 225 225 175
0.001620 0.008301 0.042512 47 52 55
0.001077 0.008238 0.042262 47 52 55
0.002300 0.008221 0.041473 47 52 56
0.000006 0.008129 0.041966 45 53 55
-0.002978 0.009453 0.043103 48 52 53
0.002301 0.008227 0.041150 47 52 56
0.000006 0.008135 0.041644 45 53 55
-0.002979 0.009460 0.042785 48 52 53
0.001418 0.008325 0.040843 47 52 56
-0.000750 0.007970 0.041287 47 52 55
-0.003908 0.009649 0.042631 48 52 55
0.002119 0.008145 0.040222 47 52 58
-0.000240 0.008112 0.040904 45 53 56
-0.003148 0.009279 0.041994 48 52 55
0.001844 0.008106 0.039969 47 52 58
-0.000389 0.007840 0.040512 47 52 56
-0.003448 0.009310 0.041742 48 51 56
0.000411 0.008023 0.040003 47 52 58
-0.002281 0.008707 0.040936 48 51 56
0.002320 0.007778 0.039084 47 51 60
-0.000004 0.007712 0.039619 45 52 58
-0.002838 0.008686 0.040689 48 51 58
0.002580 0.007835 0.038762 47 51 60
0.000255 0.007766 0.039296 45 52 58
-0.002581 0.008735 0.040365 48 51 58
0.001127 0.007824 0.038702 47 51 60
-0.001309 0.007985 0.039372 47 51 60
-0.004324 0.009405 0.040550 48 51 58
0.002486 0.007947 0.038384 47 51 62
0.000264 0.007796 0.038561 45 52 60
-0.002549 0.008699 0.039639 48 51 58
0.001718 0.008241 0.038468 47 51 62
-0.000287 0.007771 0.038251 47 51 60
-0.003229 0.008959 0.039441 48 51 60
0.001719 0.008247 0.038142 47 51 62
-0.000287 0.007776 0.037924 47 51 60
-0.003231 0.008965 0.039117 48 51 60
0.001619 0.008759 0.038671 47 51 63
-0.000236 0.008192 0.037888 47 51 62
-0.002651 0.008456 0.038302 48 51 60
0.000215 0.008373 0.037746 45 52 62
-0.001978 0.008276 0.037749 48 51 60
-0.004818 0.009329 0.038819 46 50 59
-0.015329 0.002732 0.038415 43 50 56
0.000724 0.009249 0.038689 47 51 63
-0.000772 0.008107 0.037314 47 51 62
-0.003134 0.008287 0.037638 48 51 60
0.000130 0.008936 0.037770 47 51 62
-0.001639 0.008167 0.037021 48 50 62
-0.004362 0.008998 0.037908 47 49 61
-0.000522 0.009047 0.037688 47 51 62
-0.002179 0.008074 0.036804 48 51 60
-0.004884 0.008915 0.037611 44 51 59
-0.001020 0.008482 0.036827 47 51 60
-0.003034 0.008087 0.036559 48 51 60
-0.000428 0.010154 0.038516 44 51 57
-0.001637 0.008534 0.036693 46 51 57
-0.003672 0.008213 0.036401 46 51 57
-0.000840 0.009531 0.037338 44 51 57
-0.002260 0.008185 0.036007 45 50 56
-0.004712 0.008586 0.036398 44 51 57
-0.001661 0.009464 0.037073 43 51 53
-0.003161 0.008268 0.035849 44 49 52
-0.001080 0.010331 0.037659 42 52 51
-0.002333 0.008738 0.036003 44 50 50
-0.004230 0.008200 0.035461 42 50 52
-0.001962 0.009940 0.036967 42 51 48
-0.003318 0.008513 0.035488 40 49 48
-0.001381 0.010386 0.037016 41 52 48
-0.002714 0.008915 0.035509 43 49 47
-0.004551 0.008266 0.034889 42 52 51
-0.002626 0.010105 0.036527 42 51 48
-0.003898 0.008527 0.034928 41 50 49
-0.002241 0.010398 0.036469 42 53 49
-0.003524 0.008832 0.034896 41 50 47
-0.005497 0.008438 0.034473 43 52 51
-0.002169 0.011186 0.036976 42 53 49
-0.003463 0.009621 0.035474 41 50 47
-0.004980 0.008461 0.034263 42 51 50
-0.001912 0.011242 0.036652 42 53 49
-0.003205 0.009672 0.035143 42 51 48
-0.004721 0.008506 0.033926 41 50 49
-0.002183 0.011673 0.036809 42 53 49
-0.003429 0.010027 0.035231 44 50 48
-0.004887 0.008773 0.033903 41 50 49
-0.002443 0.011632 0.036481 43 52 49
-0.003692 0.009990 0.034903 44 50 48
-0.005153 0.008740 0.033577 40 50 51
-0.002917 0.011012 0.035614 43 52 49
-0.004216 0.009495 0.034004 44 50 48
-0.006029 0.008839 0.033292 42 50 52
-0.002361 0.011957 0.036168 44 53 50
-0.003593 0.010295 0.034533 45 51 49
-0.005003 0.008964 0.033101 42 51 50
-0.003346 0.011232 0.035282 43 52 49
-0.004599 0.009660 0.033545 45 51 49
-0.003089 0.011287 0.034954 44 53 50
-0.004340 0.009709 0.033210 45 51 49
-0.006036 0.008846 0.032294 42 51 50
-0.003549 0.011570 0.034969 44 53 50
-0.004800 0.009982 0.033254 45 51 49
-0.006318 0.008821 0.032027 43 52 49
-0.003984 0.010930 0.033917 45 51 49
-0.005150 0.009202 0.032026 43 52 49
-0.003879 0.011675 0.034368 46 52 50
-0.004995 0.009840 0.032449 46 52 50
-0.006522 0.008634 0.031331 46 52 50
-0.003779 0.011963 0.034356 46 52 50
-0.005002 0.010302 0.032636 46 52 50
-0.006406 0.008918 0.031252 46 52 50
-0.004058 0.011975 0.034009 46 52 50
-0.005183 0.010108 0.032196 46 52 50
-0.006688 0.008816 0.031126 47 51 50
-0.004632 0.011526 0.033274 46 52 50
-0.005779 0.009682 0.031500 46 50 49
-0.007339 0.008448 0.030580 46 50 49
-0.004226 0.012244 0.033664 47 51 50
-0.005382 0.010372 0.032010 47 51 50
-0.006868 0.008980 0.031021 46 50 49
-0.004229 0.012253 0.033335 47 51 50
-0.005385 0.010380 0.031676 47 51 50
-0.006872 0.008987 0.030686 46 50 49
-0.008577 0.007915 0.030155 45 49 48
-0.004789 0.012647 0.033648 46 50 49
-0.005854 0.010601 0.031883 46 50 49
-0.007165 0.008904 0.030582 46 50 49
-0.005115 0.011769 0.032513 47 51 50
-0.006205 0.009730 0.030805 47 51 50
-0.007628 0.008194 0.029721 46 50 49
-0.005474 0.013215 0.033945 45 51 51
-0.006187 0.010613 0.031472 46 52 50
-0.007244 0.008515 0.029625 47 51 50
-0.005737 0.013179 0.033616 45 51 51
-0.006453 0.010579 0.031142 48 54 52
-0.007514 0.008483 0.029294 47 51 50
-0.006580 0.013201 0.033304 46 50 49
-0.007185 0.010395 0.030645 50 55 51
-0.007985 0.007829 0.028343 47 52 48
-0.006436 0.013912 0.033625 45 51 49
-0.007040 0.011114 0.030985 52 57 53
-0.007676 0.008287 0.028378 48 53 49
-0.006984 0.014924 0.034031 46 50 49
-0.007695 0.012297 0.031655 52 57 51
-0.007877 0.008678 0.028298 49 51 46
-0.006242 0.016054 0.034631 46 50 49
-0.007381 0.014158 0.033061 45 49 48
-0.008056 0.011460 0.030571 50 55 49
-0.008379 0.008051 0.027451 47 49 44
-0.006343 0.017271 0.035099 48 50 49
-0.007627 0.015615 0.033857 45 49 48
-0.008480 0.013213 0.031785 53 55 50
-0.008420 0.009142 0.028069 48 50 45
-0.006524 0.017108 0.034636 46 50 49
-0.007484 0.014883 0.032859 45 49 48
-0.008329 0.012467 0.030724 53 55 50
-0.008306 0.008429 0.027066 46 48 43
-0.007800 0.016923 0.034225 45 49 50
-0.008478 0.014183 0.031992 52 54 51
-0.008670 0.010537 0.028805 49 51 48
-0.009401 0.007745 0.026494 42 44 41
-0.007548 0.016977 0.033896 44 48 49
-0.008224 0.014233 0.031656 49 51 50
-0.008412 0.010582 0.028460 47 49 46
-0.009140 0.007785 0.026140 40 42 39
-0.007872 0.016524 0.033354 44 48 49
-0.008683 0.014003 0.031317 48 53 49
-0.008654 0.009927 0.027768 42 44 41
-0.009716 0.007723 0.026004 36 38 33
-0.007900 0.017557 0.033867 44 48 49
-0.008348 0.014402 0.031283 45 50 46
-0.008533 0.010724 0.028108 42 44 41
-0.009289 0.007975 0.025823 35 37 32
-0.007879 0.020862 0.036379 47 47 45
-0.008569 0.018164 0.034355 45 50 46
-0.008867 0.014760 0.031499 44 49 42
-0.008801 0.010653 0.027849 37 42 35
-0.009672 0.008124 0.025724 29 34 27
-0.008243 0.020036 0.035481 45 47 44
-0.008220 0.016085 0.032230 43 48 44
-0.008986 0.013493 0.030031 39 44 37
-0.008858 0.009231 0.026225 31 36 29
-0.010286 0.007692 0.025041 26 31 24
-0.008526 0.020987 0.036037 40 42 37
-0.008856 0.017662 0.033396 39 44 38
-0.009482 0.014846 0.030997 38 46 35
-0.008986 0.009971 0.026544 38 44 34
-0.010197 0.008042 0.024991 39 45 35
-0.008714 0.020344 0.035234 34 37 30
-0.008825 0.016630 0.032176 32 39 31
-0.009474 0.013846 0.029753 37 48 34
-0.009189 0.009313 0.025624 49 57 44
-0.008350 0.021669 0.035849 29 31 18
-0.009070 0.019026 0.033867 26 32 18
-0.009484 0.015839 0.031184 28 41 24
-0.008825 0.010698 0.026466 46 60 43
-0.009896 0.008536 0.024645 55 70 51
-0.008356 0.021683 0.035529 24 27 10
-0.009076 0.019039 0.033543 21 28 12
-0.009491 0.015850 0.030854 25 38 20
-0.008831 0.010705 0.026125 48 67 48
-0.009903 0.008542 0.024301 63 81 59
-0.007565 0.022750 0.035847 24 25 7
-0.008805 0.021013 0.034746 17 20 3
-0.008990 0.017433 0.031810 13 25 5
-0.009576 0.014541 0.029293 31 48 29
-0.009055 0.009595 0.024744 69 87 65
-0.010591 0.008242 0.023749 97 115 91
-0.007270 0.022728 0.035455 40 42 21
-0.008841 0.021570 0.034848 31 34 13
-0.009279 0.018431 0.032362 30 39 18
-0.009924 0.015644 0.029996 49 67 45
-0.009088 0.010157 0.024922 86 105 83
-0.010429 0.008454 0.023582 105 123 99
-0.008026 0.023083 0.035501 54 53 32
-0.009248 0.021310 0.034378 47 51 28
-0.009387 0.017642 0.031361 43 56 30
-0.009995 0.014782 0.028879 80 99 77
-0.009419 0.009722 0.024223 113 133 106
-0.008757 0.021917 0.034444 62 66 43
-0.009177 0.018748 0.031930 58 68 43
-0.009792 0.015907 0.029517 93 111 87
-0.008917 0.010352 0.024378 123 146 120
-0.010250 0.008630 0.023025 139 157 131
-0.007624 0.023364 0.034987 86 86 60
-0.009123 0.022073 0.034295 77 81 54
-0.009553 0.018916 0.031797 73 83 56
-0.010150 0.016037 0.029353 122 140 116
-0.009272 0.010464 0.024203 150 173 147
-0.010575 0.008685 0.022798 161 179 153
-0.008438 0.022841 0.034405 95 98 71
-0.009579 0.020923 0.033122 91 97 69
-0.009597 0.017030 0.029841 109 123 97
-0.009424 0.012752 0.025968 155 177 154
-0.009805 0.009364 0.022926 176 196 169
-0.008433 0.022838 0.034069 116 119 90
-0.009610 0.020979 0.032840 116 123 92
-0.009674 0.017163 0.029633 128 142 116
-0.009518 0.012916 0.025788 165 187 164
-0.009869 0.009473 0.022686 184 204 177
-0.007883 0.023348 0.034025 137 140 111
-0.009145 0.021632 0.032960 139 144 112
-0.009335 0.018047 0.030010 137 148 118
-0.009976 0.015235 0.027569 171 189 167
-0.009326 0.010040 0.022759 194 214 189
-0.010775 0.008512 0.021597 199 217 193
-0.007826 0.023251 0.033623 158 161 130
-0.009110 0.021574 0.032572 165 171 137
-0.009336 0.018051 0.029668 162 173 141
-0.010039 0.015347 0.027328 183 201 177
-0.009394 0.010161 0.022515 203 223 198
-0.010839 0.008628 0.021342 207 225 201
-0.008471 0.022423 0.032783 183 189 153
-0.009392 0.020116 0.031082 191 199 162
-0.009737 0.016788 0.028259 191 205 179
-0.008986 0.011461 0.023328 200 219 197
-0.010040 0.009250 0.021439 209 227 203
-0.008486 0.022444 0.032494 207 211 174
-0.009473 0.020259 0.030881 215 223 184
-0.009829 0.016952 0.028068 208 223 194
-0.009102 0.011666 0.023177 210 230 205
-0.010185 0.009506 0.021342 219 234 211
-0.007837 0.023276 0.032682 196 202 164
-0.009160 0.021668 0.031661 213 220 179
-0.009451 0.018258 0.028834 213 225 187
-0.010184 0.015602 0.026534 204 220 193
-0.009543 0.010419 0.021707 211 229 205
-0.010994 0.008885 0.020545 215 230 207
-0.007697 0.023513 0.032540 194 199 158
-0.009178 0.022192 0.031749 211 218 174
-0.009872 0.019493 0.029609 214 225 185
-0.010539 0.016722 0.027256 200 217 185
-0.009767 0.011311 0.022249 200 218 192
-0.011104 0.009579 0.020904 204 220 194
-0.008202 0.022939 0.031834 201 208 166
-0.009498 0.021291 0.030725 214 222 175
-0.009740 0.017785 0.027762 208 223 184
-0.009661 0.013659 0.024029 189 208 180
-0.010092 0.010349 0.021058 192 208 182
-0.008284 0.023079 0.031644 200 207 163
-0.009571 0.021418 0.030514 215 223 174
-0.009924 0.018101 0.027743 210 222 182
-0.009848 0.013972 0.024040 184 200 173
-0.010409 0.010883 0.021330 182 198 172
-0.011800 0.009233 0.020074 199 213 188
-0.009011 0.022397 0.030891 209 217 170
-0.009736 0.019746 0.028792 215 224 177
-0.010464 0.017076 0.026547 191 207 170
-0.009770 0.011795 0.021700 175 191 164
-0.011152 0.010136 0.020442 175 189 164
-0.008935 0.022727 0.030893 202 210 163
-0.009968 0.020610 0.029333 208 218 168
-0.010652 0.017860 0.027061 194 209 170
-0.010023 0.012703 0.022359 170 186 157
-0.011397 0.011060 0.021071 162 176 150
-0.009358 0.021998 0.030050 201 209 158
-0.009940 0.019079 0.027689 198 210 164
-0.010725 0.016499 0.025489 180 196 160
-0.010420 0.011879 0.021295 165 182 150
-0.011778 0.010184 0.019969 169 183 158
-0.009141 0.022052 0.029901 194 202 151
-0.010079 0.019757 0.028138 191 200 153
-0.011085 0.017592 0.026306 181 197 158
-0.010502 0.012518 0.021591 160 177 143
-0.012093 0.011284 0.020652 157 172 143
-0.009558 0.021309 0.029026 188 197 144
-0.010294 0.018659 0.026847 182 195 149
-0.010236 0.014580 0.023100 164 181 145
-0.011068 0.012002 0.020810 149 164 131
-0.012252 0.009984 0.019158 162 176 150
-0.009267 0.021257 0.028710 182 191 136
-0.010410 0.019331 0.027196 173 185 135
-0.011386 0.017136 0.025212 167 183 144
-0.011113 0.012648 0.020907 147 163 127
-0.009613 0.020395 0.027675 185 194 141
-0.010842 0.018629 0.026221 183 197 148
-0.010135 0.013411 0.021216 157 175 137
-0.011726 0.012227 0.020194 142 157 124
-0.009559 0.020329 0.027183 192 201 146
-0.011005 0.018945 0.026099 187 201 152
-0.010468 0.014065 0.021335 160 176 137
-0.011999 0.012813 0.020158 145 161 125
-0.010223 0.019527 0.026218 194 204 152
-0.011408 0.017706 0.024580 178 193 150
-0.011117 0.013239 0.020151 160 176 137
-0.010231 0.019600 0.025763 203 213 160
-0.011515 0.017946 0.024317 179 195 150
-0.011440 0.013888 0.020248 164 179 138
-0.009527 0.020345 0.025966 212 221 166
-0.011060 0.019095 0.025042 200 212 162
-0.010855 0.014811 0.020835 166 183 139
-0.009720 0.020251 0.025385 214 223 168
-0.011301 0.019066 0.024581 198 212 161
-0.011399 0.015309 0.020921 169 187 139
-0.009195 0.020822 0.025437 219 228 173
-0.010658 0.019420 0.024456 210 220 167
-0.011334 0.016684 0.021892 176 192 143
-0.009651 0.020164 0.024520 220 227 173
-0.011242 0.018958 0.023787 202 215 161
-0.011590 0.015623 0.020591 174 192 140
-0.009398 0.020219 0.024179 224 231 177
-0.010989 0.019009 0.023442 207 220 164
-0.011333 0.015669 0.020235 175 194 139
-0.010059 0.019396 0.023200 222 233 177
-0.012155 0.015150 0.019396 189 206 154
-0.010065 0.019410 0.022861 222 231 176
-0.012163 0.015162 0.019049 192 209 157
-0.009232 0.019994 0.022741 225 232 178
-0.010894 0.018881 0.022145 211 225 166
-0.011423 0.015852 0.019266 184 202 144
-0.009499 0.019968 0.022407 225 232 178
-0.011163 0.018857 0.021812 212 226 167
-0.011696 0.015829 0.018930 190 208 150
-0.008774 0.020253 0.022021 226 233 181
-0.010306 0.018903 0.021203 219 226 174
-0.011294 0.016669 0.019188 192 207 148
-0.009086 0.019793 0.021352 224 231 179
-0.010778 0.018719 0.020798 216 229 173
-0.011368 0.015797 0.017994 195 210 151
-0.008640 0.020056 0.021036 224 234 182
-0.010158 0.018680 0.020162 219 227 176
-0.011185 0.016505 0.018210 203 218 161
-0.009207 0.019546 0.020346 220 233 180
-0.010896 0.018456 0.019780 217 232 177
-0.011577 0.015688 0.017115 212 225 171
-0.009175 0.019508 0.019905 218 235 183
-0.010828 0.018326 0.019318 218 232 179
-0.011551 0.015627 0.016725 218 231 178
-0.011147 0.016417 0.017081 225 237 189
-0.011348 0.016275 0.016595 233 245 197
-0.000914 0.018761 0.015299 219 237 185
-0.003993 0.019928 0.016945 219 239 186
-0.011233 0.016118 0.015559 231 242 199
-0.003127 0.019466 0.016040 215 235 182
-0.006035 0.020512 0.017244 220 243 191
-0.011540 0.017693 0.016695 222 235 192
-0.001646 0.019048 0.014844 215 232 180
-0.004560 0.020006 0.016138 216 236 185
-0.006960 0.020238 0.016487 216 240 190
-0.010262 0.017616 0.015614 211 228 184
-0.011351 0.015340 0.014002 225 234 191
-0.001647 0.019062 0.014491 213 230 178
-0.004564 0.020020 0.015789 214 234 183
-0.006965 0.020253 0.016139 215 239 189
-0.010269 0.017629 0.015263 209 226 182
-0.011358 0.015351 0.013646 222 231 188
-0.000460 0.018628 0.013420 209 226 174
-0.003357 0.019508 0.014680 208 228 177
-0.005912 0.019989 0.015237 211 233 184
-0.009207 0.017411 0.014163 201 220 175
-0.010656 0.015748 0.013240 219 230 187
-0.001270 0.018991 0.013515 205 224 169
-0.004142 0.019881 0.014696 204 224 175
-0.006460 0.019943 0.014921 207 229 180
-0.008249 0.018915 0.014624 200 223 177
-0.009757 0.017316 0.013937 201 218 174
-0.010972 0.015243 0.012548 217 226 181
-0.000586 0.018434 0.012340 201 218 166
-0.003412 0.019195 0.013484 199 219 168
-0.005951 0.019592 0.014113 202 224 177
-0.008115 0.019241 0.014394 198 221 175
-0.009315 0.017099 0.013156 193 212 167
-0.002000 0.018816 0.012554 196 214 162
-0.004906 0.019785 0.013794 194 216 169
-0.007120 0.019603 0.013984 199 223 175
-0.008550 0.017888 0.013125 185 207 161
-0.010634 0.017322 0.013408 199 214 171
0.000352 0.018414 0.011362 188 205 151
-0.002207 0.018719 0.012013 193 211 161
-0.005082 0.019589 0.013301 190 212 165
-0.007251 0.019267 0.013510 194 217 171
-0.008471 0.017140 0.012326 178 196 154
-0.010895 0.017265 0.013060 199 212 169
-0.001632 0.018772 0.011566 191 209 157
-0.004477 0.019558 0.012818 185 207 160
-0.006707 0.019368 0.013059 193 215 169
-0.008102 0.017567 0.012147 179 200 157
-0.010416 0.017425 0.012787 189 204 161
-0.000290 0.018542 0.010753 189 206 152
-0.002825 0.018765 0.011470 188 207 161
-0.005550 0.019381 0.012525 186 208 162
-0.007499 0.018617 0.012452 185 208 166
-0.008976 0.016951 0.011661 170 188 148
-0.010652 0.015771 0.010947 199 210 167
-0.000291 0.018555 0.010394 187 204 150
-0.002827 0.018779 0.011113 186 205 159
-0.005554 0.019395 0.012170 183 205 159
-0.007504 0.018630 0.012097 183 206 164
-0.008982 0.016964 0.011304 166 184 144
-0.010659 0.015783 0.010588 196 207 164
0.000683 0.018431 0.009801 181 196 141
-0.001938 0.018845 0.010499 190 206 157
-0.004737 0.019537 0.011715 182 201 156
-0.006891 0.019150 0.011923 187 208 165
-0.008165 0.017151 0.010737 166 187 146
-0.010841 0.017673 0.011975 183 195 155
-0.000311 0.018642 0.009648 188 202 149
-0.002801 0.018769 0.010318 185 202 157
-0.005550 0.019401 0.011444 180 199 154
-0.007413 0.018467 0.011231 178 199 158
-0.008979 0.016980 0.010525 160 176 137
-0.010719 0.015847 0.010023 191 202 160
0.000054 0.018536 0.009154 187 201 148
-0.002370 0.018582 0.009626 190 206 159
-0.005332 0.019552 0.011131 183 202 157
-0.007331 0.018862 0.011133 184 205 164
-0.008603 0.016873 0.009882 161 177 138
-0.011426 0.017662 0.011399 190 201 159
-0.001621 0.018855 0.009313 195 211 162
-0.004467 0.019607 0.010614 186 203 159
-0.006597 0.019142 0.010811 191 212 169
-0.007866 0.017149 0.009560 175 193 153
-0.010591 0.017752 0.010871 180 192 152
0.000216 0.018758 0.008672 193 206 152
-0.002146 0.018698 0.009028 198 214 165
-0.005065 0.019551 0.010513 190 207 162
-0.007039 0.018815 0.010455 193 214 171
-0.008338 0.016886 0.009209 171 187 148
-0.011148 0.017637 0.010697 190 201 161
-0.001888 0.018800 0.008634 203 217 166
-0.004764 0.019574 0.010042 194 211 166
-0.006835 0.019003 0.010140 200 218 176
-0.008139 0.017079 0.008906 178 196 156
-0.010844 0.017653 0.010170 186 198 158
-0.012044 0.015452 0.008814 206 217 174
-0.000756 0.018882 0.008251 206 219 166
-0.003223 0.018945 0.008920 201 217 170
-0.005696 0.018998 0.009759 198 215 170
-0.007625 0.018173 0.009613 194 215 174
-0.009289 0.016907 0.008952 178 194 155
-0.011142 0.015890 0.008768 206 217 175
-0.001094 0.018960 0.007997 209 221 171
-0.003783 0.019368 0.009112 202 218 171
-0.005946 0.018902 0.009415 203 222 177
-0.007601 0.017603 0.008767 197 218 177
-0.009758 0.017204 0.008989 188 200 160
-0.011211 0.015447 0.008096 213 224 182
-0.000675 0.018729 0.007478 210 223 169
-0.003300 0.019060 0.008389 205 221 172
-0.005671 0.018907 0.009097 206 224 176
-0.007684 0.018206 0.009125 204 223 178
-0.009436 0.017101 0.008597 190 205 164
-0.011224 0.015994 0.008238 217 225 184
-0.001859 0.018708 0.007297 212 226 175
-0.004846 0.019618 0.008963 206 224 176
-0.006777 0.018733 0.008917 214 231 186
-0.008355 0.017297 0.008118 198 215 173
-0.010873 0.017569 0.008965 204 215 173
-0.012196 0.015622 0.007746 221 229 188
-0.001844 0.018699 0.006897 215 229 176
-0.004872 0.019678 0.008623 209 227 179
-0.006787 0.018749 0.008576 219 237 189
-0.008505 0.017551 0.008038 204 221 177
-0.010937 0.017672 0.008725 209 222 179
-0.012257 0.015732 0.007481 223 234 192
-0.001207 0.018652 0.006364 216 230 177
-0.004177 0.019547 0.007914 212 228 179
-0.006192 0.018773 0.008043 219 237 189
-0.008108 0.017903 0.007877 213 232 186
-0.010228 0.017448 0.008004 209 222 178
-0.011640 0.015652 0.006952 227 238 196
-0.002346 0.019076 0.006525 216 230 177
-0.005038 0.019447 0.007769 214 232 182
-0.007103 0.018785 0.007953 220 240 189
-0.008860 0.017662 0.007458 208 225 180
-0.011301 0.017803 0.008164 220 231 189
-0.012569 0.015822 0.006714 224 237 193
-0.002348 0.019090 0.006160 214 228 175
-0.005042 0.019461 0.007407 213 231 181
-0.007108 0.018799 0.007591 219 239 188
-0.008866 0.017675 0.007094 209 226 181
-0.011309 0.017816 0.007802 220 231 189
-0.012578 0.015834 0.006349 223 236 192
-0.001269 0.018842 0.005258 214 229 172
-0.004115 0.019532 0.006585 211 228 174
-0.006132 0.018721 0.006762 218 236 184
-0.008298 0.018265 0.007062 215 233 183
-0.010377 0.017749 0.007094 216 229 185
-0.011757 0.015905 0.005945 226 237 195
-0.002404 0.019242 0.005448 212 227 172
-0.004923 0.019287 0.006439 213 232 177
-0.007098 0.018801 0.006808 219 237 185
-0.008964 0.017860 0.006512 213 231 183
-0.011368 0.017944 0.007123 222 233 191
-0.012638 0.015947 0.005684 223 234 191
-0.002689 0.019180 0.005196 211 226 169
-0.004902 0.018678 0.005703 216 233 178
-0.007227 0.018459 0.006299 219 238 183
-0.009298 0.017880 0.006360 215 231 182
-0.011671 0.017943 0.006858 228 236 195
-0.001758 0.019156 0.004591 211 226 169
-0.004196 0.019065 0.005390 211 228 173
-0.006306 0.018436 0.005653 216 235 180
-0.008550 0.018127 0.006053 215 233 181
-0.010841 0.018031 0.006382 222 231 188
-0.012144 0.016060 0.005047 223 231 190
-0.002722 0.019023 0.004976 210 223 167
-0.004489 0.017764 0.004680 215 230 175
-0.007011 0.017907 0.005522 215 233 175
-0.009367 0.017864 0.005994 214 231 179
-0.011687 0.017896 0.006259 222 230 189
-0.012982 0.015980 0.004773 217 228 185
-0.003001 0.018957 0.004706 208 223 166
-0.004672 0.017531 0.004236 213 231 173
-0.007456 0.018149 0.005510 214 232 174
-0.009638 0.017833 0.005610 216 230 181
-0.011370 0.016723 0.004907 219 227 186
-0.006549 0.017455 0.004786 212 230 172
-0.009158 0.017890 0.005590 215 229 178
-0.011402 0.017830 0.005588 215 226 184
-0.012729 0.016009 0.004080 210 223 180
-0.008072 0.018030 0.005239 211 229 171
-0.010262 0.017835 0.005146 215 227 181
-0.011690 0.016165 0.003870 210 221 179
-0.008717 0.018097 0.005121 214 229 174
-0.010842 0.017848 0.004812 213 226 182
-0.012266 0.016164 0.003538 201 214 171
-0.008084 0.018012 0.004601 213 226 170
-0.010261 0.017813 0.004425 213 227 178
-0.011738 0.016225 0.003231 198 213 170
-0.006432 0.017245 0.003118 216 225 170
-0.009171 0.017928 0.004080 216 229 175
-0.011277 0.017600 0.003827 204 223 177
-0.007321 0.017757 0.003363 219 226 172
-0.009651 0.017768 0.003531 216 229 176
-0.011415 0.016725 0.002811 194 218 170
-0.006723 0.017305 0.002256 218 225 171
-0.009368 0.017845 0.003021 217 230 177
-0.011451 0.017447 0.002777 196 218 171
-0.005671 0.017031 0.001475 217 224 170
-0.008683 0.018176 0.002911 217 226 173
-0.010712 0.017724 0.002461 207 227 178
-0.006568 0.017619 0.001590 216 223 171
-0.009009 0.017831 0.001909 216 226 174
-0.011071 0.017357 0.001667 200 222 175
-0.006573 0.017632 0.001217 214 221 169
-0.009016 0.017845 0.001538 215 225 173
-0.011078 0.017370 0.001295 201 223 176
-0.006287 0.018215 0.001233 213 220 169
-0.008634 0.018299 0.001294 214 222 171
-0.010547 0.017600 0.000696 207 226 180
-0.007126 0.018154 0.000827 212 219 168
-0.009275 0.017898 0.000542 212 222 172
-0.005917 0.019635 0.001791 206 216 166
-0.007746 0.018879 0.000782 210 216 168
-0.009503 0.017949 -0.000212 210 219 172
-0.007572 0.019056 0.000655 208 214 166
-0.009431 0.018327 -0.000189 206 215 168
-0.007203 0.020436 0.001656 203 212 167
-0.008731 0.019200 0.000092 203 212 165
-0.007621 0.020208 0.000928 202 211 166
-0.009288 0.019187 -0.000329 201 210 165
-0.007946 0.020775 0.001147 200 209 166
-0.009332 0.019308 -0.000696 196 207 164
-0.007308 0.021133 0.001231 198 206 165
-0.008561 0.019466 -0.000940 194 206 160
-0.007982 0.021318 0.001024 195 206 164
-0.009115 0.019444 -0.001359 192 203 160
-0.007987 0.021333 0.000654 194 205 163
-0.009122 0.019459 -0.001734 190 201 158
-0.008863 0.019913 -0.001362 190 198 157
-0.008525 0.021269 -0.000143 189 200 158
-0.009593 0.019249 -0.002631 183 196 153
-0.008862 0.020856 -0.000951 188 199 157
-0.010091 0.019045 -0.003027 185 198 155
-0.007437 0.022260 0.000479 191 206 163
-0.008868 0.020872 -0.001325 190 201 159
-0.010098 0.019059 -0.003405 186 199 156
-0.008811 0.021838 -0.000863 193 204 162
-0.009884 0.019696 -0.003115 188 199 157
-0.007499 0.022478 -0.000369 194 209 166
-0.008951 0.021078 -0.002038 191 202 160
-0.010213 0.019258 -0.003954 189 202 159
-0.007876 0.022738 -0.000774 195 210 167
-0.009240 0.021161 -0.002540 194 205 162
-0.010501 0.019314 -0.004420 191 204 160
-0.007611 0.022800 -0.001148 197 212 169
-0.008974 0.021218 -0.002924 197 208 165
-0.010233 0.019365 -0.004813 195 207 161
-0.008825 0.022526 -0.002101 202 214 168
-0.009715 0.020045 -0.004675 200 209 162
-0.008961 0.021277 -0.003850 206 215 168
-0.007784 0.022610 -0.002480 208 220 170
-0.009131 0.021003 -0.004331 210 220 168
-0.008864 0.021060 -0.004718 213 223 171
-0.008565 0.021928 -0.003837 217 226 173
-0.009526 0.019566 -0.006357 219 228 171
-0.008771 0.020801 -0.005493 220 231 175
-0.007453 0.021959 -0.004436 221 232 176
-0.008978 0.020618 -0.005959 225 234 177
-0.008710 0.020676 -0.006347 228 237 180
-0.008336 0.021527 -0.005785 230 238 179
-0.009457 0.019428 -0.008033 237 243 183
-0.008901 0.020496 -0.007293 234 243 180
-0.007586 0.021751 -0.006359 230 240 179
-0.008756 0.019748 -0.008544 236 245 182
-0.008834 0.020389 -0.008217 240 246 182
-0.008324 0.021041 -0.007962 240 245 181
-0.008820 0.020367 -0.009032 247 245 184
-0.008699 0.019646 -0.010223 233 220 165
-0.001906 0.014236 0.046984 38 50 46
-0.000412 0.012862 0.045825 38 50 46
-0.000413 0.012871 0.045513 38 50 46
0.002425 0.008892 0.041902 38 51 44
-0.001489 0.013793 0.045735 38 51 44
0.003109 0.008456 0.041312 38 51 44
-0.000484 0.012440 0.044428 38 51 44
0.002417 0.009679 0.041756 38 51 42
-0.001159 0.013614 0.044946 36 52 42
0.003492 0.008925 0.040884 38 51 42
0.000616 0.010970 0.042492 38 51 42
-0.003058 0.015454 0.045804 36 52 42
0.002320 0.010654 0.041850 38 51 42
-0.000688 0.013086 0.043824 36 52 42
-0.003800 0.016133 0.045973 34 51 41
0.002582 0.010666 0.041534 38 51 42
-0.000430 0.013094 0.043508 36 52 42
-0.003547 0.016137 0.045658 34 51 41
0.003140 0.011245 0.041730 38 51 41
0.000274 0.013369 0.043254 36 52 41
-0.002620 0.015580 0.045102 35 53 41
0.001919 0.012480 0.042195 38 51 41
-0.000943 0.014517 0.043927 36 52 41
-0.003674 0.016453 0.045349 34 52 40
0.000810 0.014053 0.043086 36 52 41
-0.001992 0.015981 0.044741 35 53 41
-0.004365 0.016994 0.045418 35 53 41
0.000810 0.014063 0.042771 36 52 41
-0.001993 0.015991 0.044429 35 53 41
-0.004368 0.017006 0.045108 35 53 41
0.000828 0.014711 0.042953 36 52 41
-0.001938 0.016481 0.044603 35 53 41
-0.004226 0.017264 0.045086 33 53 41
0.001473 0.014384 0.042378 36 52 41
-0.001282 0.016099 0.043979 35 52 42
-0.003675 0.017128 0.044687 33 53 42
-0.000205 0.016018 0.043500 36 52 41
-0.002764 0.017306 0.044712 35 53 41
-0.004925 0.017764 0.044933 35 53 41
-0.001308 0.016841 0.043983 35 53 41
-0.003611 0.017595 0.044536 33 53 41
0.000343 0.016655 0.043302 36 52 39
-0.002134 0.017704 0.044336 36 52 39
-0.004298 0.018072 0.044643 35 53 41
-0.000532 0.016922 0.043238 36 52 39
-0.002958 0.017860 0.044178 35 53 39
-0.005068 0.018124 0.044352 36 52 41
0.001038 0.016858 0.042861 36 52 41
-0.001356 0.017780 0.043569 35 51 40
-0.003624 0.018340 0.044169 37 53 40
-0.005667 0.018383 0.044261 40 53 43
0.000102 0.017343 0.042845 35 51 41
-0.002275 0.018156 0.043642 35 51 40
-0.004413 0.018413 0.043941 38 54 43
0.001181 0.017718 0.043166 36 51 44
-0.000912 0.018030 0.043021 34 50 40
-0.003191 0.018614 0.043631 38 51 41
-0.005247 0.018659 0.043771 43 56 46
0.002087 0.017974 0.043208 38 53 50
0.000166 0.017831 0.042668 34 49 42
-0.002084 0.018409 0.043078 34 50 40
-0.004244 0.018712 0.043432 42 55 45
0.000776 0.018718 0.043470 36 51 48
-0.001159 0.018647 0.042983 35 47 43
-0.003315 0.018977 0.043259 40 51 43
-0.005314 0.018898 0.043244 48 58 49
0.001563 0.018673 0.043147 37 51 52
-0.000430 0.018714 0.042793 36 48 46
-0.002536 0.018937 0.042898 38 49 45
-0.004569 0.018939 0.042939 42 54 44
0.002181 0.019149 0.043059 37 51 54
0.000031 0.019389 0.043281 39 51 51
-0.001994 0.019434 0.043161 38 49 45
-0.004035 0.019495 0.043178 40 50 42
0.000586 0.019279 0.042893 39 50 52
-0.001469 0.019390 0.042823 39 49 48
-0.003547 0.019543 0.042907 38 49 45
-0.005443 0.019257 0.042589 42 49 42
0.003091 0.019594 0.042541 41 51 53
0.001116 0.019318 0.042460 39 50 52
-0.001114 0.019784 0.042866 40 50 49
-0.003307 0.020165 0.043282 39 48 47
-0.005284 0.020047 0.043210 39 46 39
0.001372 0.019335 0.042151 38 49 51
-0.000860 0.019797 0.042554 41 51 52
-0.003054 0.020175 0.042968 39 47 49
-0.005033 0.020052 0.042893 37 43 39
0.003349 0.019660 0.041882 41 51 53
0.001396 0.019339 0.041725 39 49 51
-0.000906 0.019980 0.042283 42 52 54
-0.003218 0.020620 0.043011 42 47 50
-0.005305 0.020716 0.043277 38 42 41
0.003096 0.019666 0.041563 37 47 49
0.001141 0.019349 0.041408 40 50 51
-0.001162 0.019994 0.041972 43 53 55
-0.003474 0.020638 0.042704 43 48 51
-0.005562 0.020738 0.042973 39 43 44
0.002427 0.019355 0.041118 37 48 50
0.000259 0.019675 0.041300 42 51 56
-0.002188 0.020718 0.042206 45 53 56
-0.004386 0.021046 0.042756 44 48 51
-0.006404 0.020920 0.042929 39 43 42
0.001369 0.019455 0.040843 40 50 52
-0.000971 0.020243 0.041413 46 53 59
-0.003332 0.021004 0.042257 47 52 55
-0.005465 0.021180 0.042676 43 47 50
0.001954 0.019851 0.041045 38 48 49
-0.000157 0.020103 0.041026 45 52 58
-0.002550 0.021089 0.041743 49 54 60
-0.004697 0.021302 0.042171 46 49 54
-0.006710 0.021164 0.042334 43 44 46
0.002210 0.019870 0.040735 35 45 46
0.000099 0.020118 0.040713 41 48 54
-0.002296 0.021099 0.041428 47 52 58
-0.004446 0.021309 0.041853 47 50 57
-0.006460 0.021169 0.042014 45 46 51
0.001633 0.020631 0.041167 33 41 43
-0.000444 0.020836 0.041057 39 44 48
-0.002676 0.021481 0.041351 45 48 55
-0.004720 0.021462 0.041502 48 48 56
-0.006695 0.021253 0.041538 47 48 53
0.000883 0.020638 0.040757 31 39 42
-0.001317 0.021238 0.040852 40 45 51
-0.003485 0.021590 0.041186 45 48 55
-0.005483 0.021434 0.041258 49 49 57
0.001125 0.021271 0.041105 30 35 38
-0.001022 0.021697 0.041125 34 37 42
-0.003100 0.021923 0.041133 44 44 52
-0.004984 0.021526 0.040875 50 48 59
-0.000723 0.021535 0.040783 30 34 37
-0.002847 0.021930 0.040818 41 41 49
-0.004763 0.021628 0.040611 51 50 58
0.000961 0.021685 0.040868 29 35 33
-0.001207 0.022109 0.041007 33 34 36
-0.003264 0.022268 0.040976 40 39 45
-0.005049 0.021662 0.040437 48 45 54
0.000194 0.021705 0.040541 30 34 33
-0.002003 0.022241 0.040726 30 31 33
-0.003976 0.022163 0.040554 39 36 43
-0.005758 0.021542 0.040010 46 43 52
0.000886 0.021886 0.040425 34 39 35
-0.001320 0.022342 0.040723 30 30 30
-0.003418 0.022560 0.040838 33 31 36
-0.005188 0.021919 0.040247 43 38 45
0.000886 0.021901 0.040112 36 41 35
-0.001321 0.022358 0.040410 28 28 26
-0.003421 0.022575 0.040525 28 26 31
-0.005191 0.021934 0.039933 38 33 40
0.000600 0.021984 0.039874 39 44 37
-0.001651 0.022531 0.040301 26 27 22
-0.003804 0.022873 0.040569 27 22 26
-0.005625 0.022358 0.040110 36 29 36
-0.000224 0.022135 0.039680 47 50 43
-0.002531 0.022861 0.040230 32 31 29
-0.004452 0.022580 0.040008 33 28 32
-0.006270 0.022090 0.039504 37 30 37
0.000273 0.022189 0.039397 71 73 62
-0.002046 0.022933 0.039965 46 45 40
-0.004099 0.023001 0.040030 38 32 32
-0.005988 0.022684 0.039713 38 29 34
0.000018 0.022201 0.039080 81 83 70
-0.002302 0.022949 0.039653 55 52 47
-0.004356 0.023022 0.039721 42 37 34
-0.006246 0.022708 0.039407 35 26 27
-0.000960 0.022770 0.039204 83 84 70
-0.003210 0.023364 0.039646 58 53 47
-0.005097 0.022992 0.039358 42 32 33
-0.007034 0.022858 0.039122 32 23 24
-0.000372 0.022579 0.038732 107 108 90
-0.002691 0.023341 0.039303 72 68 57
-0.004599 0.023011 0.039062 50 42 39
-0.006551 0.022887 0.038867 32 22 21
-0.000434 0.022735 0.038569 124 123 103
-0.002736 0.023448 0.039111 91 85 73
-0.004585 0.022950 0.038737 65 56 51
-0.006563 0.022898 0.038594 45 34 32
-0.001270 0.022930 0.038397 125 124 103
-0.003491 0.023443 0.038781 97 91 77
-0.005353 0.022998 0.038429 72 61 55
-0.007306 0.022899 0.038223 50 40 38
-0.000707 0.022779 0.038006 151 149 126
-0.003026 0.023539 0.038583 121 115 99
-0.004817 0.022877 0.038081 92 82 73
-0.006806 0.022852 0.037956 67 56 50
-0.001030 0.022969 0.037832 161 159 134
-0.003247 0.023459 0.038197 135 128 110
-0.005080 0.022925 0.037768 105 92 83
-0.007041 0.022830 0.037574 75 65 56
-0.000176 0.022729 0.037371 186 185 155
-0.002519 0.023551 0.037965 162 157 135
-0.004347 0.022976 0.037539 132 123 108
-0.006328 0.022903 0.037396 99 85 74
0.000080 0.022748 0.037057 189 188 158
-0.002266 0.023565 0.037648 175 171 146
-0.004094 0.022987 0.037218 151 143 124
-0.006076 0.022910 0.037071 117 103 90
-0.000561 0.023054 0.037057 188 187 156
-0.002839 0.023747 0.037470 180 174 150
-0.004584 0.022947 0.036854 158 150 131
-0.006560 0.022861 0.036688 125 113 97
-0.002339 0.023779 0.037173 191 187 158
-0.004117 0.023064 0.036627 179 171 148
-0.006091 0.022957 0.036454 148 137 119
-0.002708 0.024043 0.037165 200 196 167
-0.004419 0.023187 0.036426 189 183 157
-0.006367 0.023027 0.036183 157 149 128
-0.001395 0.023896 0.036836 197 197 161
-0.003323 0.023667 0.036501 212 207 178
-0.005139 0.023108 0.035977 195 188 162
-0.007087 0.022952 0.035740 161 154 135
-0.003281 0.024128 0.036792 201 198 167
-0.004930 0.023172 0.035822 192 187 158
-0.006863 0.023008 0.035503 166 160 136
-0.001928 0.024517 0.036968 189 191 151
-0.003676 0.023853 0.036188 192 192 158
-0.005428 0.023180 0.035442 179 176 145
-0.007361 0.023012 0.035139 161 157 132
-0.003013 0.024585 0.036933 181 188 146
-0.004582 0.023479 0.035699 177 179 142
-0.006421 0.023117 0.035074 164 168 135
-0.003015 0.024601 0.036617 172 181 136
-0.004585 0.023495 0.035380 165 171 133
-0.006425 0.023133 0.034754 163 169 133
-0.003700 0.024335 0.036197 160 171 128
-0.005328 0.023403 0.035054 158 166 125
-0.007184 0.023120 0.034437 161 169 130
-0.003541 0.024563 0.036135 163 172 127
-0.005135 0.023525 0.034927 155 166 124
-0.006977 0.023214 0.034257 157 168 128
-0.004040 0.024515 0.035820 162 174 128
-0.005732 0.023717 0.034868 154 167 123
-0.007553 0.023348 0.034155 152 165 122
-0.005030 0.023848 0.034734 157 170 126
-0.006851 0.023468 0.034008 152 165 122
-0.008663 0.023042 0.033322 179 190 148
-0.003590 0.024673 0.035339 165 179 130
-0.005406 0.024153 0.034728 155 171 126
-0.007256 0.023807 0.034127 147 162 119
-0.009050 0.023346 0.033396 182 193 151
-0.004520 0.024482 0.034755 164 177 131
-0.006337 0.023988 0.034120 150 166 121
-0.008145 0.023544 0.033416 160 173 130
-0.004540 0.024570 0.034445 172 185 139
-0.006408 0.024177 0.033974 157 172 129
-0.008261 0.023812 0.033426 161 174 131
-0.003824 0.024695 0.034255 182 196 147
-0.005677 0.024245 0.033748 172 185 141
-0.007559 0.023946 0.033264 155 168 125
-0.003789 0.024610 0.033853 191 205 156
-0.005663 0.024219 0.033380 180 193 149
-0.007584 0.024002 0.033006 161 174 131
-0.009493 0.023838 0.032577 179 190 147
-0.004745 0.024483 0.033316 196 208 162
-0.006636 0.024148 0.032886 176 189 145
-0.008523 0.023848 0.032435 168 181 135
-0.004725 0.024358 0.033032 203 217 168
-0.006584 0.023957 0.032486 184 197 151
-0.008513 0.023785 0.032111 169 182 136
-0.003764 0.024473 0.032935 213 227 178
-0.005628 0.024077 0.032379 204 217 171
-0.007563 0.023916 0.031989 181 194 150
-0.009505 0.023817 0.031639 175 188 142
-0.005425 0.024105 0.032311 212 228 179
-0.007305 0.023817 0.031738 192 208 161
-0.009239 0.023683 0.031356 178 191 147
-0.004243 0.024324 0.032294 227 241 192
-0.006080 0.023867 0.031635 211 227 178
-0.008025 0.023776 0.031217 194 207 161
-0.006082 0.023857 0.031333 220 236 187
-0.008036 0.023802 0.030915 203 215 167
-0.009963 0.023649 0.030524 189 201 155
-0.005175 0.024122 0.031359 235 252 200
-0.007065 0.023857 0.030783 222 236 187
-0.008988 0.023677 0.030355 191 205 156
-0.004961 0.024244 0.031126 235 252 200
-0.006883 0.024020 0.030673 225 241 192
-0.008829 0.023926 0.030275 202 219 167
-0.005663 0.024108 0.030579 232 249 197
-0.007633 0.024081 0.030191 225 239 188
-0.009509 0.023762 0.029665 209 223 174
-0.005533 0.024515 0.030483 232 250 198
-0.007503 0.024403 0.030192 227 244 192
-0.009400 0.024140 0.029727 216 233 181
-0.006249 0.024401 0.029994 230 248 196
-0.008218 0.024329 0.029672 231 245 194
-0.006084 0.024724 0.029807 231 250 195
-0.008106 0.024703 0.029718 233 250 196
-0.009967 0.024301 0.029204 227 244 190
-0.004793 0.024738 0.029421 227 246 191
-0.006862 0.024772 0.029480 230 249 194
-0.008786 0.024479 0.029155 234 251 197
-0.006870 0.024814 0.029146 228 249 192
-0.008783 0.024383 0.028892 233 252 196
-0.010650 0.024042 0.028340 221 235 182
-0.005796 0.024695 0.028677 223 244 187
-0.007850 0.024671 0.028731 230 249 193
-0.009738 0.024238 0.028356 230 247 193
-0.005672 0.024341 0.028063 220 241 184
-0.007779 0.024433 0.028256 229 249 190
-0.009708 0.024051 0.028028 231 248 193
-0.006805 0.024624 0.027993 224 246 184
-0.008746 0.024220 0.027830 233 253 194
-0.010592 0.023695 0.027295 222 239 184
-0.007020 0.024523 0.027545 226 248 186
-0.009014 0.024265 0.027512 234 254 193
-0.010850 0.023676 0.026980 221 238 183
-0.006209 0.024424 0.027100 225 247 185
-0.008251 0.024298 0.027158 230 250 191
-0.010202 0.024015 0.026937 224 241 186
-0.011538 0.021805 0.025175 224 241 186
-0.007022 0.024601 0.026803 228 250 186
-0.009080 0.024498 0.026948 230 252 190
-0.010921 0.023894 0.026456 222 239 184
-0.006767 0.024610 0.026465 228 250 186
-0.008826 0.024504 0.026607 228 250 188
-0.010668 0.023896 0.026111 222 239 184
-0.011888 0.021254 0.024069 226 243 188
-0.007827 0.024723 0.026191 229 249 188
-0.009899 0.024634 0.026407 225 245 186
-0.011356 0.022763 0.025003 223 241 183
-0.007832 0.024740 0.025859 229 249 188
-0.009905 0.024652 0.026076 225 245 186
-0.011363 0.022779 0.024669 224 242 184
-0.006726 0.024693 0.025153 230 252 188
-0.008881 0.024772 0.025609 227 247 186
-0.010713 0.023935 0.025253 225 245 184
-0.012048 0.021578 0.023545 223 243 182
-0.006991 0.024719 0.024828 230 252 188
-0.009147 0.024802 0.025287 226 246 185
-0.010980 0.023966 0.024932 225 245 184
-0.008293 0.024680 0.024611 226 246 185
-0.010293 0.024322 0.024678 227 247 186
-0.011750 0.022303 0.023334 223 243 182
-0.008835 0.024711 0.024385 225 245 184
-0.010681 0.023888 0.024063 228 248 187
-0.008214 0.024519 0.023663 223 244 185
-0.010226 0.024190 0.023739 225 245 186
-0.009016 0.024557 0.023440 221 242 183
-0.010882 0.023791 0.023146 223 243 184
-0.000459 0.018944 0.016894 207 225 173
-0.008946 0.024374 0.022891 221 240 184
-0.010821 0.023648 0.022591 220 239 183
0.000352 0.018940 0.016543 200 218 166
-0.008154 0.024372 0.022445 222 241 186
-0.010178 0.024082 0.022523 219 238 183
0.000163 0.018776 0.015964 194 211 159
-0.008379 0.024259 0.022026 221 239 187
-0.010413 0.024017 0.022113 217 235 183
0.000721 0.018727 0.015586 196 213 161
-0.001731 0.019536 0.016302 191 208 156
-0.007865 0.024341 0.021616 219 237 185
-0.009934 0.024140 0.021828 213 231 179
0.002328 0.018717 0.015363 173 187 134
0.000247 0.018638 0.015003 192 209 157
-0.002602 0.020487 0.016749 195 212 160
-0.008369 0.024222 0.021311 212 230 180
-0.010419 0.024016 0.021426 210 227 175
0.000793 0.018615 0.014658 196 213 161
-0.001674 0.019472 0.015392 188 205 153
-0.007850 0.024297 0.020882 210 228 178
-0.009943 0.024150 0.021155 204 222 170
0.001870 0.018595 0.014387 185 199 150
-0.000255 0.018607 0.014160 187 204 150
-0.003555 0.021607 0.017135 194 211 159
-0.006667 0.024051 0.020015 183 201 151
-0.008915 0.024250 0.020733 202 219 167
-0.010746 0.023386 0.020266 199 216 162
0.001871 0.018608 0.014034 186 200 151
-0.000255 0.018620 0.013807 187 204 150
-0.003558 0.021622 0.016788 192 209 155
-0.006671 0.024068 0.019674 180 198 148
-0.008921 0.024267 0.020393 197 214 162
0.000571 0.018562 0.013450 196 213 161
-0.002254 0.020352 0.015092 190 207 155
-0.008053 0.024070 0.019745 202 220 168
-0.010162 0.024024 0.019989 195 212 160
0.002141 0.018632 0.013354 192 206 155
0.000028 0.018612 0.013064 196 213 161
-0.003249 0.021522 0.015973 197 214 162
-0.008624 0.024167 0.019575 199 216 164
0.000284 0.018610 0.012805 204 221 169
-0.002490 0.020274 0.014320 198 215 163
-0.005829 0.023205 0.017788 188 206 154
-0.008236 0.023834 0.018853 201 220 165
0.001361 0.018570 0.012557 211 228 176
-0.000901 0.018966 0.012630 202 219 167
-0.004216 0.021848 0.015845 207 224 172
-0.007074 0.023619 0.018076 200 219 164
-0.009387 0.024091 0.018856 191 208 154
0.001088 0.018530 0.012274 218 235 183
-0.001316 0.019269 0.012726 205 222 170
-0.004686 0.022166 0.016252 206 225 170
-0.007318 0.023408 0.017827 208 227 172
-0.009606 0.023954 0.018411 195 208 155
0.001631 0.018511 0.011966 215 232 180
-0.000630 0.018902 0.011998 209 226 174
-0.003933 0.021680 0.015221 214 231 179
-0.006716 0.023229 0.017234 203 222 167
-0.009057 0.023865 0.017972 197 211 158
0.000575 0.018374 0.011599 217 234 182
-0.002204 0.019978 0.013132 211 228 174
-0.005450 0.022593 0.016376 206 225 170
-0.007868 0.023361 0.017302 217 234 179
0.000575 0.018387 0.011242 220 237 185
-0.002206 0.019992 0.012777 214 231 177
-0.005454 0.022609 0.016028 210 229 174
-0.007873 0.023378 0.016956 221 238 183
0.001462 0.018265 0.010678 225 242 188
-0.000886 0.018696 0.011095 219 236 182
-0.004230 0.021544 0.014474 223 240 186
-0.006949 0.022981 0.016252 219 238 182
-0.009255 0.023602 0.016795 215 225 172
0.000630 0.018303 0.010353 226 243 189
-0.002193 0.019928 0.012079 220 237 183
-0.005456 0.022594 0.015353 217 236 180
-0.007858 0.023298 0.016234 228 245 190
0.000965 0.018294 0.009693 227 244 190
-0.001543 0.019065 0.010621 220 237 182
-0.004938 0.021984 0.014264 220 239 183
-0.007440 0.022850 0.015474 228 246 188
0.001782 0.018316 0.009352 221 238 184
-0.000570 0.018706 0.009810 218 235 180
-0.003941 0.021555 0.013290 222 239 184
-0.006585 0.022695 0.014927 219 236 181
0.001260 0.018292 0.008900 223 240 186
-0.001228 0.018975 0.009782 217 234 179
-0.004562 0.021670 0.013289 219 238 182
-0.006963 0.022214 0.014227 222 240 182
0.001510 0.018343 0.008625 220 237 183
-0.000798 0.018633 0.008957 216 233 178
-0.004130 0.021338 0.012391 218 235 180
-0.006648 0.022095 0.013715 218 236 178
0.000437 0.018151 0.008368 217 234 179
-0.002338 0.019518 0.010088 214 232 174
-0.005274 0.021263 0.012516 212 232 173
0.000152 0.018165 0.008062 217 234 179
-0.003012 0.020497 0.010876 215 233 175
-0.005580 0.021331 0.012300 210 230 171
0.000314 0.018333 0.008136 219 236 181
-0.002412 0.019522 0.009781 215 233 175
-0.005108 0.020732 0.011441 212 232 171
-0.007425 0.021315 0.011839 225 240 183
-0.000931 0.018632 0.008266 216 234 176
-0.003992 0.020691 0.010899 215 233 175
-0.006210 0.020816 0.011160 215 233 173
-0.001065 0.018931 0.008314 217 234 179
-0.003990 0.020682 0.010544 215 233 175
-0.006179 0.020841 0.010602 214 232 174
-0.000388 0.018666 0.007553 220 237 182
-0.003323 0.020409 0.009781 215 232 177
-0.005641 0.020805 0.010259 212 232 171
-0.001645 0.019744 0.008391 218 235 180
-0.004343 0.021006 0.009945 213 233 174
-0.006576 0.021401 0.010029 214 234 175
-0.001646 0.019758 0.008030 218 235 180
-0.004346 0.021021 0.009587 214 234 175
-0.006580 0.021417 0.009672 216 236 177
-0.000783 0.019835 0.007348 219 239 180
-0.003354 0.020677 0.008595 217 235 175
-0.005720 0.021225 0.009178 218 238 175
0.000497 0.020094 0.007189 222 239 184
-0.001819 0.020313 0.007658 220 238 180
-0.004325 0.021067 0.008704 216 236 175
-0.006577 0.021475 0.008867 219 239 178
0.000042 0.020571 0.007288 223 241 183
-0.002247 0.020780 0.007650 219 237 177
-0.004521 0.020967 0.008047 219 239 176
-0.006752 0.021299 0.008171 220 240 177
-0.001311 0.020534 0.006912 217 235 175
-0.003662 0.020849 0.007544 216 234 172
-0.005921 0.021172 0.007774 220 241 176
-0.000133 0.021080 0.006971 212 230 172
-0.002327 0.021039 0.007100 213 231 171
-0.004424 0.020798 0.006965 216 234 172
-0.006636 0.021085 0.007018 217 237 174
-0.000361 0.020978 0.006493 208 226 168
-0.002527 0.020826 0.006581 211 229 169
-0.004738 0.020935 0.006702 216 236 173
-0.006944 0.021269 0.006699 216 236 173
-0.000025 0.021605 0.006586 202 217 162
-0.002086 0.021162 0.006424 207 222 165
-0.004057 0.020602 0.005918 211 229 171
-0.006243 0.020823 0.005857 216 236 175
-0.000949 0.021125 0.005855 199 216 161
-0.002974 0.020598 0.005575 207 222 165
-0.005203 0.020820 0.005683 218 238 179
-0.007311 0.020907 0.005392 215 233 173
0.000528 0.021708 0.005747 200 214 163
-0.001637 0.021470 0.005903 201 215 162
-0.003534 0.020663 0.005235 208 223 168
-0.005718 0.020810 0.005194 215 234 178
-0.001100 0.021542 0.005517 199 211 161
-0.003028 0.020763 0.004973 206 220 169
-0.005219 0.020885 0.004969 215 232 178
-0.007173 0.020530 0.004240 215 230 175
-0.000282 0.022347 0.005760 203 212 169
-0.002360 0.021868 0.005735 201 212 169
-0.004191 0.020904 0.004874 211 224 180
-0.006057 0.020139 0.003991 213 227 178
-0.007931 0.019426 0.003104 221 231 179
-0.000780 0.022150 0.005370 201 209 168
-0.002697 0.021303 0.004850 202 213 173
-0.004749 0.020958 0.004538 213 226 183
-0.006459 0.019792 0.003189 212 224 178
-0.008229 0.018644 0.002088 222 232 179
-0.000618 0.022401 0.005349 202 210 171
-0.002741 0.022105 0.005360 200 210 173
-0.004432 0.020743 0.004136 211 223 183
-0.006045 0.019169 0.002608 209 222 178
-0.007853 0.018212 0.001498 219 229 177
-0.001942 0.022170 0.005030 195 206 166
-0.003613 0.020742 0.003758 204 216 176
-0.005453 0.019790 0.002858 207 220 177
-0.007093 0.018358 0.001282 214 223 176
-0.002594 0.022376 0.005038 194 206 168
-0.004168 0.020735 0.003453 199 214 175
-0.005515 0.018345 0.001230 197 210 167
-0.007276 0.017204 -0.000045 210 220 170
-0.002595 0.022392 0.004674 192 204 166
-0.004171 0.020750 0.003085 194 209 170
-0.005519 0.018358 0.000857 192 205 162
-0.007281 0.017217 -0.000421 205 215 165
-0.003790 0.021114 0.003245 189 206 164
-0.005207 0.018933 0.001212 187 202 159
-0.006679 0.016947 -0.000863 199 208 161
-0.002965 0.022579 0.004289 185 200 157
-0.004586 0.021085 0.002781 184 201 157
-0.005697 0.017973 -0.000067 179 192 148
-0.007394 0.016654 -0.001590 198 206 159
-0.003084 0.022124 0.003576 187 204 159
-0.004910 0.021157 0.002622 185 204 158
-0.005715 0.017074 -0.001004 183 196 150
-0.007305 0.015425 -0.002886 199 207 158
-0.003038 0.022752 0.003789 191 209 159
-0.004725 0.021397 0.002491 188 208 157
-0.005666 0.017702 -0.000741 182 198 149
-0.007341 0.016340 -0.002392 198 206 159
-0.003782 0.021774 0.002551 190 213 159
-0.005291 0.019751 0.000865 187 207 154
-0.006351 0.016389 -0.002194 192 204 156
-0.007997 0.014898 -0.003987 197 206 159
-0.002580 0.022996 0.003289 201 219 167
-0.004226 0.021477 0.001924 192 215 159
-0.005344 0.018244 -0.000761 188 206 154
-0.006871 0.016347 -0.002740 194 206 158
-0.008537 0.014970 -0.004523 192 204 156
-0.004163 0.021304 0.001387 195 219 161
-0.005206 0.017811 -0.001485 190 211 155
-0.006722 0.015838 -0.003484 193 207 156
-0.008494 0.014740 -0.004976 192 204 156
-0.003461 0.021669 0.001295 199 223 165
-0.004867 0.019297 -0.000642 193 216 160
-0.005951 0.015974 -0.003657 192 209 157
-0.007670 0.014647 -0.005253 201 210 163
-0.006245 0.015273 -0.004860 197 211 158
-0.008079 0.014337 -0.006202 198 210 164
-0.006249 0.015285 -0.005245 199 213 160
-0.008085 0.014348 -0.006590 201 213 167
-0.005669 0.015226 -0.005705 198 215 163
-0.007336 0.013734 -0.007515 210 219 174
-0.006435 0.014267 -0.007182 210 219 174
-0.008424 0.013869 -0.008195 201 213 167
-0.005266 0.015645 -0.006026 203 220 166
-0.006623 0.013201 -0.008701 217 224 180
-0.005270 0.015657 -0.006412 208 225 171
-0.006627 0.013211 -0.009094 220 227 183
-0.006125 0.013278 -0.009216 219 226 182
-0.008153 0.013120 -0.010305 210 219 176
-0.005202 0.015405 -0.007339 218 232 179
-0.006502 0.012765 -0.010208 225 232 188
-0.005430 0.015256 -0.007894 224 234 182
-0.006702 0.012464 -0.010811 232 237 196
-0.005151 0.015265 -0.008287 229 239 187
-0.006422 0.012467 -0.011215 235 237 197
-0.005928 0.013500 -0.010582 234 237 192
-0.007786 0.012608 -0.012036 226 231 191
-0.005053 0.015030 -0.009413 241 247 199
-0.006294 0.012093 -0.012422 245 246 206
-0.005240 0.014772 -0.010107 246 247 203
-0.006435 0.011683 -0.013276 249 249 211
-0.004960 0.014781 -0.010504 255 254 210
-0.006152 0.011686 -0.013683 255 253 215
-0.005736 0.012946 -0.012788 245 240 202
-0.007617 0.012157 -0.014278 237 235 197
-0.004941 0.014724 -0.011364 244 234 198
-0.006073 0.011448 -0.014751 243 237 201
-0.005201 0.014649 -0.011830 237 224 189
-0.006298 0.011252 -0.015341 238 232 196
-0.004920 0.014657 -0.012230 233 217 183
-0.006014 0.011255 -0.015752 232 224 188
-0.005641 0.012634 -0.014692 227 214 180
-0.007557 0.011963 -0.016150 218 212 176
-0.005143 0.014469 -0.013209 212 193 160
-0.006231 0.011016 -0.016776 211 200 168
-0.004985 0.013182 -0.014898 197 178 146
-0.006491 0.011063 -0.017400 194 183 151
-0.005033 0.014133 -0.014328 182 159 128
-0.006161 0.010778 -0.017810 181 168 136
-0.004363 0.014663 -0.014192 165 135 109
-0.005424 0.011115 -0.017818 172 151 122
-0.007921 0.012466 -0.017817 165 152 120
-0.004866 0.013641 -0.015625 155 123 98
-0.006078 0.010516 -0.018899 154 133 104
-0.004652 0.012225 -0.017536 162 127 107
-0.006326 0.010576 -0.019619 160 132 110
-0.004655 0.012234 -0.017944 169 126 110
-0.004149 0.013286 -0.017339 177 120 111
-0.004461 0.011723 -0.019407 185 124 119
0.008427 0.016173 0.047255 41 43 42
0.009534 0.015970 0.046527 43 45 42
0.007296 0.017016 0.047396 41 43 42
0.009540 0.015981 0.046219 44 46 43
0.007301 0.017028 0.047089 42 44 43
0.008662 0.016812 0.046325 45 47 44
0.006482 0.017676 0.047008 42 44 43
0.009211 0.016625 0.045864 45 47 44
0.007025 0.017509 0.046545 43 45 44
0.011050 0.016258 0.045287 42 43 37
0.008851 0.017286 0.045929 46 47 42
0.006722 0.017877 0.046436 42 44 41
0.009619 0.017269 0.045565 43 44 39
0.007556 0.017578 0.045812 44 46 43
0.014131 0.012094 0.042389 28 28 20
0.011477 0.015212 0.044240 38 37 32
0.009117 0.017078 0.045345 45 46 41
0.007058 0.017386 0.045569 44 44 42
0.014397 0.012073 0.042086 25 25 17
0.011738 0.015188 0.043936 36 35 30
0.009375 0.017050 0.045040 43 44 39
0.007314 0.017356 0.045261 45 45 43
0.005205 0.017912 0.045704 43 45 44
0.012797 0.013443 0.042848 33 33 25
0.010162 0.016600 0.044723 39 38 33
0.008139 0.016797 0.044751 46 47 42
0.005982 0.017715 0.045302 43 43 41
0.014316 0.012300 0.041856 33 33 23
0.011755 0.014875 0.043417 36 36 28
0.009399 0.016727 0.044457 38 39 34
0.007330 0.017162 0.044659 43 43 41
0.005190 0.018021 0.045174 43 45 44
0.013657 0.012955 0.042043 37 37 29
0.011009 0.016011 0.043916 36 36 28
0.008831 0.017017 0.044415 39 40 35
0.006699 0.017853 0.044841 42 42 40
0.013666 0.012964 0.041727 41 41 33
0.011016 0.016022 0.043604 35 35 27
0.008836 0.017028 0.044104 36 37 32
0.006703 0.017865 0.044531 42 42 40
0.013985 0.012736 0.041241 45 45 37
0.011409 0.015303 0.042896 36 36 28
0.009027 0.017273 0.044044 33 32 27
0.006908 0.018005 0.044421 40 41 36
0.012084 0.014519 0.042085 42 42 34
0.009542 0.017219 0.043713 30 30 22
0.007464 0.017708 0.043940 34 35 30
0.005307 0.018746 0.044493 42 42 40
0.013398 0.013168 0.040888 62 59 50
0.010699 0.016395 0.042969 35 35 27
0.008481 0.017492 0.043634 28 27 22
0.006251 0.018797 0.044425 41 41 39
0.012347 0.014527 0.041496 58 55 48
0.009767 0.017334 0.043249 28 27 22
0.007651 0.017933 0.043615 25 26 21
0.005470 0.019076 0.044250 41 41 39
0.014255 0.012840 0.040052 96 94 82
0.011682 0.015321 0.041696 53 50 41
0.009240 0.017459 0.043054 22 21 16
0.006986 0.018757 0.043918 29 30 25
0.004865 0.019604 0.044372 41 43 40
0.013419 0.013216 0.039949 87 85 72
0.010718 0.016417 0.042042 39 36 27
0.008473 0.017587 0.042800 17 18 10
0.006156 0.019295 0.043910 41 42 37
0.004136 0.019637 0.044009 39 41 38
0.012781 0.013850 0.040050 99 100 86
0.010048 0.017302 0.042287 58 58 46
0.007929 0.017797 0.042664 34 35 27
0.005535 0.019951 0.044071 39 40 35
0.014277 0.012890 0.039112 141 144 123
0.011712 0.015316 0.040728 113 114 96
0.009248 0.017524 0.042154 67 69 55
0.006928 0.019121 0.043252 48 50 39
0.004798 0.019955 0.043750 35 36 31
0.013442 0.013242 0.039005 154 160 134
0.010746 0.016403 0.041078 123 128 108
0.008477 0.017654 0.041914 81 83 69
0.006019 0.020048 0.043533 43 45 34
0.004042 0.020008 0.043508 27 26 22
0.012147 0.014562 0.039561 175 181 155
0.009533 0.017482 0.041448 121 126 104
0.007309 0.018518 0.042200 75 77 63
0.004973 0.020381 0.043433 33 35 24
0.013447 0.013281 0.038419 200 210 176
0.010762 0.016391 0.040449 179 188 161
0.008490 0.017658 0.041285 124 127 106
0.005996 0.020231 0.043032 44 46 33
0.004022 0.020095 0.042999 19 16 11
0.011743 0.015315 0.039468 195 204 173
0.009283 0.017496 0.040869 147 151 128
0.006881 0.019489 0.042246 93 96 79
0.004736 0.020279 0.042814 52 49 40
0.012797 0.013960 0.038279 196 206 171
0.010105 0.017222 0.040356 173 179 151
0.007952 0.017877 0.040821 138 141 120
0.005454 0.020512 0.042610 81 81 69
0.003469 0.020427 0.042623 49 49 41
0.013433 0.013429 0.037608 186 196 159
0.010773 0.016438 0.039543 185 192 161
0.008505 0.017690 0.040350 155 159 136
0.005988 0.020367 0.042173 109 111 97
0.004020 0.020136 0.042116 77 77 69
0.011416 0.015754 0.038837 189 196 163
0.009024 0.017661 0.040005 168 172 149
0.006614 0.019717 0.041416 138 141 124
0.004512 0.020183 0.041835 106 108 97
0.011679 0.015732 0.038528 189 196 163
0.009284 0.017635 0.039694 177 181 156
0.006870 0.019688 0.041105 161 164 147
0.004766 0.020151 0.041521 133 135 124
0.011554 0.016341 0.038652 185 192 159
0.009246 0.017849 0.039532 176 180 155
0.006871 0.019712 0.040807 164 167 148
0.004782 0.020072 0.041166 142 144 131
0.011306 0.016386 0.038324 181 188 155
0.008998 0.017899 0.039210 176 180 155
0.006623 0.019768 0.040492 168 171 152
0.004534 0.020131 0.040853 150 152 139
0.012643 0.015960 0.037909 170 180 143
0.010293 0.017620 0.038870 179 184 154
0.008234 0.017806 0.038972 173 176 155
0.005820 0.019935 0.040418 170 173 156
0.003668 0.020792 0.041015 153 153 143
0.011500 0.016644 0.037981 173 180 146
0.009280 0.017691 0.038556 173 177 150
0.006934 0.019402 0.039706 176 179 158
0.004806 0.019997 0.040179 174 176 162
0.012408 0.015783 0.037320 167 175 138
0.010162 0.016835 0.037947 172 177 147
0.008096 0.017021 0.038043 173 177 154
0.005636 0.019507 0.039597 186 189 170
0.003400 0.020966 0.040486 178 178 166
0.012673 0.015763 0.037011 165 173 136
0.010425 0.016812 0.037636 169 174 144
0.008357 0.016995 0.037729 168 172 149
0.005893 0.019477 0.039282 179 182 163
0.003653 0.020933 0.040169 180 180 168
0.010223 0.016415 0.037221 166 171 139
0.008080 0.016951 0.037564 162 166 141
0.005596 0.019645 0.039175 175 178 159
0.003351 0.021240 0.040076 179 181 167
0.011590 0.015973 0.036659 164 172 135
0.009486 0.016280 0.036827 162 167 137
0.007003 0.018717 0.038371 161 165 142
0.004705 0.020541 0.039380 174 177 160
0.012092 0.016166 0.036366 165 171 133
0.009911 0.016789 0.036811 159 164 132
0.007563 0.018333 0.037910 152 156 131
0.005176 0.020532 0.039223 166 169 150
0.002999 0.021744 0.039896 184 187 170
0.012409 0.015972 0.035855 167 175 136
0.010161 0.016897 0.036518 157 163 129
0.007984 0.017527 0.037008 146 150 123
0.005519 0.020029 0.038585 158 162 139
0.003292 0.021503 0.039420 183 186 169
0.012111 0.016316 0.035654 164 171 130
0.009907 0.016853 0.036240 157 163 129
0.007603 0.018000 0.037227 147 151 124
0.005166 0.020358 0.038718 160 163 142
0.002929 0.021859 0.039615 184 187 168
0.013636 0.015395 0.034540 179 186 145
0.011277 0.016630 0.035577 161 167 129
0.009159 0.016766 0.035882 157 163 129
0.006708 0.018767 0.037399 148 152 125
0.004315 0.021029 0.038775 167 171 148
0.002124 0.022348 0.039531 184 187 168
0.014473 0.015311 0.033998 180 187 145
0.012186 0.016277 0.034732 163 170 129
0.009942 0.016769 0.035516 160 166 132
0.007635 0.017812 0.036533 151 156 126
0.005131 0.020393 0.038293 158 162 139
0.002817 0.022243 0.039496 179 182 161
0.014482 0.015322 0.033672 181 188 146
0.012194 0.016289 0.034407 164 171 130
0.009948 0.016781 0.035193 163 169 135
0.007640 0.017824 0.036212 154 159 129
0.005135 0.020407 0.037975 158 162 139
0.002819 0.022258 0.039182 177 180 159
0.014181 0.015616 0.033489 181 188 146
0.011985 0.016378 0.033854 164 171 130
0.009721 0.016995 0.034687 165 171 135
0.007357 0.018305 0.035925 154 159 129
0.004816 0.020830 0.037922 159 163 140
0.002471 0.022766 0.039292 176 180 157
0.013352 0.016020 0.033319 176 183 141
0.011073 0.016884 0.034095 156 162 124
0.008885 0.017152 0.034690 163 169 135
0.003848 0.021986 0.038468 167 171 146
0.001602 0.023565 0.039485 176 179 158
0.013836 0.016115 0.033171 179 185 141
0.011666 0.016791 0.033454 152 159 118
0.009478 0.017182 0.033988 165 171 135
0.007040 0.018825 0.035518 156 161 129
0.004393 0.021770 0.037987 163 167 140
0.002126 0.023298 0.039081 172 178 152
0.013586 0.016157 0.032832 175 181 137
0.011416 0.016838 0.033119 148 155 114
0.009227 0.017232 0.033656 163 169 133
0.004144 0.021830 0.037670 164 169 139
0.001877 0.023362 0.038770 169 175 149
0.012667 0.016858 0.033015 154 159 118
0.010522 0.017420 0.033256 147 154 113
0.008369 0.017689 0.033684 163 169 133
0.003229 0.022622 0.038045 166 173 142
0.001018 0.024051 0.038947 167 173 147
0.013203 0.016743 0.032677 163 169 125
0.011063 0.017332 0.032865 137 144 103
0.008946 0.017445 0.033133 163 169 131
0.003802 0.022260 0.037442 165 170 138
0.001575 0.023656 0.038386 164 170 142
0.013144 0.017023 0.032589 161 167 123
0.011014 0.017577 0.032742 133 140 98
0.008945 0.017560 0.032815 162 169 128
0.003783 0.022317 0.037226 162 169 135
0.001561 0.023685 0.038143 162 169 138
0.014551 0.016513 0.031942 182 185 140
0.012363 0.017191 0.032279 135 141 97
0.010237 0.017718 0.032440 141 148 107
0.008133 0.017832 0.032660 160 167 126
0.002957 0.022782 0.037225 161 168 134
0.000759 0.024160 0.038069 162 171 140
0.012894 0.017183 0.031930 149 155 109
0.010763 0.017712 0.032096 126 133 91
0.008699 0.017682 0.032145 159 164 124
0.003530 0.022422 0.036617 160 167 133
0.001323 0.023723 0.037474 159 169 135
0.012628 0.017277 0.031650 137 143 99
0.010500 0.017792 0.031812 128 135 93
0.008399 0.017892 0.032008 156 163 122
0.003208 0.022788 0.036609 158 165 131
0.001023 0.024087 0.037380 160 169 138
0.013471 0.017044 0.031123 164 167 122
0.011330 0.017571 0.031309 118 124 80
0.009235 0.017822 0.031412 154 159 119
0.007051 0.018292 0.031943 161 167 129
0.001889 0.023378 0.036567 155 165 131
0.013739 0.017025 0.030806 171 174 129
0.011596 0.017548 0.030989 119 125 81
0.009499 0.017796 0.031090 155 160 120
0.007313 0.018263 0.031619 162 168 130
0.002141 0.023345 0.036246 154 164 130
0.013190 0.017192 0.030612 159 162 115
0.011080 0.017647 0.030668 123 129 85
0.009001 0.017697 0.030738 159 164 124
0.006709 0.018648 0.031685 165 173 134
0.003812 0.022432 0.035246 160 168 131
0.001655 0.023467 0.035860 154 164 129
0.013747 0.017052 0.030191 173 176 129
0.011617 0.017531 0.030314 127 130 85
0.009516 0.017839 0.030406 161 166 125
0.007331 0.018280 0.030926 166 173 132
0.002183 0.023240 0.035439 154 164 129
0.013479 0.017085 0.029938 173 175 128
0.011354 0.017544 0.030041 129 132 87
0.009255 0.017909 0.030112 164 169 128
0.007077 0.018392 0.030587 169 176 135
0.001971 0.023186 0.034951 153 163 126
0.012671 0.017320 0.029721 149 151 104
0.010557 0.017813 0.029780 141 144 101
0.008434 0.018049 0.030010 167 172 131
0.003282 0.022743 0.034417 156 167 127
0.012933 0.017228 0.029454 158 160 113
0.010821 0.017683 0.029496 148 151 106
0.008754 0.017820 0.029464 169 175 131
0.006487 0.018809 0.030273 171 180 135
0.003604 0.022521 0.033796 159 170 128
0.012411 0.017343 0.029138 160 162 115
0.010291 0.017875 0.029211 167 170 125
0.008177 0.018180 0.029379 174 180 134
0.003060 0.022779 0.033654 164 175 132
0.013483 0.017098 0.028784 154 153 105
0.011353 0.017533 0.028886 179 181 132
0.009241 0.018027 0.028958 172 176 126
0.007079 0.018645 0.029315 175 181 133
0.013492 0.017111 0.028452 149 147 99
0.011361 0.017545 0.028554 196 195 147
0.009247 0.018040 0.028626 173 175 126
0.007084 0.018658 0.028984 176 183 132
0.012689 0.017261 0.028217 182 180 132
0.010539 0.017915 0.028371 204 206 157
0.008419 0.018378 0.028507 184 188 138
0.012967 0.017221 0.027858 167 165 117
0.010828 0.017750 0.027977 213 212 164
0.008748 0.018045 0.027938 182 184 135
0.006472 0.019134 0.028756 175 182 131
0.012444 0.017299 0.027552 190 188 139
0.010287 0.017989 0.027723 196 196 146
0.008165 0.018498 0.027860 185 189 139
0.011094 0.017758 0.027357 210 210 160
0.009010 0.018094 0.027308 178 180 131
0.006731 0.019200 0.028124 184 191 140
0.012972 0.017279 0.026951 160 156 108
0.010822 0.017855 0.027093 210 210 160
0.008745 0.018205 0.027010 180 182 132
0.006474 0.019325 0.027795 186 193 141
0.011911 0.017509 0.026671 197 195 146
0.009773 0.018175 0.026760 184 184 134
0.007624 0.018838 0.026999 186 190 139
0.011875 0.017640 0.026517 198 196 147
0.009759 0.018225 0.026518 184 184 134
0.007612 0.018931 0.026730 185 189 138
0.010543 0.018102 0.026229 204 204 154
0.008428 0.018636 0.026287 180 184 133
0.006104 0.019869 0.027319 179 188 135
0.010510 0.018187 0.026072 203 203 153
0.008402 0.018724 0.026092 180 184 133
0.006107 0.019937 0.026983 175 184 131
0.011564 0.017937 0.025794 198 196 147
0.009486 0.018353 0.025647 179 181 131
0.007305 0.019240 0.025986 175 182 130
0.011511 0.018082 0.025722 198 196 147
0.009449 0.018444 0.025503 180 182 132
0.007287 0.019294 0.025755 173 180 128
0.010484 0.018299 0.025273 199 199 149
0.008380 0.018829 0.025259 181 185 134
0.010707 0.018319 0.025161 202 202 152
0.008669 0.018611 0.024858 182 184 134
0.006493 0.019555 0.025182 168 175 123
0.009955 0.018450 0.024670 188 188 138
0.007838 0.019114 0.024702 183 187 136
0.009949 0.018485 0.024390 185 185 135
0.007859 0.019073 0.024298 185 189 138
0.010979 0.018339 0.024211 199 199 149
0.008954 0.018593 0.023824 181 183 133
0.006804 0.019441 0.024013 165 172 120
0.011223 0.018349 0.024003 203 201 152
0.009163 0.018685 0.023752 176 178 128
0.007091 0.019260 0.023596 170 177 125
0.010462 0.018480 0.023538 185 185 135
0.008416 0.018838 0.023240 188 192 141
0.006301 0.019637 0.023287 173 182 129
0.010682 0.018531 0.023436 186 186 136
0.008627 0.018836 0.023173 183 185 135
0.006572 0.019448 0.022939 174 181 129
0.009900 0.018734 0.023062 173 173 123
0.007871 0.019069 0.022691 192 196 145
0.010125 0.018762 0.022937 173 173 123
0.008070 0.019093 0.022675 193 197 146
0.006030 0.019819 0.022372 183 192 139
0.009312 0.019039 0.022703 162 164 114
0.007340 0.019303 0.022069 185 192 140
0.009265 0.019162 0.022604 161 163 113
0.007339 0.019304 0.021761 185 192 140
0.010372 0.018834 0.022092 168 168 118
0.008310 0.019173 0.021836 183 187 136
0.006305 0.019763 0.021347 186 195 142
0.010370 0.018843 0.021799 165 165 115
0.008294 0.019217 0.021594 181 185 134
0.006319 0.019622 0.020979 188 197 144
0.009263 0.019225 0.021682 160 162 112
0.007350 0.019290 0.020766 186 193 141
0.009017 0.019214 0.021297 165 167 117
0.007076 0.019289 0.020511 187 194 142
0.009846 0.018997 0.020835 164 164 114
0.007831 0.019223 0.020356 181 185 134
0.005792 0.019835 0.020020 192 201 148
0.009053 0.019134 0.020516 169 171 121
0.007076 0.019227 0.019888 186 193 141
0.005055 0.019811 0.019490 194 207 153
0.009322 0.019111 0.020181 170 172 122
0.007343 0.019198 0.019548 182 189 137
0.005321 0.019777 0.019143 197 207 154
0.008325 0.019115 0.019591 168 170 120
0.006375 0.019103 0.018850 194 203 150
0.008331 0.019129 0.019246 167 169 119
0.006379 0.019117 0.018504 190 199 146
0.009369 0.018966 0.019055 179 181 131
0.007365 0.019007 0.018520 174 181 129
0.005388 0.019245 0.017888 195 205 152
0.009111 0.019016 0.018701 178 180 130
0.007107 0.019062 0.018169 172 179 127
0.005129 0.019306 0.017541 197 207 154
0.009930 0.018834 0.018304 179 177 128
0.007895 0.018870 0.017900 158 162 111
0.005894 0.018947 0.017356 187 196 143
0.009394 0.018941 0.018005 189 191 141
0.007390 0.018930 0.017456 161 168 116
0.005389 0.019109 0.016912 191 201 148
0.007935 0.018743 0.017086 158 165 111
0.005902 0.018801 0.016683 193 202 147
0.003864 0.019184 0.016332 215 228 174
0.009149 0.018949 0.017277 177 182 126
0.007161 0.018851 0.016653 181 189 132
0.005126 0.018982 0.016267 212 223 167
0.009168 0.018906 0.016879 175 183 124
0.007201 0.018711 0.016156 189 199 139
0.005154 0.018788 0.015819 219 230 172
0.003110 0.019094 0.015502 230 243 187
0.009968 0.018880 0.016549 174 181 127
0.007985 0.018636 0.015900 174 182 123
0.005942 0.018650 0.015526 219 229 169
0.003898 0.018945 0.015174 235 249 190
0.009723 0.018912 0.016124 172 181 124
0.007756 0.018556 0.015413 187 197 136
0.005704 0.018603 0.015073 230 240 179
0.003658 0.018874 0.014731 243 254 194
0.010279 0.018859 0.015696 172 181 124
0.008256 0.018568 0.015242 172 182 121
0.006226 0.018549 0.014787 226 236 175
0.004173 0.018827 0.014453 243 254 194
0.009755 0.018906 0.015332 171 181 121
0.007792 0.018460 0.014601 192 202 141
0.005723 0.018584 0.014317 231 241 180
0.003670 0.018838 0.013997 242 253 195
0.010313 0.018870 0.014896 172 181 124
0.008300 0.018445 0.014406 177 187 126
0.006246 0.018531 0.014029 227 237 176
0.004188 0.018794 0.013710 242 253 193
0.009281 0.018699 0.014455 168 179 119
0.007308 0.018431 0.013722 213 223 163
0.005224 0.018625 0.013494 235 246 188
0.003150 0.018924 0.013274 239 250 194
0.009288 0.018713 0.014103 169 180 120
0.007313 0.018444 0.013368 214 224 164
0.005228 0.018639 0.013139 236 247 189
0.003152 0.018938 0.012919 238 249 193
0.010112 0.018744 0.013650 169 178 123
0.008118 0.018300 0.013039 192 201 144
0.006017 0.018556 0.012855 232 242 182
0.003945 0.018781 0.012587 239 250 192
0.009609 0.018548 0.013228 165 174 119
0.007605 0.018362 0.012595 211 220 163
0.005509 0.018590 0.012399 237 247 187
0.003417 0.018899 0.012235 238 249 193
0.009910 0.018676 0.012705 164 173 118
0.007879 0.018324 0.012241 205 214 157
0.005769 0.018603 0.012093 239 248 191
0.003685 0.018845 0.011880 238 249 193
0.008919 0.018215 0.012088 180 189 134
0.006834 0.018460 0.011778 235 244 187
0.004739 0.018729 0.011579 243 252 195
0.002604 0.019225 0.011630 230 243 189
0.008700 0.018176 0.011525 187 196 141
0.006580 0.018507 0.011379 238 247 190
0.004483 0.018793 0.011189 244 253 198
0.002301 0.019452 0.011469 228 241 187
0.009232 0.018138 0.011233 175 184 129
0.007123 0.018415 0.011014 235 244 187
0.005014 0.018730 0.010856 243 252 195
0.002837 0.019277 0.011089 231 244 190
0.010283 0.018625 0.010907 165 174 121
0.008184 0.018331 0.010742 207 216 163
0.006057 0.018633 0.010643 239 248 193
0.003941 0.018879 0.010553 239 250 194
0.010290 0.018638 0.010549 166 175 122
0.008190 0.018345 0.010384 208 217 164
0.006061 0.018647 0.010285 238 247 192
0.003944 0.018892 0.010195 238 249 193
0.011063 0.019014 0.010309 173 181 130
0.009006 0.018280 0.010012 187 195 144
0.006861 0.018542 0.009972 233 242 189
0.004729 0.018972 0.009910 241 250 197
0.002495 0.019653 0.010413 228 241 187
-0.001744 0.019049 0.010422 217 230 176
0.010313 0.018740 0.009775 166 174 123
0.008197 0.018419 0.009680 212 220 169
0.006055 0.018745 0.009630 236 245 192
0.003927 0.019036 0.009582 237 247 194
0.001663 0.019997 0.010247 224 237 183
-0.000387 0.019023 0.009890 220 233 179
-0.002624 0.019343 0.010511 215 228 174
0.010569 0.019069 0.009451 171 179 130
0.008469 0.018459 0.009326 208 216 167
0.006310 0.018772 0.009354 229 237 186
0.004174 0.019185 0.009321 237 246 193
0.001882 0.020166 0.010116 225 238 184
-0.000127 0.019075 0.009557 221 234 180
-0.002435 0.019680 0.010541 217 230 176
0.011353 0.019119 0.009226 176 184 135
0.009287 0.018404 0.008953 186 194 145
0.007128 0.018627 0.008963 218 226 175
0.004977 0.019094 0.008968 232 240 189
0.002735 0.019752 0.009491 228 241 187
0.000658 0.019426 0.009262 223 236 182
-0.001604 0.019493 0.009978 220 233 179
-0.003809 0.019964 0.010475 210 225 170
0.010844 0.019164 0.008758 176 184 135
0.008728 0.018725 0.008669 205 213 164
0.006562 0.018975 0.008735 216 224 173
0.004398 0.019420 0.008833 231 239 188
0.002064 0.020477 0.009815 226 239 185
-0.000098 0.020077 0.010037 223 236 182
-0.002368 0.020820 0.010864 219 232 176
0.011097 0.019275 0.008494 179 187 140
0.009014 0.018720 0.008258 198 206 157
0.006848 0.018931 0.008316 208 216 165
0.004673 0.019415 0.008449 226 234 183
0.002405 0.020139 0.009100 227 240 186
0.000220 0.020113 0.009414 225 238 184
-0.002092 0.020795 0.010437 221 234 178
0.010050 0.019317 0.008025 181 189 142
0.007884 0.019415 0.008100 208 216 167
0.005707 0.019677 0.008252 213 221 170
0.003506 0.020179 0.008568 226 236 184
0.001095 0.021474 0.009980 225 238 184
-0.001224 0.021989 0.011049 224 237 183
0.011889 0.019331 0.007923 179 185 139
0.009798 0.019199 0.007636 182 190 143
0.007629 0.019385 0.007710 203 211 164
0.005427 0.019812 0.007969 213 221 170
0.003188 0.020420 0.008468 225 235 183
0.000829 0.021264 0.009634 223 236 182
-0.001490 0.021972 0.010706 221 234 178
0.010060 0.019506 0.007299 187 193 149
0.007842 0.020012 0.007576 203 211 164
0.005657 0.020318 0.007779 207 215 166
0.003418 0.020968 0.008289 222 232 180
0.011137 0.019350 0.007000 179 186 142
0.008984 0.019549 0.006963 200 207 163
0.006785 0.020006 0.007176 193 201 154
0.004542 0.020699 0.007656 215 225 175
-0.000098 0.021974 0.009607 219 232 178
0.011114 0.019299 0.006801 178 185 143
0.008957 0.019798 0.006732 200 207 165
0.006730 0.020406 0.007071 189 196 152
0.004481 0.021137 0.007593 212 221 174
-0.000183 0.022437 0.009681 217 230 176
0.011573 0.019427 0.006854 178 183 142
0.009523 0.019711 0.006281 197 204 162
0.007265 0.020467 0.006730 188 195 153
0.005036 0.021033 0.007144 205 213 166
0.000344 0.022675 0.009331 215 228 174
0.010851 0.019344 0.006110 182 187 146
0.008594 0.020174 0.006476 199 206 165
0.006398 0.020518 0.006694 190 197 155
0.004146 0.021257 0.007224 210 219 172
0.001633 0.023008 0.009122 213 223 171
-0.000562 0.022853 0.009556 210 223 167
0.010859 0.019358 0.005746 181 186 145
0.008600 0.020189 0.006112 196 203 162
0.006402 0.020533 0.006331 190 197 155
0.004149 0.021273 0.006863 208 217 170
0.001634 0.023024 0.008764 209 219 167
-0.000562 0.022870 0.009198 206 219 163
0.009519 0.019481 0.005341 201 208 167
0.007153 0.020614 0.006242 186 193 152
0.004932 0.021180 0.006601 202 209 165
0.002610 0.022107 0.007519 206 216 166
0.000180 0.023270 0.009084 202 215 161
0.010845 0.019339 0.005169 180 185 145
0.008566 0.020232 0.005609 192 198 160
0.006348 0.020633 0.005906 191 198 156
0.004092 0.021403 0.006438 205 213 166
0.001519 0.023465 0.008626 201 211 159
-0.000625 0.023180 0.008806 198 211 155
0.010575 0.019319 0.004844 187 192 152
0.008259 0.020378 0.005442 184 190 152
0.006009 0.020914 0.005892 193 200 159
0.003748 0.021731 0.006460 201 210 165
0.001116 0.024118 0.008964 194 207 154
-0.000940 0.023510 0.008717 194 207 151
0.009197 0.019718 0.004565 200 206 168
0.006832 0.020776 0.005468 188 195 154
0.004579 0.021563 0.005967 200 207 163
0.002070 0.023341 0.007808 196 206 156
-0.000138 0.023363 0.008289 192 205 151
0.008230 0.020547 0.004894 182 188 150
0.005929 0.021263 0.005571 190 197 156
0.003661 0.022075 0.006178 196 205 160
0.000971 0.024818 0.008982 187 200 147
-0.000996 0.024041 0.008303 191 204 148
0.007871 0.020976 0.004947 181 187 149
0.005619 0.021547 0.005416 192 199 158
0.003342 0.022254 0.006081 193 202 155
0.000714 0.024628 0.008597 186 199 146
0.008468 0.020716 0.004358 184 192 153
0.006108 0.021629 0.005297 186 194 153
0.003834 0.022423 0.005928 191 200 155
0.007242 0.021390 0.004678 181 189 150
0.004947 0.022251 0.005357 189 198 155
0.002575 0.023349 0.006521 182 194 144
0.000166 0.024756 0.008004 182 195 141
0.006598 0.021840 0.004824 195 203 162
0.004285 0.022886 0.005613 199 208 163
0.001740 0.024970 0.007669 188 201 148
-0.000350 0.024872 0.007607 187 200 146
0.007171 0.021755 0.004313 205 213 172
0.004842 0.022789 0.005154 205 217 171
0.002491 0.023815 0.006225 197 211 160
0.000119 0.025100 0.007535 193 208 153
0.008317 0.021458 0.003665 216 227 184
0.005914 0.022603 0.004804 215 229 180
0.003639 0.023507 0.005455 209 226 174
0.007664 0.022017 0.003827 230 242 196
0.005312 0.023076 0.004760 224 241 189
0.003081 0.023627 0.005238 214 233 177
0.007887 0.022089 0.003712 241 253 207
0.005526 0.023184 0.004671 235 252 200
0.003278 0.024086 0.005214 222 241 185
0.006375 0.022889 0.004124 237 254 202
0.004064 0.024135 0.004914 228 247 192
0.001756 0.025099 0.005835 220 238 180
0.007989 0.022625 0.003803 239 251 203
0.005665 0.023636 0.004587 234 251 197
0.003454 0.024418 0.004945 226 245 189
0.001195 0.025408 0.005650 220 238 180
0.007995 0.022642 0.003437 240 249 202
0.005669 0.023653 0.004223 237 251 198
0.003457 0.024436 0.004582 228 247 191
0.006109 0.023882 0.004336 237 249 199
0.003868 0.024879 0.004812 231 248 194
0.001782 0.025038 0.004643 230 245 188
0.007601 0.023136 0.003328 246 252 206
0.005296 0.024109 0.004034 235 248 195
0.003117 0.024750 0.004240 233 248 193
0.007106 0.024162 0.004000 237 240 195
0.004898 0.024808 0.004291 236 246 194
0.002853 0.024685 0.003881 236 246 194
0.007509 0.023540 0.003068 231 228 185
0.005212 0.024509 0.003734 237 244 193
0.003061 0.025005 0.003810 237 245 194
0.006162 0.024915 0.003949 237 234 191
0.004038 0.025260 0.003883 236 242 194
0.002052 0.024909 0.003192 239 247 196
0.005667 0.024798 0.003422 241 236 194
0.003515 0.025329 0.003486 240 242 195
0.005609 0.024902 0.003366 244 235 196
0.003550 0.024934 0.002978 244 241 198
0.006365 0.025080 0.003241 219 203 169
0.004335 0.024914 0.002706 234 227 185
0.005839 0.024954 0.002874 226 210 176
0.003890 0.024366 0.001936 227 218 179
0.005843 0.024973 0.002508 218 198 165
0.003893 0.024384 0.001569 219 207 169
0.006264 0.025556 0.002684 195 165 137
0.004379 0.024620 0.001457 211 192 159
0.005318 0.025131 0.001745 205 175 147
0.004808 0.025219 0.001255 196 165 137
0.004812 0.025237 0.000887 188 152 126
0.005292 0.025499 0.000802 180 138 116
0.004830 0.025277 0.000093 170 125 104
